sample_number,business_id,company_name,filing_financial_date,registration_date,context_period_type,context_start_date,context_end_date,taxonomy_code,taxonomy_label_fi,metric_code,metric_label_fi,value,unit,decimals,context_dimensions,source_url
1,0100123-2,Oy Emar Ab,2026-05-31,2026-06-30,instant,,2026-05-31,x1760,Muu vaihto-omaisuus,mi53,Kirjanpitoarvo,6839370.72,ISO4217_EUR,2,MCY=x1760,https://avoindata.prh.fi/opendata-xbrl-api/v3/financial?businessId=0100123-2&financialDate=2026-05-31
1,0100123-2,Oy Emar Ab,2026-05-31,2026-06-30,instant,,2025-05-31,x1760,Muu vaihto-omaisuus,mi53,Kirjanpitoarvo,6922677.67,ISO4217_EUR,2,MCY=x1760;REF=x4,https://avoindata.prh.fi/opendata-xbrl-api/v3/financial?businessId=0100123-2&financialDate=2026-05-31
1,0100123-2,Oy Emar Ab,2026-05-31,2026-06-30,instant,,2026-05-31,x807,Vaihto-omaisuus,mi53,Kirjanpitoarvo,6839370.72,ISO4217_EUR,2,MCY=x807,https://avoindata.prh.fi/opendata-xbrl-api/v3/financial?businessId=0100123-2&financialDate=2026-05-31
1,0100123-2,Oy Emar Ab,2026-05-31,2026-06-30,instant,,2025-05-31,x807,Vaihto-omaisuus,mi53,Kirjanpitoarvo,6922677.67,ISO4217_EUR,2,MCY=x807;REF=x4,https://avoindata.prh.fi/opendata-xbrl-api/v3/financial?businessId=0100123-2&financialDate=2026-05-31
1,0100123-2,Oy Emar Ab,2026-05-31,2026-06-30,instant,,2026-05-31,x1771,Lyhytaikaiset muut saamiset,mi53,Kirjanpitoarvo,12.29,ISO4217_EUR,2,MCY=x1771,https://avoindata.prh.fi/opendata-xbrl-api/v3/financial?businessId=0100123-2&financialDate=2026-05-31
1,0100123-2,Oy Emar Ab,2026-05-31,2026-06-30,instant,,2025-05-31,x1771,Lyhytaikaiset muut saamiset,mi53,Kirjanpitoarvo,5827.76,ISO4217_EUR,2,MCY=x1771;REF=x4,https://avoindata.prh.fi/opendata-xbrl-api/v3/financial?businessId=0100123-2&financialDate=2026-05-31
1,0100123-2,Oy Emar Ab,2026-05-31,2026-06-30,instant,,2026-05-31,x1775,Lyhytaikaiset siirtosaamiset,mi53,Kirjanpitoarvo,22208.13,ISO4217_EUR,2,MCY=x1775,https://avoindata.prh.fi/opendata-xbrl-api/v3/financial?businessId=0100123-2&financialDate=2026-05-31
1,0100123-2,Oy Emar Ab,2026-05-31,2026-06-30,instant,,2025-05-31,x1775,Lyhytaikaiset siirtosaamiset,mi53,Kirjanpitoarvo,1883.72,ISO4217_EUR,2,MCY=x1775;REF=x4,https://avoindata.prh.fi/opendata-xbrl-api/v3/financial?businessId=0100123-2&financialDate=2026-05-31
1,0100123-2,Oy Emar Ab,2026-05-31,2026-06-30,instant,,2026-05-31,x1768,Lyhytaikaiset saamiset,mi53,Kirjanpitoarvo,22220.42,ISO4217_EUR,2,MCY=x1768,https://avoindata.prh.fi/opendata-xbrl-api/v3/financial?businessId=0100123-2&financialDate=2026-05-31
1,0100123-2,Oy Emar Ab,2026-05-31,2026-06-30,instant,,2025-05-31,x1768,Lyhytaikaiset saamiset,mi53,Kirjanpitoarvo,7711.48,ISO4217_EUR,2,MCY=x1768;REF=x4,https://avoindata.prh.fi/opendata-xbrl-api/v3/financial?businessId=0100123-2&financialDate=2026-05-31
1,0100123-2,Oy Emar Ab,2026-05-31,2026-06-30,instant,,2026-05-31,x438,Saamiset,mi53,Kirjanpitoarvo,22220.42,ISO4217_EUR,2,MCY=x438,https://avoindata.prh.fi/opendata-xbrl-api/v3/financial?businessId=0100123-2&financialDate=2026-05-31
1,0100123-2,Oy Emar Ab,2026-05-31,2026-06-30,instant,,2025-05-31,x438,Saamiset,mi53,Kirjanpitoarvo,7711.48,ISO4217_EUR,2,MCY=x438;REF=x4,https://avoindata.prh.fi/opendata-xbrl-api/v3/financial?businessId=0100123-2&financialDate=2026-05-31
1,0100123-2,Oy Emar Ab,2026-05-31,2026-06-30,instant,,2026-05-31,x399,Rahat ja pankkisaamiset,mi53,Kirjanpitoarvo,365629.52,ISO4217_EUR,2,MCY=x399,https://avoindata.prh.fi/opendata-xbrl-api/v3/financial?businessId=0100123-2&financialDate=2026-05-31
1,0100123-2,Oy Emar Ab,2026-05-31,2026-06-30,instant,,2025-05-31,x399,Rahat ja pankkisaamiset,mi53,Kirjanpitoarvo,778147.04,ISO4217_EUR,2,MCY=x399;REF=x4,https://avoindata.prh.fi/opendata-xbrl-api/v3/financial?businessId=0100123-2&financialDate=2026-05-31
1,0100123-2,Oy Emar Ab,2026-05-31,2026-06-30,instant,,2026-05-31,x435,Vaihtuvat vastaavat,mi53,Kirjanpitoarvo,7227220.66,ISO4217_EUR,2,MCY=x435,https://avoindata.prh.fi/opendata-xbrl-api/v3/financial?businessId=0100123-2&financialDate=2026-05-31
1,0100123-2,Oy Emar Ab,2026-05-31,2026-06-30,instant,,2025-05-31,x435,Vaihtuvat vastaavat,mi53,Kirjanpitoarvo,7708536.19,ISO4217_EUR,2,MCY=x435;REF=x4,https://avoindata.prh.fi/opendata-xbrl-api/v3/financial?businessId=0100123-2&financialDate=2026-05-31
1,0100123-2,Oy Emar Ab,2026-05-31,2026-06-30,instant,,2026-05-31,x360,Vastaavaa,mi53,Kirjanpitoarvo,7227220.66,ISO4217_EUR,2,MCY=x360,https://avoindata.prh.fi/opendata-xbrl-api/v3/financial?businessId=0100123-2&financialDate=2026-05-31
1,0100123-2,Oy Emar Ab,2026-05-31,2026-06-30,instant,,2025-05-31,x360,Vastaavaa,mi53,Kirjanpitoarvo,7708536.19,ISO4217_EUR,2,MCY=x360;REF=x4,https://avoindata.prh.fi/opendata-xbrl-api/v3/financial?businessId=0100123-2&financialDate=2026-05-31
1,0100123-2,Oy Emar Ab,2026-05-31,2026-06-30,instant,,2026-05-31,x4116,"Osake-, osuus- tai muu vastaava pääoma",mi53,Kirjanpitoarvo,33637.59,ISO4217_EUR,2,MCY=x4116,https://avoindata.prh.fi/opendata-xbrl-api/v3/financial?businessId=0100123-2&financialDate=2026-05-31
1,0100123-2,Oy Emar Ab,2026-05-31,2026-06-30,instant,,2025-05-31,x4116,"Osake-, osuus- tai muu vastaava pääoma",mi53,Kirjanpitoarvo,33637.59,ISO4217_EUR,2,MCY=x4116;REF=x4,https://avoindata.prh.fi/opendata-xbrl-api/v3/financial?businessId=0100123-2&financialDate=2026-05-31
1,0100123-2,Oy Emar Ab,2026-05-31,2026-06-30,instant,,2026-05-31,x925,Vararahasto,mi53,Kirjanpitoarvo,16902.89,ISO4217_EUR,2,MCY=x925,https://avoindata.prh.fi/opendata-xbrl-api/v3/financial?businessId=0100123-2&financialDate=2026-05-31
1,0100123-2,Oy Emar Ab,2026-05-31,2026-06-30,instant,,2025-05-31,x925,Vararahasto,mi53,Kirjanpitoarvo,16902.89,ISO4217_EUR,2,MCY=x925;REF=x4,https://avoindata.prh.fi/opendata-xbrl-api/v3/financial?businessId=0100123-2&financialDate=2026-05-31
1,0100123-2,Oy Emar Ab,2026-05-31,2026-06-30,instant,,2026-05-31,x932,Edellisten tilikausien voitto (tappio),mi53,Kirjanpitoarvo,7229773.46,ISO4217_EUR,2,MCY=x932,https://avoindata.prh.fi/opendata-xbrl-api/v3/financial?businessId=0100123-2&financialDate=2026-05-31
1,0100123-2,Oy Emar Ab,2026-05-31,2026-06-30,instant,,2025-05-31,x932,Edellisten tilikausien voitto (tappio),mi53,Kirjanpitoarvo,6846139.93,ISO4217_EUR,2,MCY=x932;REF=x4,https://avoindata.prh.fi/opendata-xbrl-api/v3/financial?businessId=0100123-2&financialDate=2026-05-31
1,0100123-2,Oy Emar Ab,2026-05-31,2026-06-30,instant,,2026-05-31,x2895,"Tilikauden voitto (tappio), oma pääoma",mi53,Kirjanpitoarvo,-75390.48,ISO4217_EUR,2,MCY=x2895,https://avoindata.prh.fi/opendata-xbrl-api/v3/financial?businessId=0100123-2&financialDate=2026-05-31
1,0100123-2,Oy Emar Ab,2026-05-31,2026-06-30,instant,,2025-05-31,x2895,"Tilikauden voitto (tappio), oma pääoma",mi53,Kirjanpitoarvo,656673.53,ISO4217_EUR,2,MCY=x2895;REF=x4,https://avoindata.prh.fi/opendata-xbrl-api/v3/financial?businessId=0100123-2&financialDate=2026-05-31
1,0100123-2,Oy Emar Ab,2026-05-31,2026-06-30,instant,,2026-05-31,x376,Oma pääoma,mi53,Kirjanpitoarvo,7204923.46,ISO4217_EUR,2,MCY=x376,https://avoindata.prh.fi/opendata-xbrl-api/v3/financial?businessId=0100123-2&financialDate=2026-05-31
1,0100123-2,Oy Emar Ab,2026-05-31,2026-06-30,instant,,2025-05-31,x376,Oma pääoma,mi53,Kirjanpitoarvo,7553353.94,ISO4217_EUR,2,MCY=x376;REF=x4,https://avoindata.prh.fi/opendata-xbrl-api/v3/financial?businessId=0100123-2&financialDate=2026-05-31
1,0100123-2,Oy Emar Ab,2026-05-31,2026-06-30,instant,,2026-05-31,x1819,Lyhytaikaiset ostovelat,mi53,Kirjanpitoarvo,14727.21,ISO4217_EUR,2,MCY=x1819,https://avoindata.prh.fi/opendata-xbrl-api/v3/financial?businessId=0100123-2&financialDate=2026-05-31
1,0100123-2,Oy Emar Ab,2026-05-31,2026-06-30,instant,,2025-05-31,x1819,Lyhytaikaiset ostovelat,mi53,Kirjanpitoarvo,2315.43,ISO4217_EUR,2,MCY=x1819;REF=x4,https://avoindata.prh.fi/opendata-xbrl-api/v3/financial?businessId=0100123-2&financialDate=2026-05-31
1,0100123-2,Oy Emar Ab,2026-05-31,2026-06-30,instant,,2026-05-31,x1825,Lyhytaikaiset muut velat,mi53,Kirjanpitoarvo,-0.01,ISO4217_EUR,2,MCY=x1825,https://avoindata.prh.fi/opendata-xbrl-api/v3/financial?businessId=0100123-2&financialDate=2026-05-31
1,0100123-2,Oy Emar Ab,2026-05-31,2026-06-30,instant,,2025-05-31,x1825,Lyhytaikaiset muut velat,mi53,Kirjanpitoarvo,3108.39,ISO4217_EUR,2,MCY=x1825;REF=x4,https://avoindata.prh.fi/opendata-xbrl-api/v3/financial?businessId=0100123-2&financialDate=2026-05-31
1,0100123-2,Oy Emar Ab,2026-05-31,2026-06-30,instant,,2026-05-31,x1826,Lyhytaikaiset siirtovelat,mi53,Kirjanpitoarvo,7570.00,ISO4217_EUR,2,MCY=x1826,https://avoindata.prh.fi/opendata-xbrl-api/v3/financial?businessId=0100123-2&financialDate=2026-05-31
1,0100123-2,Oy Emar Ab,2026-05-31,2026-06-30,instant,,2025-05-31,x1826,Lyhytaikaiset siirtovelat,mi53,Kirjanpitoarvo,149758.43,ISO4217_EUR,2,MCY=x1826;REF=x4,https://avoindata.prh.fi/opendata-xbrl-api/v3/financial?businessId=0100123-2&financialDate=2026-05-31
1,0100123-2,Oy Emar Ab,2026-05-31,2026-06-30,instant,,2026-05-31,x1811,Lyhytaikainen vieras pääoma,mi53,Kirjanpitoarvo,22297.20,ISO4217_EUR,2,MCY=x1811,https://avoindata.prh.fi/opendata-xbrl-api/v3/financial?businessId=0100123-2&financialDate=2026-05-31
1,0100123-2,Oy Emar Ab,2026-05-31,2026-06-30,instant,,2025-05-31,x1811,Lyhytaikainen vieras pääoma,mi53,Kirjanpitoarvo,155182.25,ISO4217_EUR,2,MCY=x1811;REF=x4,https://avoindata.prh.fi/opendata-xbrl-api/v3/financial?businessId=0100123-2&financialDate=2026-05-31
1,0100123-2,Oy Emar Ab,2026-05-31,2026-06-30,instant,,2026-05-31,x424,Vieras pääoma,mi53,Kirjanpitoarvo,22297.20,ISO4217_EUR,2,MCY=x424,https://avoindata.prh.fi/opendata-xbrl-api/v3/financial?businessId=0100123-2&financialDate=2026-05-31
1,0100123-2,Oy Emar Ab,2026-05-31,2026-06-30,instant,,2025-05-31,x424,Vieras pääoma,mi53,Kirjanpitoarvo,155182.25,ISO4217_EUR,2,MCY=x424;REF=x4,https://avoindata.prh.fi/opendata-xbrl-api/v3/financial?businessId=0100123-2&financialDate=2026-05-31
1,0100123-2,Oy Emar Ab,2026-05-31,2026-06-30,instant,,2026-05-31,x481,Vastattavaa,mi53,Kirjanpitoarvo,7227220.66,ISO4217_EUR,2,MCY=x481,https://avoindata.prh.fi/opendata-xbrl-api/v3/financial?businessId=0100123-2&financialDate=2026-05-31
1,0100123-2,Oy Emar Ab,2026-05-31,2026-06-30,instant,,2025-05-31,x481,Vastattavaa,mi53,Kirjanpitoarvo,7708536.19,ISO4217_EUR,2,MCY=x481;REF=x4,https://avoindata.prh.fi/opendata-xbrl-api/v3/financial?businessId=0100123-2&financialDate=2026-05-31
1,0100123-2,Oy Emar Ab,2026-05-31,2026-06-30,instant,,2026-05-31,x673,Liikevaihto,md103,Tilikauden rahallinen kertymä,106759.43,ISO4217_EUR,2,MCY=x673,https://avoindata.prh.fi/opendata-xbrl-api/v3/financial?businessId=0100123-2&financialDate=2026-05-31
1,0100123-2,Oy Emar Ab,2026-05-31,2026-06-30,instant,,2025-05-31,x673,Liikevaihto,md103,Tilikauden rahallinen kertymä,851598.29,ISO4217_EUR,2,MCY=x673;REF=x53,https://avoindata.prh.fi/opendata-xbrl-api/v3/financial?businessId=0100123-2&financialDate=2026-05-31
1,0100123-2,Oy Emar Ab,2026-05-31,2026-06-30,instant,,2026-05-31,x49,Liiketoiminnan muut tuotot,md103,Tilikauden rahallinen kertymä,0.00,ISO4217_EUR,2,MCY=x49,https://avoindata.prh.fi/opendata-xbrl-api/v3/financial?businessId=0100123-2&financialDate=2026-05-31
1,0100123-2,Oy Emar Ab,2026-05-31,2026-06-30,instant,,2025-05-31,x49,Liiketoiminnan muut tuotot,md103,Tilikauden rahallinen kertymä,759003.68,ISO4217_EUR,2,MCY=x49;REF=x53,https://avoindata.prh.fi/opendata-xbrl-api/v3/financial?businessId=0100123-2&financialDate=2026-05-31
1,0100123-2,Oy Emar Ab,2026-05-31,2026-06-30,instant,,2026-05-31,x755,Ostot tilikauden aikana,md103,Tilikauden rahallinen kertymä,53081.00,ISO4217_EUR,2,MCY=x755,https://avoindata.prh.fi/opendata-xbrl-api/v3/financial?businessId=0100123-2&financialDate=2026-05-31
1,0100123-2,Oy Emar Ab,2026-05-31,2026-06-30,instant,,2025-05-31,x755,Ostot tilikauden aikana,md103,Tilikauden rahallinen kertymä,1345306.40,ISO4217_EUR,2,MCY=x755;REF=x53,https://avoindata.prh.fi/opendata-xbrl-api/v3/financial?businessId=0100123-2&financialDate=2026-05-31
1,0100123-2,Oy Emar Ab,2026-05-31,2026-06-30,instant,,2026-05-31,x544,Varastojen lisäys (+) tai vähennys (-),md103,Tilikauden rahallinen kertymä,83306.95,ISO4217_EUR,2,MCY=x544,https://avoindata.prh.fi/opendata-xbrl-api/v3/financial?businessId=0100123-2&financialDate=2026-05-31
1,0100123-2,Oy Emar Ab,2026-05-31,2026-06-30,instant,,2025-05-31,x544,Varastojen lisäys (+) tai vähennys (-),md103,Tilikauden rahallinen kertymä,-649418.49,ISO4217_EUR,2,MCY=x544;REF=x53,https://avoindata.prh.fi/opendata-xbrl-api/v3/financial?businessId=0100123-2&financialDate=2026-05-31
1,0100123-2,Oy Emar Ab,2026-05-31,2026-06-30,instant,,2026-05-31,x10,Palvelujen ostot,md103,Tilikauden rahallinen kertymä,0.00,ISO4217_EUR,2,MCY=x10,https://avoindata.prh.fi/opendata-xbrl-api/v3/financial?businessId=0100123-2&financialDate=2026-05-31
1,0100123-2,Oy Emar Ab,2026-05-31,2026-06-30,instant,,2025-05-31,x10,Palvelujen ostot,md103,Tilikauden rahallinen kertymä,34050.00,ISO4217_EUR,2,MCY=x10;REF=x53,https://avoindata.prh.fi/opendata-xbrl-api/v3/financial?businessId=0100123-2&financialDate=2026-05-31
1,0100123-2,Oy Emar Ab,2026-05-31,2026-06-30,instant,,2026-05-31,x758,Materiaalit ja palvelut,md103,Tilikauden rahallinen kertymä,136387.95,ISO4217_EUR,2,MCY=x758,https://avoindata.prh.fi/opendata-xbrl-api/v3/financial?businessId=0100123-2&financialDate=2026-05-31
1,0100123-2,Oy Emar Ab,2026-05-31,2026-06-30,instant,,2025-05-31,x758,Materiaalit ja palvelut,md103,Tilikauden rahallinen kertymä,729937.91,ISO4217_EUR,2,MCY=x758;REF=x53,https://avoindata.prh.fi/opendata-xbrl-api/v3/financial?businessId=0100123-2&financialDate=2026-05-31
1,0100123-2,Oy Emar Ab,2026-05-31,2026-06-30,instant,,2026-05-31,x449,Suunnitelman mukaiset poistot,md103,Tilikauden rahallinen kertymä,0.00,ISO4217_EUR,2,MCY=x449,https://avoindata.prh.fi/opendata-xbrl-api/v3/financial?businessId=0100123-2&financialDate=2026-05-31
1,0100123-2,Oy Emar Ab,2026-05-31,2026-06-30,instant,,2025-05-31,x449,Suunnitelman mukaiset poistot,md103,Tilikauden rahallinen kertymä,803.64,ISO4217_EUR,2,MCY=x449;REF=x53,https://avoindata.prh.fi/opendata-xbrl-api/v3/financial?businessId=0100123-2&financialDate=2026-05-31
1,0100123-2,Oy Emar Ab,2026-05-31,2026-06-30,instant,,2026-05-31,x448,Poistot ja arvonalentumiset,md103,Tilikauden rahallinen kertymä,0.00,ISO4217_EUR,2,MCY=x448,https://avoindata.prh.fi/opendata-xbrl-api/v3/financial?businessId=0100123-2&financialDate=2026-05-31
1,0100123-2,Oy Emar Ab,2026-05-31,2026-06-30,instant,,2025-05-31,x448,Poistot ja arvonalentumiset,md103,Tilikauden rahallinen kertymä,803.64,ISO4217_EUR,2,MCY=x448;REF=x53,https://avoindata.prh.fi/opendata-xbrl-api/v3/financial?businessId=0100123-2&financialDate=2026-05-31
1,0100123-2,Oy Emar Ab,2026-05-31,2026-06-30,instant,,2026-05-31,x1869,Liiketoiminnan muut kulut,md103,Tilikauden rahallinen kertymä,47008.88,ISO4217_EUR,2,MCY=x1869,https://avoindata.prh.fi/opendata-xbrl-api/v3/financial?businessId=0100123-2&financialDate=2026-05-31
1,0100123-2,Oy Emar Ab,2026-05-31,2026-06-30,instant,,2025-05-31,x1869,Liiketoiminnan muut kulut,md103,Tilikauden rahallinen kertymä,70456.53,ISO4217_EUR,2,MCY=x1869;REF=x53,https://avoindata.prh.fi/opendata-xbrl-api/v3/financial?businessId=0100123-2&financialDate=2026-05-31
1,0100123-2,Oy Emar Ab,2026-05-31,2026-06-30,instant,,2026-05-31,x689,Liikevoitto (-tappio),md103,Tilikauden rahallinen kertymä,-76637.40,ISO4217_EUR,2,MCY=x689,https://avoindata.prh.fi/opendata-xbrl-api/v3/financial?businessId=0100123-2&financialDate=2026-05-31
1,0100123-2,Oy Emar Ab,2026-05-31,2026-06-30,instant,,2025-05-31,x689,Liikevoitto (-tappio),md103,Tilikauden rahallinen kertymä,809403.89,ISO4217_EUR,2,MCY=x689;REF=x53,https://avoindata.prh.fi/opendata-xbrl-api/v3/financial?businessId=0100123-2&financialDate=2026-05-31
1,0100123-2,Oy Emar Ab,2026-05-31,2026-06-30,instant,,2026-05-31,x4014,Muut korko- ja rahoitustuotot muilta kuin saman konsernin yrityksiltä,md103,Tilikauden rahallinen kertymä,3459.44,ISO4217_EUR,2,MCY=x4014,https://avoindata.prh.fi/opendata-xbrl-api/v3/financial?businessId=0100123-2&financialDate=2026-05-31
1,0100123-2,Oy Emar Ab,2026-05-31,2026-06-30,instant,,2025-05-31,x4014,Muut korko- ja rahoitustuotot muilta kuin saman konsernin yrityksiltä,md103,Tilikauden rahallinen kertymä,11460.56,ISO4217_EUR,2,MCY=x4014;REF=x53,https://avoindata.prh.fi/opendata-xbrl-api/v3/financial?businessId=0100123-2&financialDate=2026-05-31
1,0100123-2,Oy Emar Ab,2026-05-31,2026-06-30,instant,,2026-05-31,x4046,Korkokulut- ja muut rahoituskulut muille kuin saman konsernin yrityksille,md103,Tilikauden rahallinen kertymä,2229.87,ISO4217_EUR,2,MCY=x4046,https://avoindata.prh.fi/opendata-xbrl-api/v3/financial?businessId=0100123-2&financialDate=2026-05-31
1,0100123-2,Oy Emar Ab,2026-05-31,2026-06-30,instant,,2025-05-31,x4046,Korkokulut- ja muut rahoituskulut muille kuin saman konsernin yrityksille,md103,Tilikauden rahallinen kertymä,18.00,ISO4217_EUR,2,MCY=x4046;REF=x53,https://avoindata.prh.fi/opendata-xbrl-api/v3/financial?businessId=0100123-2&financialDate=2026-05-31
1,0100123-2,Oy Emar Ab,2026-05-31,2026-06-30,instant,,2026-05-31,x12,Rahoitustuotot ja -kulut + (-),md103,Tilikauden rahallinen kertymä,-1229.57,ISO4217_EUR,2,MCY=x12,https://avoindata.prh.fi/opendata-xbrl-api/v3/financial?businessId=0100123-2&financialDate=2026-05-31
1,0100123-2,Oy Emar Ab,2026-05-31,2026-06-30,instant,,2025-05-31,x12,Rahoitustuotot ja -kulut + (-),md103,Tilikauden rahallinen kertymä,-11442.56,ISO4217_EUR,2,MCY=x12;REF=x53,https://avoindata.prh.fi/opendata-xbrl-api/v3/financial?businessId=0100123-2&financialDate=2026-05-31
1,0100123-2,Oy Emar Ab,2026-05-31,2026-06-30,instant,,2026-05-31,x738,Voitto (tappio) ennen tilinpäätössiirtoja ja veroja,md103,Tilikauden rahallinen kertymä,-75407.83,ISO4217_EUR,2,MCY=x738,https://avoindata.prh.fi/opendata-xbrl-api/v3/financial?businessId=0100123-2&financialDate=2026-05-31
1,0100123-2,Oy Emar Ab,2026-05-31,2026-06-30,instant,,2025-05-31,x738,Voitto (tappio) ennen tilinpäätössiirtoja ja veroja,md103,Tilikauden rahallinen kertymä,820846.45,ISO4217_EUR,2,MCY=x738;REF=x53,https://avoindata.prh.fi/opendata-xbrl-api/v3/financial?businessId=0100123-2&financialDate=2026-05-31
1,0100123-2,Oy Emar Ab,2026-05-31,2026-06-30,instant,,2026-05-31,x541,Tuloverot,md103,Tilikauden rahallinen kertymä,-17.35,ISO4217_EUR,2,MCY=x541,https://avoindata.prh.fi/opendata-xbrl-api/v3/financial?businessId=0100123-2&financialDate=2026-05-31
1,0100123-2,Oy Emar Ab,2026-05-31,2026-06-30,instant,,2025-05-31,x541,Tuloverot,md103,Tilikauden rahallinen kertymä,164172.92,ISO4217_EUR,2,MCY=x541;REF=x53,https://avoindata.prh.fi/opendata-xbrl-api/v3/financial?businessId=0100123-2&financialDate=2026-05-31
1,0100123-2,Oy Emar Ab,2026-05-31,2026-06-30,instant,,2026-05-31,x740,Tilikauden voitto (tappio),md103,Tilikauden rahallinen kertymä,-75390.48,ISO4217_EUR,2,MCY=x740,https://avoindata.prh.fi/opendata-xbrl-api/v3/financial?businessId=0100123-2&financialDate=2026-05-31
1,0100123-2,Oy Emar Ab,2026-05-31,2026-06-30,instant,,2025-05-31,x740,Tilikauden voitto (tappio),md103,Tilikauden rahallinen kertymä,656673.53,ISO4217_EUR,2,MCY=x740;REF=x53,https://avoindata.prh.fi/opendata-xbrl-api/v3/financial?businessId=0100123-2&financialDate=2026-05-31
2,0106659-7,Art House Oy,2025-12-31,2026-06-30,instant,,2025-12-31,x1036,Koneet ja kalusto,mi53,Kirjanpitoarvo,1267.21,ISO4217_EUR,2,MCY=x1036,https://avoindata.prh.fi/opendata-xbrl-api/v3/financial?businessId=0106659-7&financialDate=2025-12-31
2,0106659-7,Art House Oy,2025-12-31,2026-06-30,instant,,2024-12-31,x1036,Koneet ja kalusto,mi53,Kirjanpitoarvo,1689.61,ISO4217_EUR,2,MCY=x1036;REF=x4,https://avoindata.prh.fi/opendata-xbrl-api/v3/financial?businessId=0106659-7&financialDate=2025-12-31
2,0106659-7,Art House Oy,2025-12-31,2026-06-30,instant,,2025-12-31,x816,Aineelliset hyödykkeet,mi53,Kirjanpitoarvo,1267.21,ISO4217_EUR,2,MCY=x816,https://avoindata.prh.fi/opendata-xbrl-api/v3/financial?businessId=0106659-7&financialDate=2025-12-31
2,0106659-7,Art House Oy,2025-12-31,2026-06-30,instant,,2024-12-31,x816,Aineelliset hyödykkeet,mi53,Kirjanpitoarvo,1689.61,ISO4217_EUR,2,MCY=x816;REF=x4,https://avoindata.prh.fi/opendata-xbrl-api/v3/financial?businessId=0106659-7&financialDate=2025-12-31
2,0106659-7,Art House Oy,2025-12-31,2026-06-30,instant,,2025-12-31,x1742,Muut osakkeet ja osuudet,mi53,Kirjanpitoarvo,100.00,ISO4217_EUR,2,MCY=x1742,https://avoindata.prh.fi/opendata-xbrl-api/v3/financial?businessId=0106659-7&financialDate=2025-12-31
2,0106659-7,Art House Oy,2025-12-31,2026-06-30,instant,,2024-12-31,x1742,Muut osakkeet ja osuudet,mi53,Kirjanpitoarvo,100.00,ISO4217_EUR,2,MCY=x1742;REF=x4,https://avoindata.prh.fi/opendata-xbrl-api/v3/financial?businessId=0106659-7&financialDate=2025-12-31
2,0106659-7,Art House Oy,2025-12-31,2026-06-30,instant,,2025-12-31,x583,Sijoitukset,mi53,Kirjanpitoarvo,100.00,ISO4217_EUR,2,MCY=x583,https://avoindata.prh.fi/opendata-xbrl-api/v3/financial?businessId=0106659-7&financialDate=2025-12-31
2,0106659-7,Art House Oy,2025-12-31,2026-06-30,instant,,2024-12-31,x583,Sijoitukset,mi53,Kirjanpitoarvo,100.00,ISO4217_EUR,2,MCY=x583;REF=x4,https://avoindata.prh.fi/opendata-xbrl-api/v3/financial?businessId=0106659-7&financialDate=2025-12-31
2,0106659-7,Art House Oy,2025-12-31,2026-06-30,instant,,2025-12-31,x513,Pysyvät vastaavat,mi53,Kirjanpitoarvo,1367.21,ISO4217_EUR,2,MCY=x513,https://avoindata.prh.fi/opendata-xbrl-api/v3/financial?businessId=0106659-7&financialDate=2025-12-31
2,0106659-7,Art House Oy,2025-12-31,2026-06-30,instant,,2024-12-31,x513,Pysyvät vastaavat,mi53,Kirjanpitoarvo,1789.61,ISO4217_EUR,2,MCY=x513;REF=x4,https://avoindata.prh.fi/opendata-xbrl-api/v3/financial?businessId=0106659-7&financialDate=2025-12-31
2,0106659-7,Art House Oy,2025-12-31,2026-06-30,instant,,2025-12-31,x1758,Keskeneräiset tuotteet,mi53,Kirjanpitoarvo,31302.11,ISO4217_EUR,2,MCY=x1758,https://avoindata.prh.fi/opendata-xbrl-api/v3/financial?businessId=0106659-7&financialDate=2025-12-31
2,0106659-7,Art House Oy,2025-12-31,2026-06-30,instant,,2024-12-31,x1758,Keskeneräiset tuotteet,mi53,Kirjanpitoarvo,0.00,ISO4217_EUR,2,MCY=x1758;REF=x4,https://avoindata.prh.fi/opendata-xbrl-api/v3/financial?businessId=0106659-7&financialDate=2025-12-31
2,0106659-7,Art House Oy,2025-12-31,2026-06-30,instant,,2025-12-31,x1759,Valmiit tuotteet,mi53,Kirjanpitoarvo,256217.11,ISO4217_EUR,2,MCY=x1759,https://avoindata.prh.fi/opendata-xbrl-api/v3/financial?businessId=0106659-7&financialDate=2025-12-31
2,0106659-7,Art House Oy,2025-12-31,2026-06-30,instant,,2024-12-31,x1759,Valmiit tuotteet,mi53,Kirjanpitoarvo,203713.35,ISO4217_EUR,2,MCY=x1759;REF=x4,https://avoindata.prh.fi/opendata-xbrl-api/v3/financial?businessId=0106659-7&financialDate=2025-12-31
2,0106659-7,Art House Oy,2025-12-31,2026-06-30,instant,,2025-12-31,x807,Vaihto-omaisuus,mi53,Kirjanpitoarvo,287519.22,ISO4217_EUR,2,MCY=x807,https://avoindata.prh.fi/opendata-xbrl-api/v3/financial?businessId=0106659-7&financialDate=2025-12-31
2,0106659-7,Art House Oy,2025-12-31,2026-06-30,instant,,2024-12-31,x807,Vaihto-omaisuus,mi53,Kirjanpitoarvo,203713.35,ISO4217_EUR,2,MCY=x807;REF=x4,https://avoindata.prh.fi/opendata-xbrl-api/v3/financial?businessId=0106659-7&financialDate=2025-12-31
2,0106659-7,Art House Oy,2025-12-31,2026-06-30,instant,,2025-12-31,x1769,Lyhytaikaiset myyntisaamiset,mi53,Kirjanpitoarvo,48290.46,ISO4217_EUR,2,MCY=x1769,https://avoindata.prh.fi/opendata-xbrl-api/v3/financial?businessId=0106659-7&financialDate=2025-12-31
2,0106659-7,Art House Oy,2025-12-31,2026-06-30,instant,,2024-12-31,x1769,Lyhytaikaiset myyntisaamiset,mi53,Kirjanpitoarvo,37078.16,ISO4217_EUR,2,MCY=x1769;REF=x4,https://avoindata.prh.fi/opendata-xbrl-api/v3/financial?businessId=0106659-7&financialDate=2025-12-31
2,0106659-7,Art House Oy,2025-12-31,2026-06-30,instant,,2025-12-31,x1771,Lyhytaikaiset muut saamiset,mi53,Kirjanpitoarvo,2907.69,ISO4217_EUR,2,MCY=x1771,https://avoindata.prh.fi/opendata-xbrl-api/v3/financial?businessId=0106659-7&financialDate=2025-12-31
2,0106659-7,Art House Oy,2025-12-31,2026-06-30,instant,,2024-12-31,x1771,Lyhytaikaiset muut saamiset,mi53,Kirjanpitoarvo,2590.00,ISO4217_EUR,2,MCY=x1771;REF=x4,https://avoindata.prh.fi/opendata-xbrl-api/v3/financial?businessId=0106659-7&financialDate=2025-12-31
2,0106659-7,Art House Oy,2025-12-31,2026-06-30,instant,,2025-12-31,x1775,Lyhytaikaiset siirtosaamiset,mi53,Kirjanpitoarvo,3041.36,ISO4217_EUR,2,MCY=x1775,https://avoindata.prh.fi/opendata-xbrl-api/v3/financial?businessId=0106659-7&financialDate=2025-12-31
2,0106659-7,Art House Oy,2025-12-31,2026-06-30,instant,,2024-12-31,x1775,Lyhytaikaiset siirtosaamiset,mi53,Kirjanpitoarvo,1776.18,ISO4217_EUR,2,MCY=x1775;REF=x4,https://avoindata.prh.fi/opendata-xbrl-api/v3/financial?businessId=0106659-7&financialDate=2025-12-31
2,0106659-7,Art House Oy,2025-12-31,2026-06-30,instant,,2025-12-31,x1768,Lyhytaikaiset saamiset,mi53,Kirjanpitoarvo,54239.51,ISO4217_EUR,2,MCY=x1768,https://avoindata.prh.fi/opendata-xbrl-api/v3/financial?businessId=0106659-7&financialDate=2025-12-31
2,0106659-7,Art House Oy,2025-12-31,2026-06-30,instant,,2024-12-31,x1768,Lyhytaikaiset saamiset,mi53,Kirjanpitoarvo,41444.34,ISO4217_EUR,2,MCY=x1768;REF=x4,https://avoindata.prh.fi/opendata-xbrl-api/v3/financial?businessId=0106659-7&financialDate=2025-12-31
2,0106659-7,Art House Oy,2025-12-31,2026-06-30,instant,,2025-12-31,x438,Saamiset,mi53,Kirjanpitoarvo,54239.51,ISO4217_EUR,2,MCY=x438,https://avoindata.prh.fi/opendata-xbrl-api/v3/financial?businessId=0106659-7&financialDate=2025-12-31
2,0106659-7,Art House Oy,2025-12-31,2026-06-30,instant,,2024-12-31,x438,Saamiset,mi53,Kirjanpitoarvo,41444.34,ISO4217_EUR,2,MCY=x438;REF=x4,https://avoindata.prh.fi/opendata-xbrl-api/v3/financial?businessId=0106659-7&financialDate=2025-12-31
2,0106659-7,Art House Oy,2025-12-31,2026-06-30,instant,,2025-12-31,x399,Rahat ja pankkisaamiset,mi53,Kirjanpitoarvo,673.91,ISO4217_EUR,2,MCY=x399,https://avoindata.prh.fi/opendata-xbrl-api/v3/financial?businessId=0106659-7&financialDate=2025-12-31
2,0106659-7,Art House Oy,2025-12-31,2026-06-30,instant,,2024-12-31,x399,Rahat ja pankkisaamiset,mi53,Kirjanpitoarvo,14935.25,ISO4217_EUR,2,MCY=x399;REF=x4,https://avoindata.prh.fi/opendata-xbrl-api/v3/financial?businessId=0106659-7&financialDate=2025-12-31
2,0106659-7,Art House Oy,2025-12-31,2026-06-30,instant,,2025-12-31,x435,Vaihtuvat vastaavat,mi53,Kirjanpitoarvo,342432.64,ISO4217_EUR,2,MCY=x435,https://avoindata.prh.fi/opendata-xbrl-api/v3/financial?businessId=0106659-7&financialDate=2025-12-31
2,0106659-7,Art House Oy,2025-12-31,2026-06-30,instant,,2024-12-31,x435,Vaihtuvat vastaavat,mi53,Kirjanpitoarvo,260092.94,ISO4217_EUR,2,MCY=x435;REF=x4,https://avoindata.prh.fi/opendata-xbrl-api/v3/financial?businessId=0106659-7&financialDate=2025-12-31
2,0106659-7,Art House Oy,2025-12-31,2026-06-30,instant,,2025-12-31,x360,Vastaavaa,mi53,Kirjanpitoarvo,343799.85,ISO4217_EUR,2,MCY=x360,https://avoindata.prh.fi/opendata-xbrl-api/v3/financial?businessId=0106659-7&financialDate=2025-12-31
2,0106659-7,Art House Oy,2025-12-31,2026-06-30,instant,,2024-12-31,x360,Vastaavaa,mi53,Kirjanpitoarvo,261882.55,ISO4217_EUR,2,MCY=x360;REF=x4,https://avoindata.prh.fi/opendata-xbrl-api/v3/financial?businessId=0106659-7&financialDate=2025-12-31
2,0106659-7,Art House Oy,2025-12-31,2026-06-30,instant,,2025-12-31,x4116,"Osake-, osuus- tai muu vastaava pääoma",mi53,Kirjanpitoarvo,336375.85,ISO4217_EUR,2,MCY=x4116,https://avoindata.prh.fi/opendata-xbrl-api/v3/financial?businessId=0106659-7&financialDate=2025-12-31
2,0106659-7,Art House Oy,2025-12-31,2026-06-30,instant,,2024-12-31,x4116,"Osake-, osuus- tai muu vastaava pääoma",mi53,Kirjanpitoarvo,336375.85,ISO4217_EUR,2,MCY=x4116;REF=x4,https://avoindata.prh.fi/opendata-xbrl-api/v3/financial?businessId=0106659-7&financialDate=2025-12-31
2,0106659-7,Art House Oy,2025-12-31,2026-06-30,instant,,2025-12-31,x932,Edellisten tilikausien voitto (tappio),mi53,Kirjanpitoarvo,-234512.52,ISO4217_EUR,2,MCY=x932,https://avoindata.prh.fi/opendata-xbrl-api/v3/financial?businessId=0106659-7&financialDate=2025-12-31
2,0106659-7,Art House Oy,2025-12-31,2026-06-30,instant,,2024-12-31,x932,Edellisten tilikausien voitto (tappio),mi53,Kirjanpitoarvo,-154479.07,ISO4217_EUR,2,MCY=x932;REF=x4,https://avoindata.prh.fi/opendata-xbrl-api/v3/financial?businessId=0106659-7&financialDate=2025-12-31
2,0106659-7,Art House Oy,2025-12-31,2026-06-30,instant,,2025-12-31,x2895,"Tilikauden voitto (tappio), oma pääoma",mi53,Kirjanpitoarvo,-59133.19,ISO4217_EUR,2,MCY=x2895,https://avoindata.prh.fi/opendata-xbrl-api/v3/financial?businessId=0106659-7&financialDate=2025-12-31
2,0106659-7,Art House Oy,2025-12-31,2026-06-30,instant,,2024-12-31,x2895,"Tilikauden voitto (tappio), oma pääoma",mi53,Kirjanpitoarvo,-80033.45,ISO4217_EUR,2,MCY=x2895;REF=x4,https://avoindata.prh.fi/opendata-xbrl-api/v3/financial?businessId=0106659-7&financialDate=2025-12-31
2,0106659-7,Art House Oy,2025-12-31,2026-06-30,instant,,2025-12-31,x376,Oma pääoma,mi53,Kirjanpitoarvo,42730.14,ISO4217_EUR,2,MCY=x376,https://avoindata.prh.fi/opendata-xbrl-api/v3/financial?businessId=0106659-7&financialDate=2025-12-31
2,0106659-7,Art House Oy,2025-12-31,2026-06-30,instant,,2024-12-31,x376,Oma pääoma,mi53,Kirjanpitoarvo,101863.33,ISO4217_EUR,2,MCY=x376;REF=x4,https://avoindata.prh.fi/opendata-xbrl-api/v3/financial?businessId=0106659-7&financialDate=2025-12-31
2,0106659-7,Art House Oy,2025-12-31,2026-06-30,instant,,2025-12-31,x3023,Lyhytaikaiset lainat rahoituslaitoksilta,mi53,Kirjanpitoarvo,40396.43,ISO4217_EUR,2,MCY=x3023,https://avoindata.prh.fi/opendata-xbrl-api/v3/financial?businessId=0106659-7&financialDate=2025-12-31
2,0106659-7,Art House Oy,2025-12-31,2026-06-30,instant,,2024-12-31,x3023,Lyhytaikaiset lainat rahoituslaitoksilta,mi53,Kirjanpitoarvo,13439.13,ISO4217_EUR,2,MCY=x3023;REF=x4,https://avoindata.prh.fi/opendata-xbrl-api/v3/financial?businessId=0106659-7&financialDate=2025-12-31
2,0106659-7,Art House Oy,2025-12-31,2026-06-30,instant,,2025-12-31,x1819,Lyhytaikaiset ostovelat,mi53,Kirjanpitoarvo,73568.02,ISO4217_EUR,2,MCY=x1819,https://avoindata.prh.fi/opendata-xbrl-api/v3/financial?businessId=0106659-7&financialDate=2025-12-31
2,0106659-7,Art House Oy,2025-12-31,2026-06-30,instant,,2024-12-31,x1819,Lyhytaikaiset ostovelat,mi53,Kirjanpitoarvo,30629.66,ISO4217_EUR,2,MCY=x1819;REF=x4,https://avoindata.prh.fi/opendata-xbrl-api/v3/financial?businessId=0106659-7&financialDate=2025-12-31
2,0106659-7,Art House Oy,2025-12-31,2026-06-30,instant,,2025-12-31,x1825,Lyhytaikaiset muut velat,mi53,Kirjanpitoarvo,90816.44,ISO4217_EUR,2,MCY=x1825,https://avoindata.prh.fi/opendata-xbrl-api/v3/financial?businessId=0106659-7&financialDate=2025-12-31
2,0106659-7,Art House Oy,2025-12-31,2026-06-30,instant,,2024-12-31,x1825,Lyhytaikaiset muut velat,mi53,Kirjanpitoarvo,50218.89,ISO4217_EUR,2,MCY=x1825;REF=x4,https://avoindata.prh.fi/opendata-xbrl-api/v3/financial?businessId=0106659-7&financialDate=2025-12-31
2,0106659-7,Art House Oy,2025-12-31,2026-06-30,instant,,2025-12-31,x1826,Lyhytaikaiset siirtovelat,mi53,Kirjanpitoarvo,96288.82,ISO4217_EUR,2,MCY=x1826,https://avoindata.prh.fi/opendata-xbrl-api/v3/financial?businessId=0106659-7&financialDate=2025-12-31
2,0106659-7,Art House Oy,2025-12-31,2026-06-30,instant,,2024-12-31,x1826,Lyhytaikaiset siirtovelat,mi53,Kirjanpitoarvo,65731.54,ISO4217_EUR,2,MCY=x1826;REF=x4,https://avoindata.prh.fi/opendata-xbrl-api/v3/financial?businessId=0106659-7&financialDate=2025-12-31
2,0106659-7,Art House Oy,2025-12-31,2026-06-30,instant,,2025-12-31,x1811,Lyhytaikainen vieras pääoma,mi53,Kirjanpitoarvo,301069.71,ISO4217_EUR,2,MCY=x1811,https://avoindata.prh.fi/opendata-xbrl-api/v3/financial?businessId=0106659-7&financialDate=2025-12-31
2,0106659-7,Art House Oy,2025-12-31,2026-06-30,instant,,2024-12-31,x1811,Lyhytaikainen vieras pääoma,mi53,Kirjanpitoarvo,160019.22,ISO4217_EUR,2,MCY=x1811;REF=x4,https://avoindata.prh.fi/opendata-xbrl-api/v3/financial?businessId=0106659-7&financialDate=2025-12-31
2,0106659-7,Art House Oy,2025-12-31,2026-06-30,instant,,2025-12-31,x424,Vieras pääoma,mi53,Kirjanpitoarvo,301069.71,ISO4217_EUR,2,MCY=x424,https://avoindata.prh.fi/opendata-xbrl-api/v3/financial?businessId=0106659-7&financialDate=2025-12-31
2,0106659-7,Art House Oy,2025-12-31,2026-06-30,instant,,2024-12-31,x424,Vieras pääoma,mi53,Kirjanpitoarvo,160019.22,ISO4217_EUR,2,MCY=x424;REF=x4,https://avoindata.prh.fi/opendata-xbrl-api/v3/financial?businessId=0106659-7&financialDate=2025-12-31
2,0106659-7,Art House Oy,2025-12-31,2026-06-30,instant,,2025-12-31,x481,Vastattavaa,mi53,Kirjanpitoarvo,343799.85,ISO4217_EUR,2,MCY=x481,https://avoindata.prh.fi/opendata-xbrl-api/v3/financial?businessId=0106659-7&financialDate=2025-12-31
2,0106659-7,Art House Oy,2025-12-31,2026-06-30,instant,,2024-12-31,x481,Vastattavaa,mi53,Kirjanpitoarvo,261882.55,ISO4217_EUR,2,MCY=x481;REF=x4,https://avoindata.prh.fi/opendata-xbrl-api/v3/financial?businessId=0106659-7&financialDate=2025-12-31
2,0106659-7,Art House Oy,2025-12-31,2026-06-30,instant,,2025-12-31,x673,Liikevaihto,md103,Tilikauden rahallinen kertymä,713196.98,ISO4217_EUR,2,MCY=x673,https://avoindata.prh.fi/opendata-xbrl-api/v3/financial?businessId=0106659-7&financialDate=2025-12-31
2,0106659-7,Art House Oy,2025-12-31,2026-06-30,instant,,2024-12-31,x673,Liikevaihto,md103,Tilikauden rahallinen kertymä,675371.42,ISO4217_EUR,2,MCY=x673;REF=x53,https://avoindata.prh.fi/opendata-xbrl-api/v3/financial?businessId=0106659-7&financialDate=2025-12-31
2,0106659-7,Art House Oy,2025-12-31,2026-06-30,instant,,2025-12-31,x48,Valmistevarastojen muutos + (-),md103,Tilikauden rahallinen kertymä,52503.76,ISO4217_EUR,2,MCY=x48,https://avoindata.prh.fi/opendata-xbrl-api/v3/financial?businessId=0106659-7&financialDate=2025-12-31
2,0106659-7,Art House Oy,2025-12-31,2026-06-30,instant,,2024-12-31,x48,Valmistevarastojen muutos + (-),md103,Tilikauden rahallinen kertymä,32070.02,ISO4217_EUR,2,MCY=x48;REF=x53,https://avoindata.prh.fi/opendata-xbrl-api/v3/financial?businessId=0106659-7&financialDate=2025-12-31
2,0106659-7,Art House Oy,2025-12-31,2026-06-30,instant,,2025-12-31,x49,Liiketoiminnan muut tuotot,md103,Tilikauden rahallinen kertymä,13924.31,ISO4217_EUR,2,MCY=x49,https://avoindata.prh.fi/opendata-xbrl-api/v3/financial?businessId=0106659-7&financialDate=2025-12-31
2,0106659-7,Art House Oy,2025-12-31,2026-06-30,instant,,2024-12-31,x49,Liiketoiminnan muut tuotot,md103,Tilikauden rahallinen kertymä,9400.97,ISO4217_EUR,2,MCY=x49;REF=x53,https://avoindata.prh.fi/opendata-xbrl-api/v3/financial?businessId=0106659-7&financialDate=2025-12-31
2,0106659-7,Art House Oy,2025-12-31,2026-06-30,instant,,2025-12-31,x755,Ostot tilikauden aikana,md103,Tilikauden rahallinen kertymä,449505.82,ISO4217_EUR,2,MCY=x755,https://avoindata.prh.fi/opendata-xbrl-api/v3/financial?businessId=0106659-7&financialDate=2025-12-31
2,0106659-7,Art House Oy,2025-12-31,2026-06-30,instant,,2024-12-31,x755,Ostot tilikauden aikana,md103,Tilikauden rahallinen kertymä,389418.50,ISO4217_EUR,2,MCY=x755;REF=x53,https://avoindata.prh.fi/opendata-xbrl-api/v3/financial?businessId=0106659-7&financialDate=2025-12-31
2,0106659-7,Art House Oy,2025-12-31,2026-06-30,instant,,2025-12-31,x10,Palvelujen ostot,md103,Tilikauden rahallinen kertymä,0.00,ISO4217_EUR,2,MCY=x10,https://avoindata.prh.fi/opendata-xbrl-api/v3/financial?businessId=0106659-7&financialDate=2025-12-31
2,0106659-7,Art House Oy,2025-12-31,2026-06-30,instant,,2024-12-31,x10,Palvelujen ostot,md103,Tilikauden rahallinen kertymä,14977.90,ISO4217_EUR,2,MCY=x10;REF=x53,https://avoindata.prh.fi/opendata-xbrl-api/v3/financial?businessId=0106659-7&financialDate=2025-12-31
2,0106659-7,Art House Oy,2025-12-31,2026-06-30,instant,,2025-12-31,x758,Materiaalit ja palvelut,md103,Tilikauden rahallinen kertymä,449505.82,ISO4217_EUR,2,MCY=x758,https://avoindata.prh.fi/opendata-xbrl-api/v3/financial?businessId=0106659-7&financialDate=2025-12-31
2,0106659-7,Art House Oy,2025-12-31,2026-06-30,instant,,2024-12-31,x758,Materiaalit ja palvelut,md103,Tilikauden rahallinen kertymä,404396.40,ISO4217_EUR,2,MCY=x758;REF=x53,https://avoindata.prh.fi/opendata-xbrl-api/v3/financial?businessId=0106659-7&financialDate=2025-12-31
2,0106659-7,Art House Oy,2025-12-31,2026-06-30,instant,,2025-12-31,x6,Palkat ja palkkiot,md103,Tilikauden rahallinen kertymä,164300.91,ISO4217_EUR,2,MCY=x6,https://avoindata.prh.fi/opendata-xbrl-api/v3/financial?businessId=0106659-7&financialDate=2025-12-31
2,0106659-7,Art House Oy,2025-12-31,2026-06-30,instant,,2024-12-31,x6,Palkat ja palkkiot,md103,Tilikauden rahallinen kertymä,173901.96,ISO4217_EUR,2,MCY=x6;REF=x53,https://avoindata.prh.fi/opendata-xbrl-api/v3/financial?businessId=0106659-7&financialDate=2025-12-31
2,0106659-7,Art House Oy,2025-12-31,2026-06-30,instant,,2025-12-31,x8,Eläkekulut,md103,Tilikauden rahallinen kertymä,33142.47,ISO4217_EUR,2,MCY=x8,https://avoindata.prh.fi/opendata-xbrl-api/v3/financial?businessId=0106659-7&financialDate=2025-12-31
2,0106659-7,Art House Oy,2025-12-31,2026-06-30,instant,,2024-12-31,x8,Eläkekulut,md103,Tilikauden rahallinen kertymä,32828.22,ISO4217_EUR,2,MCY=x8;REF=x53,https://avoindata.prh.fi/opendata-xbrl-api/v3/financial?businessId=0106659-7&financialDate=2025-12-31
2,0106659-7,Art House Oy,2025-12-31,2026-06-30,instant,,2025-12-31,x9,Muut henkilösivukulut,md103,Tilikauden rahallinen kertymä,4192.58,ISO4217_EUR,2,MCY=x9,https://avoindata.prh.fi/opendata-xbrl-api/v3/financial?businessId=0106659-7&financialDate=2025-12-31
2,0106659-7,Art House Oy,2025-12-31,2026-06-30,instant,,2024-12-31,x9,Muut henkilösivukulut,md103,Tilikauden rahallinen kertymä,3329.97,ISO4217_EUR,2,MCY=x9;REF=x53,https://avoindata.prh.fi/opendata-xbrl-api/v3/financial?businessId=0106659-7&financialDate=2025-12-31
2,0106659-7,Art House Oy,2025-12-31,2026-06-30,instant,,2025-12-31,x5,Henkilöstökulut,md103,Tilikauden rahallinen kertymä,201635.96,ISO4217_EUR,2,MCY=x5,https://avoindata.prh.fi/opendata-xbrl-api/v3/financial?businessId=0106659-7&financialDate=2025-12-31
2,0106659-7,Art House Oy,2025-12-31,2026-06-30,instant,,2024-12-31,x5,Henkilöstökulut,md103,Tilikauden rahallinen kertymä,210060.15,ISO4217_EUR,2,MCY=x5;REF=x53,https://avoindata.prh.fi/opendata-xbrl-api/v3/financial?businessId=0106659-7&financialDate=2025-12-31
2,0106659-7,Art House Oy,2025-12-31,2026-06-30,instant,,2025-12-31,x449,Suunnitelman mukaiset poistot,md103,Tilikauden rahallinen kertymä,422.40,ISO4217_EUR,2,MCY=x449,https://avoindata.prh.fi/opendata-xbrl-api/v3/financial?businessId=0106659-7&financialDate=2025-12-31
2,0106659-7,Art House Oy,2025-12-31,2026-06-30,instant,,2024-12-31,x449,Suunnitelman mukaiset poistot,md103,Tilikauden rahallinen kertymä,563.20,ISO4217_EUR,2,MCY=x449;REF=x53,https://avoindata.prh.fi/opendata-xbrl-api/v3/financial?businessId=0106659-7&financialDate=2025-12-31
2,0106659-7,Art House Oy,2025-12-31,2026-06-30,instant,,2025-12-31,x448,Poistot ja arvonalentumiset,md103,Tilikauden rahallinen kertymä,422.40,ISO4217_EUR,2,MCY=x448,https://avoindata.prh.fi/opendata-xbrl-api/v3/financial?businessId=0106659-7&financialDate=2025-12-31
2,0106659-7,Art House Oy,2025-12-31,2026-06-30,instant,,2024-12-31,x448,Poistot ja arvonalentumiset,md103,Tilikauden rahallinen kertymä,563.20,ISO4217_EUR,2,MCY=x448;REF=x53,https://avoindata.prh.fi/opendata-xbrl-api/v3/financial?businessId=0106659-7&financialDate=2025-12-31
2,0106659-7,Art House Oy,2025-12-31,2026-06-30,instant,,2025-12-31,x1869,Liiketoiminnan muut kulut,md103,Tilikauden rahallinen kertymä,183358.79,ISO4217_EUR,2,MCY=x1869,https://avoindata.prh.fi/opendata-xbrl-api/v3/financial?businessId=0106659-7&financialDate=2025-12-31
2,0106659-7,Art House Oy,2025-12-31,2026-06-30,instant,,2024-12-31,x1869,Liiketoiminnan muut kulut,md103,Tilikauden rahallinen kertymä,181415.56,ISO4217_EUR,2,MCY=x1869;REF=x53,https://avoindata.prh.fi/opendata-xbrl-api/v3/financial?businessId=0106659-7&financialDate=2025-12-31
2,0106659-7,Art House Oy,2025-12-31,2026-06-30,instant,,2025-12-31,x689,Liikevoitto (-tappio),md103,Tilikauden rahallinen kertymä,-55297.92,ISO4217_EUR,2,MCY=x689,https://avoindata.prh.fi/opendata-xbrl-api/v3/financial?businessId=0106659-7&financialDate=2025-12-31
2,0106659-7,Art House Oy,2025-12-31,2026-06-30,instant,,2024-12-31,x689,Liikevoitto (-tappio),md103,Tilikauden rahallinen kertymä,-79592.90,ISO4217_EUR,2,MCY=x689;REF=x53,https://avoindata.prh.fi/opendata-xbrl-api/v3/financial?businessId=0106659-7&financialDate=2025-12-31
2,0106659-7,Art House Oy,2025-12-31,2026-06-30,instant,,2025-12-31,x4133,"Tuotot muista pysyvien vastaavien sijoituksista, muilta yrityksiltä saadut",md103,Tilikauden rahallinen kertymä,0.00,ISO4217_EUR,2,MCY=x4133,https://avoindata.prh.fi/opendata-xbrl-api/v3/financial?businessId=0106659-7&financialDate=2025-12-31
2,0106659-7,Art House Oy,2025-12-31,2026-06-30,instant,,2024-12-31,x4133,"Tuotot muista pysyvien vastaavien sijoituksista, muilta yrityksiltä saadut",md103,Tilikauden rahallinen kertymä,284.13,ISO4217_EUR,2,MCY=x4133;REF=x53,https://avoindata.prh.fi/opendata-xbrl-api/v3/financial?businessId=0106659-7&financialDate=2025-12-31
2,0106659-7,Art House Oy,2025-12-31,2026-06-30,instant,,2025-12-31,x4014,Muut korko- ja rahoitustuotot muilta kuin saman konsernin yrityksiltä,md103,Tilikauden rahallinen kertymä,121.35,ISO4217_EUR,2,MCY=x4014,https://avoindata.prh.fi/opendata-xbrl-api/v3/financial?businessId=0106659-7&financialDate=2025-12-31
2,0106659-7,Art House Oy,2025-12-31,2026-06-30,instant,,2024-12-31,x4014,Muut korko- ja rahoitustuotot muilta kuin saman konsernin yrityksiltä,md103,Tilikauden rahallinen kertymä,698.46,ISO4217_EUR,2,MCY=x4014;REF=x53,https://avoindata.prh.fi/opendata-xbrl-api/v3/financial?businessId=0106659-7&financialDate=2025-12-31
2,0106659-7,Art House Oy,2025-12-31,2026-06-30,instant,,2025-12-31,x4046,Korkokulut- ja muut rahoituskulut muille kuin saman konsernin yrityksille,md103,Tilikauden rahallinen kertymä,3956.62,ISO4217_EUR,2,MCY=x4046,https://avoindata.prh.fi/opendata-xbrl-api/v3/financial?businessId=0106659-7&financialDate=2025-12-31
2,0106659-7,Art House Oy,2025-12-31,2026-06-30,instant,,2024-12-31,x4046,Korkokulut- ja muut rahoituskulut muille kuin saman konsernin yrityksille,md103,Tilikauden rahallinen kertymä,1423.14,ISO4217_EUR,2,MCY=x4046;REF=x53,https://avoindata.prh.fi/opendata-xbrl-api/v3/financial?businessId=0106659-7&financialDate=2025-12-31
2,0106659-7,Art House Oy,2025-12-31,2026-06-30,instant,,2025-12-31,x12,Rahoitustuotot ja -kulut + (-),md103,Tilikauden rahallinen kertymä,3835.27,ISO4217_EUR,2,MCY=x12,https://avoindata.prh.fi/opendata-xbrl-api/v3/financial?businessId=0106659-7&financialDate=2025-12-31
2,0106659-7,Art House Oy,2025-12-31,2026-06-30,instant,,2024-12-31,x12,Rahoitustuotot ja -kulut + (-),md103,Tilikauden rahallinen kertymä,440.55,ISO4217_EUR,2,MCY=x12;REF=x53,https://avoindata.prh.fi/opendata-xbrl-api/v3/financial?businessId=0106659-7&financialDate=2025-12-31
2,0106659-7,Art House Oy,2025-12-31,2026-06-30,instant,,2025-12-31,x738,Voitto (tappio) ennen tilinpäätössiirtoja ja veroja,md103,Tilikauden rahallinen kertymä,-59133.19,ISO4217_EUR,2,MCY=x738,https://avoindata.prh.fi/opendata-xbrl-api/v3/financial?businessId=0106659-7&financialDate=2025-12-31
2,0106659-7,Art House Oy,2025-12-31,2026-06-30,instant,,2024-12-31,x738,Voitto (tappio) ennen tilinpäätössiirtoja ja veroja,md103,Tilikauden rahallinen kertymä,-80033.45,ISO4217_EUR,2,MCY=x738;REF=x53,https://avoindata.prh.fi/opendata-xbrl-api/v3/financial?businessId=0106659-7&financialDate=2025-12-31
2,0106659-7,Art House Oy,2025-12-31,2026-06-30,instant,,2025-12-31,x740,Tilikauden voitto (tappio),md103,Tilikauden rahallinen kertymä,-59133.19,ISO4217_EUR,2,MCY=x740,https://avoindata.prh.fi/opendata-xbrl-api/v3/financial?businessId=0106659-7&financialDate=2025-12-31
2,0106659-7,Art House Oy,2025-12-31,2026-06-30,instant,,2024-12-31,x740,Tilikauden voitto (tappio),md103,Tilikauden rahallinen kertymä,-80033.45,ISO4217_EUR,2,MCY=x740;REF=x53,https://avoindata.prh.fi/opendata-xbrl-api/v3/financial?businessId=0106659-7&financialDate=2025-12-31
3,0110175-1,Koneteollisuus Oy,2025-09-30,2025-12-19,instant,,2025-09-30,x1035,Aineettomat oikeudet,mi53,Kirjanpitoarvo,1416.34,ISO4217_EUR,2,MCY=x1035,https://avoindata.prh.fi/opendata-xbrl-api/v3/financial?businessId=0110175-1&financialDate=2025-09-30
3,0110175-1,Koneteollisuus Oy,2025-09-30,2025-12-19,instant,,2024-09-30,x1035,Aineettomat oikeudet,mi53,Kirjanpitoarvo,1416.34,ISO4217_EUR,2,MCY=x1035;REF=x4,https://avoindata.prh.fi/opendata-xbrl-api/v3/financial?businessId=0110175-1&financialDate=2025-09-30
3,0110175-1,Koneteollisuus Oy,2025-09-30,2025-12-19,instant,,2025-09-30,x2285,Muut aineettomat hyödykkeet (KPL),mi53,Kirjanpitoarvo,4987.31,ISO4217_EUR,2,MCY=x2285,https://avoindata.prh.fi/opendata-xbrl-api/v3/financial?businessId=0110175-1&financialDate=2025-09-30
3,0110175-1,Koneteollisuus Oy,2025-09-30,2025-12-19,instant,,2024-09-30,x2285,Muut aineettomat hyödykkeet (KPL),mi53,Kirjanpitoarvo,833.32,ISO4217_EUR,2,MCY=x2285;REF=x4,https://avoindata.prh.fi/opendata-xbrl-api/v3/financial?businessId=0110175-1&financialDate=2025-09-30
3,0110175-1,Koneteollisuus Oy,2025-09-30,2025-12-19,instant,,2025-09-30,x551,Aineettomat hyödykkeet,mi53,Kirjanpitoarvo,6403.65,ISO4217_EUR,2,MCY=x551,https://avoindata.prh.fi/opendata-xbrl-api/v3/financial?businessId=0110175-1&financialDate=2025-09-30
3,0110175-1,Koneteollisuus Oy,2025-09-30,2025-12-19,instant,,2024-09-30,x551,Aineettomat hyödykkeet,mi53,Kirjanpitoarvo,2249.66,ISO4217_EUR,2,MCY=x551;REF=x4,https://avoindata.prh.fi/opendata-xbrl-api/v3/financial?businessId=0110175-1&financialDate=2025-09-30
3,0110175-1,Koneteollisuus Oy,2025-09-30,2025-12-19,instant,,2025-09-30,x2308,"Maa- ja vesialueet, Omistetut",mi53,Kirjanpitoarvo,131888.03,ISO4217_EUR,2,MCY=x2308,https://avoindata.prh.fi/opendata-xbrl-api/v3/financial?businessId=0110175-1&financialDate=2025-09-30
3,0110175-1,Koneteollisuus Oy,2025-09-30,2025-12-19,instant,,2024-09-30,x2308,"Maa- ja vesialueet, Omistetut",mi53,Kirjanpitoarvo,131888.03,ISO4217_EUR,2,MCY=x2308;REF=x4,https://avoindata.prh.fi/opendata-xbrl-api/v3/financial?businessId=0110175-1&financialDate=2025-09-30
3,0110175-1,Koneteollisuus Oy,2025-09-30,2025-12-19,instant,,2025-09-30,x2334,"Rakennukset ja rakennelmat, Omistetut",mi53,Kirjanpitoarvo,275771.94,ISO4217_EUR,2,MCY=x2334,https://avoindata.prh.fi/opendata-xbrl-api/v3/financial?businessId=0110175-1&financialDate=2025-09-30
3,0110175-1,Koneteollisuus Oy,2025-09-30,2025-12-19,instant,,2024-09-30,x2334,"Rakennukset ja rakennelmat, Omistetut",mi53,Kirjanpitoarvo,287262.44,ISO4217_EUR,2,MCY=x2334;REF=x4,https://avoindata.prh.fi/opendata-xbrl-api/v3/financial?businessId=0110175-1&financialDate=2025-09-30
3,0110175-1,Koneteollisuus Oy,2025-09-30,2025-12-19,instant,,2025-09-30,x1036,Koneet ja kalusto,mi53,Kirjanpitoarvo,111485.23,ISO4217_EUR,2,MCY=x1036,https://avoindata.prh.fi/opendata-xbrl-api/v3/financial?businessId=0110175-1&financialDate=2025-09-30
3,0110175-1,Koneteollisuus Oy,2025-09-30,2025-12-19,instant,,2024-09-30,x1036,Koneet ja kalusto,mi53,Kirjanpitoarvo,165332.26,ISO4217_EUR,2,MCY=x1036;REF=x4,https://avoindata.prh.fi/opendata-xbrl-api/v3/financial?businessId=0110175-1&financialDate=2025-09-30
3,0110175-1,Koneteollisuus Oy,2025-09-30,2025-12-19,instant,,2025-09-30,x816,Aineelliset hyödykkeet,mi53,Kirjanpitoarvo,519145.20,ISO4217_EUR,2,MCY=x816,https://avoindata.prh.fi/opendata-xbrl-api/v3/financial?businessId=0110175-1&financialDate=2025-09-30
3,0110175-1,Koneteollisuus Oy,2025-09-30,2025-12-19,instant,,2024-09-30,x816,Aineelliset hyödykkeet,mi53,Kirjanpitoarvo,584482.73,ISO4217_EUR,2,MCY=x816;REF=x4,https://avoindata.prh.fi/opendata-xbrl-api/v3/financial?businessId=0110175-1&financialDate=2025-09-30
3,0110175-1,Koneteollisuus Oy,2025-09-30,2025-12-19,instant,,2025-09-30,x513,Pysyvät vastaavat,mi53,Kirjanpitoarvo,525548.85,ISO4217_EUR,2,MCY=x513,https://avoindata.prh.fi/opendata-xbrl-api/v3/financial?businessId=0110175-1&financialDate=2025-09-30
3,0110175-1,Koneteollisuus Oy,2025-09-30,2025-12-19,instant,,2024-09-30,x513,Pysyvät vastaavat,mi53,Kirjanpitoarvo,586732.39,ISO4217_EUR,2,MCY=x513;REF=x4,https://avoindata.prh.fi/opendata-xbrl-api/v3/financial?businessId=0110175-1&financialDate=2025-09-30
3,0110175-1,Koneteollisuus Oy,2025-09-30,2025-12-19,instant,,2025-09-30,x1757,Aineet ja tarvikkeet,mi53,Kirjanpitoarvo,676364.73,ISO4217_EUR,2,MCY=x1757,https://avoindata.prh.fi/opendata-xbrl-api/v3/financial?businessId=0110175-1&financialDate=2025-09-30
3,0110175-1,Koneteollisuus Oy,2025-09-30,2025-12-19,instant,,2024-09-30,x1757,Aineet ja tarvikkeet,mi53,Kirjanpitoarvo,786235.39,ISO4217_EUR,2,MCY=x1757;REF=x4,https://avoindata.prh.fi/opendata-xbrl-api/v3/financial?businessId=0110175-1&financialDate=2025-09-30
3,0110175-1,Koneteollisuus Oy,2025-09-30,2025-12-19,instant,,2025-09-30,x1758,Keskeneräiset tuotteet,mi53,Kirjanpitoarvo,1542251.12,ISO4217_EUR,2,MCY=x1758,https://avoindata.prh.fi/opendata-xbrl-api/v3/financial?businessId=0110175-1&financialDate=2025-09-30
3,0110175-1,Koneteollisuus Oy,2025-09-30,2025-12-19,instant,,2024-09-30,x1758,Keskeneräiset tuotteet,mi53,Kirjanpitoarvo,1709106.13,ISO4217_EUR,2,MCY=x1758;REF=x4,https://avoindata.prh.fi/opendata-xbrl-api/v3/financial?businessId=0110175-1&financialDate=2025-09-30
3,0110175-1,Koneteollisuus Oy,2025-09-30,2025-12-19,instant,,2025-09-30,x1759,Valmiit tuotteet,mi53,Kirjanpitoarvo,595453.00,ISO4217_EUR,2,MCY=x1759,https://avoindata.prh.fi/opendata-xbrl-api/v3/financial?businessId=0110175-1&financialDate=2025-09-30
3,0110175-1,Koneteollisuus Oy,2025-09-30,2025-12-19,instant,,2024-09-30,x1759,Valmiit tuotteet,mi53,Kirjanpitoarvo,481924.00,ISO4217_EUR,2,MCY=x1759;REF=x4,https://avoindata.prh.fi/opendata-xbrl-api/v3/financial?businessId=0110175-1&financialDate=2025-09-30
3,0110175-1,Koneteollisuus Oy,2025-09-30,2025-12-19,instant,,2025-09-30,x807,Vaihto-omaisuus,mi53,Kirjanpitoarvo,2814068.85,ISO4217_EUR,2,MCY=x807,https://avoindata.prh.fi/opendata-xbrl-api/v3/financial?businessId=0110175-1&financialDate=2025-09-30
3,0110175-1,Koneteollisuus Oy,2025-09-30,2025-12-19,instant,,2024-09-30,x807,Vaihto-omaisuus,mi53,Kirjanpitoarvo,2977265.52,ISO4217_EUR,2,MCY=x807;REF=x4,https://avoindata.prh.fi/opendata-xbrl-api/v3/financial?businessId=0110175-1&financialDate=2025-09-30
3,0110175-1,Koneteollisuus Oy,2025-09-30,2025-12-19,instant,,2025-09-30,x1769,Lyhytaikaiset myyntisaamiset,mi53,Kirjanpitoarvo,770373.78,ISO4217_EUR,2,MCY=x1769,https://avoindata.prh.fi/opendata-xbrl-api/v3/financial?businessId=0110175-1&financialDate=2025-09-30
3,0110175-1,Koneteollisuus Oy,2025-09-30,2025-12-19,instant,,2024-09-30,x1769,Lyhytaikaiset myyntisaamiset,mi53,Kirjanpitoarvo,1136855.54,ISO4217_EUR,2,MCY=x1769;REF=x4,https://avoindata.prh.fi/opendata-xbrl-api/v3/financial?businessId=0110175-1&financialDate=2025-09-30
3,0110175-1,Koneteollisuus Oy,2025-09-30,2025-12-19,instant,,2025-09-30,x1771,Lyhytaikaiset muut saamiset,mi53,Kirjanpitoarvo,59450.12,ISO4217_EUR,2,MCY=x1771,https://avoindata.prh.fi/opendata-xbrl-api/v3/financial?businessId=0110175-1&financialDate=2025-09-30
3,0110175-1,Koneteollisuus Oy,2025-09-30,2025-12-19,instant,,2024-09-30,x1771,Lyhytaikaiset muut saamiset,mi53,Kirjanpitoarvo,53626.47,ISO4217_EUR,2,MCY=x1771;REF=x4,https://avoindata.prh.fi/opendata-xbrl-api/v3/financial?businessId=0110175-1&financialDate=2025-09-30
3,0110175-1,Koneteollisuus Oy,2025-09-30,2025-12-19,instant,,2025-09-30,x1775,Lyhytaikaiset siirtosaamiset,mi53,Kirjanpitoarvo,40254.29,ISO4217_EUR,2,MCY=x1775,https://avoindata.prh.fi/opendata-xbrl-api/v3/financial?businessId=0110175-1&financialDate=2025-09-30
3,0110175-1,Koneteollisuus Oy,2025-09-30,2025-12-19,instant,,2024-09-30,x1775,Lyhytaikaiset siirtosaamiset,mi53,Kirjanpitoarvo,38927.30,ISO4217_EUR,2,MCY=x1775;REF=x4,https://avoindata.prh.fi/opendata-xbrl-api/v3/financial?businessId=0110175-1&financialDate=2025-09-30
3,0110175-1,Koneteollisuus Oy,2025-09-30,2025-12-19,instant,,2025-09-30,x1768,Lyhytaikaiset saamiset,mi53,Kirjanpitoarvo,870078.19,ISO4217_EUR,2,MCY=x1768,https://avoindata.prh.fi/opendata-xbrl-api/v3/financial?businessId=0110175-1&financialDate=2025-09-30
3,0110175-1,Koneteollisuus Oy,2025-09-30,2025-12-19,instant,,2024-09-30,x1768,Lyhytaikaiset saamiset,mi53,Kirjanpitoarvo,1229409.31,ISO4217_EUR,2,MCY=x1768;REF=x4,https://avoindata.prh.fi/opendata-xbrl-api/v3/financial?businessId=0110175-1&financialDate=2025-09-30
3,0110175-1,Koneteollisuus Oy,2025-09-30,2025-12-19,instant,,2025-09-30,x438,Saamiset,mi53,Kirjanpitoarvo,870078.19,ISO4217_EUR,2,MCY=x438,https://avoindata.prh.fi/opendata-xbrl-api/v3/financial?businessId=0110175-1&financialDate=2025-09-30
3,0110175-1,Koneteollisuus Oy,2025-09-30,2025-12-19,instant,,2024-09-30,x438,Saamiset,mi53,Kirjanpitoarvo,1229409.31,ISO4217_EUR,2,MCY=x438;REF=x4,https://avoindata.prh.fi/opendata-xbrl-api/v3/financial?businessId=0110175-1&financialDate=2025-09-30
3,0110175-1,Koneteollisuus Oy,2025-09-30,2025-12-19,instant,,2025-09-30,x399,Rahat ja pankkisaamiset,mi53,Kirjanpitoarvo,3079875.86,ISO4217_EUR,2,MCY=x399,https://avoindata.prh.fi/opendata-xbrl-api/v3/financial?businessId=0110175-1&financialDate=2025-09-30
3,0110175-1,Koneteollisuus Oy,2025-09-30,2025-12-19,instant,,2024-09-30,x399,Rahat ja pankkisaamiset,mi53,Kirjanpitoarvo,2491913.54,ISO4217_EUR,2,MCY=x399;REF=x4,https://avoindata.prh.fi/opendata-xbrl-api/v3/financial?businessId=0110175-1&financialDate=2025-09-30
3,0110175-1,Koneteollisuus Oy,2025-09-30,2025-12-19,instant,,2025-09-30,x435,Vaihtuvat vastaavat,mi53,Kirjanpitoarvo,6764022.90,ISO4217_EUR,2,MCY=x435,https://avoindata.prh.fi/opendata-xbrl-api/v3/financial?businessId=0110175-1&financialDate=2025-09-30
3,0110175-1,Koneteollisuus Oy,2025-09-30,2025-12-19,instant,,2024-09-30,x435,Vaihtuvat vastaavat,mi53,Kirjanpitoarvo,6698588.37,ISO4217_EUR,2,MCY=x435;REF=x4,https://avoindata.prh.fi/opendata-xbrl-api/v3/financial?businessId=0110175-1&financialDate=2025-09-30
3,0110175-1,Koneteollisuus Oy,2025-09-30,2025-12-19,instant,,2025-09-30,x360,Vastaavaa,mi53,Kirjanpitoarvo,7289571.75,ISO4217_EUR,2,MCY=x360,https://avoindata.prh.fi/opendata-xbrl-api/v3/financial?businessId=0110175-1&financialDate=2025-09-30
3,0110175-1,Koneteollisuus Oy,2025-09-30,2025-12-19,instant,,2024-09-30,x360,Vastaavaa,mi53,Kirjanpitoarvo,7285320.76,ISO4217_EUR,2,MCY=x360;REF=x4,https://avoindata.prh.fi/opendata-xbrl-api/v3/financial?businessId=0110175-1&financialDate=2025-09-30
3,0110175-1,Koneteollisuus Oy,2025-09-30,2025-12-19,instant,,2025-09-30,x4116,"Osake-, osuus- tai muu vastaava pääoma",mi53,Kirjanpitoarvo,8409.40,ISO4217_EUR,2,MCY=x4116,https://avoindata.prh.fi/opendata-xbrl-api/v3/financial?businessId=0110175-1&financialDate=2025-09-30
3,0110175-1,Koneteollisuus Oy,2025-09-30,2025-12-19,instant,,2024-09-30,x4116,"Osake-, osuus- tai muu vastaava pääoma",mi53,Kirjanpitoarvo,8409.40,ISO4217_EUR,2,MCY=x4116;REF=x4,https://avoindata.prh.fi/opendata-xbrl-api/v3/financial?businessId=0110175-1&financialDate=2025-09-30
3,0110175-1,Koneteollisuus Oy,2025-09-30,2025-12-19,instant,,2025-09-30,x932,Edellisten tilikausien voitto (tappio),mi53,Kirjanpitoarvo,2142386.93,ISO4217_EUR,2,MCY=x932,https://avoindata.prh.fi/opendata-xbrl-api/v3/financial?businessId=0110175-1&financialDate=2025-09-30
3,0110175-1,Koneteollisuus Oy,2025-09-30,2025-12-19,instant,,2024-09-30,x932,Edellisten tilikausien voitto (tappio),mi53,Kirjanpitoarvo,2098959.54,ISO4217_EUR,2,MCY=x932;REF=x4,https://avoindata.prh.fi/opendata-xbrl-api/v3/financial?businessId=0110175-1&financialDate=2025-09-30
3,0110175-1,Koneteollisuus Oy,2025-09-30,2025-12-19,instant,,2025-09-30,x2895,"Tilikauden voitto (tappio), oma pääoma",mi53,Kirjanpitoarvo,58896.47,ISO4217_EUR,2,MCY=x2895,https://avoindata.prh.fi/opendata-xbrl-api/v3/financial?businessId=0110175-1&financialDate=2025-09-30
3,0110175-1,Koneteollisuus Oy,2025-09-30,2025-12-19,instant,,2024-09-30,x2895,"Tilikauden voitto (tappio), oma pääoma",mi53,Kirjanpitoarvo,43427.39,ISO4217_EUR,2,MCY=x2895;REF=x4,https://avoindata.prh.fi/opendata-xbrl-api/v3/financial?businessId=0110175-1&financialDate=2025-09-30
3,0110175-1,Koneteollisuus Oy,2025-09-30,2025-12-19,instant,,2025-09-30,x376,Oma pääoma,mi53,Kirjanpitoarvo,2209692.80,ISO4217_EUR,2,MCY=x376,https://avoindata.prh.fi/opendata-xbrl-api/v3/financial?businessId=0110175-1&financialDate=2025-09-30
3,0110175-1,Koneteollisuus Oy,2025-09-30,2025-12-19,instant,,2024-09-30,x376,Oma pääoma,mi53,Kirjanpitoarvo,2150796.33,ISO4217_EUR,2,MCY=x376;REF=x4,https://avoindata.prh.fi/opendata-xbrl-api/v3/financial?businessId=0110175-1&financialDate=2025-09-30
3,0110175-1,Koneteollisuus Oy,2025-09-30,2025-12-19,instant,,2025-09-30,x901,Poistoero,mi53,Kirjanpitoarvo,0.00,ISO4217_EUR,2,MCY=x901,https://avoindata.prh.fi/opendata-xbrl-api/v3/financial?businessId=0110175-1&financialDate=2025-09-30
3,0110175-1,Koneteollisuus Oy,2025-09-30,2025-12-19,instant,,2024-09-30,x901,Poistoero,mi53,Kirjanpitoarvo,2700.86,ISO4217_EUR,2,MCY=x901;REF=x4,https://avoindata.prh.fi/opendata-xbrl-api/v3/financial?businessId=0110175-1&financialDate=2025-09-30
3,0110175-1,Koneteollisuus Oy,2025-09-30,2025-12-19,instant,,2025-09-30,x432,Tilinpäätössiirtojen kertymä,mi53,Kirjanpitoarvo,0.00,ISO4217_EUR,2,MCY=x432,https://avoindata.prh.fi/opendata-xbrl-api/v3/financial?businessId=0110175-1&financialDate=2025-09-30
3,0110175-1,Koneteollisuus Oy,2025-09-30,2025-12-19,instant,,2024-09-30,x432,Tilinpäätössiirtojen kertymä,mi53,Kirjanpitoarvo,2700.86,ISO4217_EUR,2,MCY=x432;REF=x4,https://avoindata.prh.fi/opendata-xbrl-api/v3/financial?businessId=0110175-1&financialDate=2025-09-30
3,0110175-1,Koneteollisuus Oy,2025-09-30,2025-12-19,instant,,2025-09-30,x1818,Lyhytaikaiset saadut ennakot,mi53,Kirjanpitoarvo,165018.08,ISO4217_EUR,2,MCY=x1818,https://avoindata.prh.fi/opendata-xbrl-api/v3/financial?businessId=0110175-1&financialDate=2025-09-30
3,0110175-1,Koneteollisuus Oy,2025-09-30,2025-12-19,instant,,2024-09-30,x1818,Lyhytaikaiset saadut ennakot,mi53,Kirjanpitoarvo,23967.34,ISO4217_EUR,2,MCY=x1818;REF=x4,https://avoindata.prh.fi/opendata-xbrl-api/v3/financial?businessId=0110175-1&financialDate=2025-09-30
3,0110175-1,Koneteollisuus Oy,2025-09-30,2025-12-19,instant,,2025-09-30,x3051,Lyhytaikaiset velat saman konsernin yrityksille,mi53,Kirjanpitoarvo,4382432.88,ISO4217_EUR,2,MCY=x3051,https://avoindata.prh.fi/opendata-xbrl-api/v3/financial?businessId=0110175-1&financialDate=2025-09-30
3,0110175-1,Koneteollisuus Oy,2025-09-30,2025-12-19,instant,,2024-09-30,x3051,Lyhytaikaiset velat saman konsernin yrityksille,mi53,Kirjanpitoarvo,4722481.02,ISO4217_EUR,2,MCY=x3051;REF=x4,https://avoindata.prh.fi/opendata-xbrl-api/v3/financial?businessId=0110175-1&financialDate=2025-09-30
3,0110175-1,Koneteollisuus Oy,2025-09-30,2025-12-19,instant,,2025-09-30,x1819,Lyhytaikaiset ostovelat,mi53,Kirjanpitoarvo,277096.38,ISO4217_EUR,2,MCY=x1819,https://avoindata.prh.fi/opendata-xbrl-api/v3/financial?businessId=0110175-1&financialDate=2025-09-30
3,0110175-1,Koneteollisuus Oy,2025-09-30,2025-12-19,instant,,2024-09-30,x1819,Lyhytaikaiset ostovelat,mi53,Kirjanpitoarvo,104684.37,ISO4217_EUR,2,MCY=x1819;REF=x4,https://avoindata.prh.fi/opendata-xbrl-api/v3/financial?businessId=0110175-1&financialDate=2025-09-30
3,0110175-1,Koneteollisuus Oy,2025-09-30,2025-12-19,instant,,2025-09-30,x1825,Lyhytaikaiset muut velat,mi53,Kirjanpitoarvo,28609.88,ISO4217_EUR,2,MCY=x1825,https://avoindata.prh.fi/opendata-xbrl-api/v3/financial?businessId=0110175-1&financialDate=2025-09-30
3,0110175-1,Koneteollisuus Oy,2025-09-30,2025-12-19,instant,,2024-09-30,x1825,Lyhytaikaiset muut velat,mi53,Kirjanpitoarvo,26914.10,ISO4217_EUR,2,MCY=x1825;REF=x4,https://avoindata.prh.fi/opendata-xbrl-api/v3/financial?businessId=0110175-1&financialDate=2025-09-30
3,0110175-1,Koneteollisuus Oy,2025-09-30,2025-12-19,instant,,2025-09-30,x1826,Lyhytaikaiset siirtovelat,mi53,Kirjanpitoarvo,226721.73,ISO4217_EUR,2,MCY=x1826,https://avoindata.prh.fi/opendata-xbrl-api/v3/financial?businessId=0110175-1&financialDate=2025-09-30
3,0110175-1,Koneteollisuus Oy,2025-09-30,2025-12-19,instant,,2024-09-30,x1826,Lyhytaikaiset siirtovelat,mi53,Kirjanpitoarvo,253776.74,ISO4217_EUR,2,MCY=x1826;REF=x4,https://avoindata.prh.fi/opendata-xbrl-api/v3/financial?businessId=0110175-1&financialDate=2025-09-30
3,0110175-1,Koneteollisuus Oy,2025-09-30,2025-12-19,instant,,2025-09-30,x1811,Lyhytaikainen vieras pääoma,mi53,Kirjanpitoarvo,5079878.95,ISO4217_EUR,2,MCY=x1811,https://avoindata.prh.fi/opendata-xbrl-api/v3/financial?businessId=0110175-1&financialDate=2025-09-30
3,0110175-1,Koneteollisuus Oy,2025-09-30,2025-12-19,instant,,2024-09-30,x1811,Lyhytaikainen vieras pääoma,mi53,Kirjanpitoarvo,5131823.57,ISO4217_EUR,2,MCY=x1811;REF=x4,https://avoindata.prh.fi/opendata-xbrl-api/v3/financial?businessId=0110175-1&financialDate=2025-09-30
3,0110175-1,Koneteollisuus Oy,2025-09-30,2025-12-19,instant,,2025-09-30,x424,Vieras pääoma,mi53,Kirjanpitoarvo,5079878.95,ISO4217_EUR,2,MCY=x424,https://avoindata.prh.fi/opendata-xbrl-api/v3/financial?businessId=0110175-1&financialDate=2025-09-30
3,0110175-1,Koneteollisuus Oy,2025-09-30,2025-12-19,instant,,2024-09-30,x424,Vieras pääoma,mi53,Kirjanpitoarvo,5131823.57,ISO4217_EUR,2,MCY=x424;REF=x4,https://avoindata.prh.fi/opendata-xbrl-api/v3/financial?businessId=0110175-1&financialDate=2025-09-30
3,0110175-1,Koneteollisuus Oy,2025-09-30,2025-12-19,instant,,2025-09-30,x481,Vastattavaa,mi53,Kirjanpitoarvo,7289571.75,ISO4217_EUR,2,MCY=x481,https://avoindata.prh.fi/opendata-xbrl-api/v3/financial?businessId=0110175-1&financialDate=2025-09-30
3,0110175-1,Koneteollisuus Oy,2025-09-30,2025-12-19,instant,,2024-09-30,x481,Vastattavaa,mi53,Kirjanpitoarvo,7285320.76,ISO4217_EUR,2,MCY=x481;REF=x4,https://avoindata.prh.fi/opendata-xbrl-api/v3/financial?businessId=0110175-1&financialDate=2025-09-30
3,0110175-1,Koneteollisuus Oy,2025-09-30,2025-12-19,instant,,2025-09-30,x673,Liikevaihto,md103,Tilikauden rahallinen kertymä,6460585.21,ISO4217_EUR,2,MCY=x673,https://avoindata.prh.fi/opendata-xbrl-api/v3/financial?businessId=0110175-1&financialDate=2025-09-30
3,0110175-1,Koneteollisuus Oy,2025-09-30,2025-12-19,instant,,2024-09-30,x673,Liikevaihto,md103,Tilikauden rahallinen kertymä,7137419.98,ISO4217_EUR,2,MCY=x673;REF=x53,https://avoindata.prh.fi/opendata-xbrl-api/v3/financial?businessId=0110175-1&financialDate=2025-09-30
3,0110175-1,Koneteollisuus Oy,2025-09-30,2025-12-19,instant,,2025-09-30,x48,Valmistevarastojen muutos + (-),md103,Tilikauden rahallinen kertymä,-53326.01,ISO4217_EUR,2,MCY=x48,https://avoindata.prh.fi/opendata-xbrl-api/v3/financial?businessId=0110175-1&financialDate=2025-09-30
3,0110175-1,Koneteollisuus Oy,2025-09-30,2025-12-19,instant,,2024-09-30,x48,Valmistevarastojen muutos + (-),md103,Tilikauden rahallinen kertymä,-47682.48,ISO4217_EUR,2,MCY=x48;REF=x53,https://avoindata.prh.fi/opendata-xbrl-api/v3/financial?businessId=0110175-1&financialDate=2025-09-30
3,0110175-1,Koneteollisuus Oy,2025-09-30,2025-12-19,instant,,2025-09-30,x49,Liiketoiminnan muut tuotot,md103,Tilikauden rahallinen kertymä,24498.32,ISO4217_EUR,2,MCY=x49,https://avoindata.prh.fi/opendata-xbrl-api/v3/financial?businessId=0110175-1&financialDate=2025-09-30
3,0110175-1,Koneteollisuus Oy,2025-09-30,2025-12-19,instant,,2024-09-30,x49,Liiketoiminnan muut tuotot,md103,Tilikauden rahallinen kertymä,28705.70,ISO4217_EUR,2,MCY=x49;REF=x53,https://avoindata.prh.fi/opendata-xbrl-api/v3/financial?businessId=0110175-1&financialDate=2025-09-30
3,0110175-1,Koneteollisuus Oy,2025-09-30,2025-12-19,instant,,2025-09-30,x755,Ostot tilikauden aikana,md103,Tilikauden rahallinen kertymä,2987189.16,ISO4217_EUR,2,MCY=x755,https://avoindata.prh.fi/opendata-xbrl-api/v3/financial?businessId=0110175-1&financialDate=2025-09-30
3,0110175-1,Koneteollisuus Oy,2025-09-30,2025-12-19,instant,,2024-09-30,x755,Ostot tilikauden aikana,md103,Tilikauden rahallinen kertymä,3101089.15,ISO4217_EUR,2,MCY=x755;REF=x53,https://avoindata.prh.fi/opendata-xbrl-api/v3/financial?businessId=0110175-1&financialDate=2025-09-30
3,0110175-1,Koneteollisuus Oy,2025-09-30,2025-12-19,instant,,2025-09-30,x544,Varastojen lisäys (+) tai vähennys (-),md103,Tilikauden rahallinen kertymä,109870.66,ISO4217_EUR,2,MCY=x544,https://avoindata.prh.fi/opendata-xbrl-api/v3/financial?businessId=0110175-1&financialDate=2025-09-30
3,0110175-1,Koneteollisuus Oy,2025-09-30,2025-12-19,instant,,2024-09-30,x544,Varastojen lisäys (+) tai vähennys (-),md103,Tilikauden rahallinen kertymä,211206.89,ISO4217_EUR,2,MCY=x544;REF=x53,https://avoindata.prh.fi/opendata-xbrl-api/v3/financial?businessId=0110175-1&financialDate=2025-09-30
3,0110175-1,Koneteollisuus Oy,2025-09-30,2025-12-19,instant,,2025-09-30,x10,Palvelujen ostot,md103,Tilikauden rahallinen kertymä,15507.92,ISO4217_EUR,2,MCY=x10,https://avoindata.prh.fi/opendata-xbrl-api/v3/financial?businessId=0110175-1&financialDate=2025-09-30
3,0110175-1,Koneteollisuus Oy,2025-09-30,2025-12-19,instant,,2024-09-30,x10,Palvelujen ostot,md103,Tilikauden rahallinen kertymä,19728.74,ISO4217_EUR,2,MCY=x10;REF=x53,https://avoindata.prh.fi/opendata-xbrl-api/v3/financial?businessId=0110175-1&financialDate=2025-09-30
3,0110175-1,Koneteollisuus Oy,2025-09-30,2025-12-19,instant,,2025-09-30,x758,Materiaalit ja palvelut,md103,Tilikauden rahallinen kertymä,3112567.74,ISO4217_EUR,2,MCY=x758,https://avoindata.prh.fi/opendata-xbrl-api/v3/financial?businessId=0110175-1&financialDate=2025-09-30
3,0110175-1,Koneteollisuus Oy,2025-09-30,2025-12-19,instant,,2024-09-30,x758,Materiaalit ja palvelut,md103,Tilikauden rahallinen kertymä,3332024.78,ISO4217_EUR,2,MCY=x758;REF=x53,https://avoindata.prh.fi/opendata-xbrl-api/v3/financial?businessId=0110175-1&financialDate=2025-09-30
3,0110175-1,Koneteollisuus Oy,2025-09-30,2025-12-19,instant,,2025-09-30,x6,Palkat ja palkkiot,md103,Tilikauden rahallinen kertymä,1603595.42,ISO4217_EUR,2,MCY=x6,https://avoindata.prh.fi/opendata-xbrl-api/v3/financial?businessId=0110175-1&financialDate=2025-09-30
3,0110175-1,Koneteollisuus Oy,2025-09-30,2025-12-19,instant,,2024-09-30,x6,Palkat ja palkkiot,md103,Tilikauden rahallinen kertymä,1577368.70,ISO4217_EUR,2,MCY=x6;REF=x53,https://avoindata.prh.fi/opendata-xbrl-api/v3/financial?businessId=0110175-1&financialDate=2025-09-30
3,0110175-1,Koneteollisuus Oy,2025-09-30,2025-12-19,instant,,2025-09-30,x8,Eläkekulut,md103,Tilikauden rahallinen kertymä,277962.94,ISO4217_EUR,2,MCY=x8,https://avoindata.prh.fi/opendata-xbrl-api/v3/financial?businessId=0110175-1&financialDate=2025-09-30
3,0110175-1,Koneteollisuus Oy,2025-09-30,2025-12-19,instant,,2024-09-30,x8,Eläkekulut,md103,Tilikauden rahallinen kertymä,274427.07,ISO4217_EUR,2,MCY=x8;REF=x53,https://avoindata.prh.fi/opendata-xbrl-api/v3/financial?businessId=0110175-1&financialDate=2025-09-30
3,0110175-1,Koneteollisuus Oy,2025-09-30,2025-12-19,instant,,2025-09-30,x9,Muut henkilösivukulut,md103,Tilikauden rahallinen kertymä,49164.31,ISO4217_EUR,2,MCY=x9,https://avoindata.prh.fi/opendata-xbrl-api/v3/financial?businessId=0110175-1&financialDate=2025-09-30
3,0110175-1,Koneteollisuus Oy,2025-09-30,2025-12-19,instant,,2024-09-30,x9,Muut henkilösivukulut,md103,Tilikauden rahallinen kertymä,40225.08,ISO4217_EUR,2,MCY=x9;REF=x53,https://avoindata.prh.fi/opendata-xbrl-api/v3/financial?businessId=0110175-1&financialDate=2025-09-30
3,0110175-1,Koneteollisuus Oy,2025-09-30,2025-12-19,instant,,2025-09-30,x5,Henkilöstökulut,md103,Tilikauden rahallinen kertymä,1930722.67,ISO4217_EUR,2,MCY=x5,https://avoindata.prh.fi/opendata-xbrl-api/v3/financial?businessId=0110175-1&financialDate=2025-09-30
3,0110175-1,Koneteollisuus Oy,2025-09-30,2025-12-19,instant,,2024-09-30,x5,Henkilöstökulut,md103,Tilikauden rahallinen kertymä,1892020.85,ISO4217_EUR,2,MCY=x5;REF=x53,https://avoindata.prh.fi/opendata-xbrl-api/v3/financial?businessId=0110175-1&financialDate=2025-09-30
3,0110175-1,Koneteollisuus Oy,2025-09-30,2025-12-19,instant,,2025-09-30,x449,Suunnitelman mukaiset poistot,md103,Tilikauden rahallinen kertymä,78377.69,ISO4217_EUR,2,MCY=x449,https://avoindata.prh.fi/opendata-xbrl-api/v3/financial?businessId=0110175-1&financialDate=2025-09-30
3,0110175-1,Koneteollisuus Oy,2025-09-30,2025-12-19,instant,,2024-09-30,x449,Suunnitelman mukaiset poistot,md103,Tilikauden rahallinen kertymä,154808.59,ISO4217_EUR,2,MCY=x449;REF=x53,https://avoindata.prh.fi/opendata-xbrl-api/v3/financial?businessId=0110175-1&financialDate=2025-09-30
3,0110175-1,Koneteollisuus Oy,2025-09-30,2025-12-19,instant,,2025-09-30,x448,Poistot ja arvonalentumiset,md103,Tilikauden rahallinen kertymä,78377.69,ISO4217_EUR,2,MCY=x448,https://avoindata.prh.fi/opendata-xbrl-api/v3/financial?businessId=0110175-1&financialDate=2025-09-30
3,0110175-1,Koneteollisuus Oy,2025-09-30,2025-12-19,instant,,2024-09-30,x448,Poistot ja arvonalentumiset,md103,Tilikauden rahallinen kertymä,154808.59,ISO4217_EUR,2,MCY=x448;REF=x53,https://avoindata.prh.fi/opendata-xbrl-api/v3/financial?businessId=0110175-1&financialDate=2025-09-30
3,0110175-1,Koneteollisuus Oy,2025-09-30,2025-12-19,instant,,2025-09-30,x1869,Liiketoiminnan muut kulut,md103,Tilikauden rahallinen kertymä,449068.95,ISO4217_EUR,2,MCY=x1869,https://avoindata.prh.fi/opendata-xbrl-api/v3/financial?businessId=0110175-1&financialDate=2025-09-30
3,0110175-1,Koneteollisuus Oy,2025-09-30,2025-12-19,instant,,2024-09-30,x1869,Liiketoiminnan muut kulut,md103,Tilikauden rahallinen kertymä,432129.70,ISO4217_EUR,2,MCY=x1869;REF=x53,https://avoindata.prh.fi/opendata-xbrl-api/v3/financial?businessId=0110175-1&financialDate=2025-09-30
3,0110175-1,Koneteollisuus Oy,2025-09-30,2025-12-19,instant,,2025-09-30,x689,Liikevoitto (-tappio),md103,Tilikauden rahallinen kertymä,861020.47,ISO4217_EUR,2,MCY=x689,https://avoindata.prh.fi/opendata-xbrl-api/v3/financial?businessId=0110175-1&financialDate=2025-09-30
3,0110175-1,Koneteollisuus Oy,2025-09-30,2025-12-19,instant,,2024-09-30,x689,Liikevoitto (-tappio),md103,Tilikauden rahallinen kertymä,1307459.28,ISO4217_EUR,2,MCY=x689;REF=x53,https://avoindata.prh.fi/opendata-xbrl-api/v3/financial?businessId=0110175-1&financialDate=2025-09-30
3,0110175-1,Koneteollisuus Oy,2025-09-30,2025-12-19,instant,,2025-09-30,x4014,Muut korko- ja rahoitustuotot muilta kuin saman konsernin yrityksiltä,md103,Tilikauden rahallinen kertymä,20249.83,ISO4217_EUR,2,MCY=x4014,https://avoindata.prh.fi/opendata-xbrl-api/v3/financial?businessId=0110175-1&financialDate=2025-09-30
3,0110175-1,Koneteollisuus Oy,2025-09-30,2025-12-19,instant,,2024-09-30,x4014,Muut korko- ja rahoitustuotot muilta kuin saman konsernin yrityksiltä,md103,Tilikauden rahallinen kertymä,64.32,ISO4217_EUR,2,MCY=x4014;REF=x53,https://avoindata.prh.fi/opendata-xbrl-api/v3/financial?businessId=0110175-1&financialDate=2025-09-30
3,0110175-1,Koneteollisuus Oy,2025-09-30,2025-12-19,instant,,2025-09-30,x4029,Korkokulut ja muut rahoituskulut saman konsernin yrityksille,md103,Tilikauden rahallinen kertymä,110185.86,ISO4217_EUR,2,MCY=x4029,https://avoindata.prh.fi/opendata-xbrl-api/v3/financial?businessId=0110175-1&financialDate=2025-09-30
3,0110175-1,Koneteollisuus Oy,2025-09-30,2025-12-19,instant,,2024-09-30,x4029,Korkokulut ja muut rahoituskulut saman konsernin yrityksille,md103,Tilikauden rahallinen kertymä,143474.74,ISO4217_EUR,2,MCY=x4029;REF=x53,https://avoindata.prh.fi/opendata-xbrl-api/v3/financial?businessId=0110175-1&financialDate=2025-09-30
3,0110175-1,Koneteollisuus Oy,2025-09-30,2025-12-19,instant,,2025-09-30,x4046,Korkokulut- ja muut rahoituskulut muille kuin saman konsernin yrityksille,md103,Tilikauden rahallinen kertymä,21.88,ISO4217_EUR,2,MCY=x4046,https://avoindata.prh.fi/opendata-xbrl-api/v3/financial?businessId=0110175-1&financialDate=2025-09-30
3,0110175-1,Koneteollisuus Oy,2025-09-30,2025-12-19,instant,,2024-09-30,x4046,Korkokulut- ja muut rahoituskulut muille kuin saman konsernin yrityksille,md103,Tilikauden rahallinen kertymä,0.00,ISO4217_EUR,2,MCY=x4046;REF=x53,https://avoindata.prh.fi/opendata-xbrl-api/v3/financial?businessId=0110175-1&financialDate=2025-09-30
3,0110175-1,Koneteollisuus Oy,2025-09-30,2025-12-19,instant,,2025-09-30,x12,Rahoitustuotot ja -kulut + (-),md103,Tilikauden rahallinen kertymä,89957.91,ISO4217_EUR,2,MCY=x12,https://avoindata.prh.fi/opendata-xbrl-api/v3/financial?businessId=0110175-1&financialDate=2025-09-30
3,0110175-1,Koneteollisuus Oy,2025-09-30,2025-12-19,instant,,2024-09-30,x12,Rahoitustuotot ja -kulut + (-),md103,Tilikauden rahallinen kertymä,143410.42,ISO4217_EUR,2,MCY=x12;REF=x53,https://avoindata.prh.fi/opendata-xbrl-api/v3/financial?businessId=0110175-1&financialDate=2025-09-30
3,0110175-1,Koneteollisuus Oy,2025-09-30,2025-12-19,instant,,2025-09-30,x738,Voitto (tappio) ennen tilinpäätössiirtoja ja veroja,md103,Tilikauden rahallinen kertymä,771062.56,ISO4217_EUR,2,MCY=x738,https://avoindata.prh.fi/opendata-xbrl-api/v3/financial?businessId=0110175-1&financialDate=2025-09-30
3,0110175-1,Koneteollisuus Oy,2025-09-30,2025-12-19,instant,,2024-09-30,x738,Voitto (tappio) ennen tilinpäätössiirtoja ja veroja,md103,Tilikauden rahallinen kertymä,1164048.86,ISO4217_EUR,2,MCY=x738;REF=x53,https://avoindata.prh.fi/opendata-xbrl-api/v3/financial?businessId=0110175-1&financialDate=2025-09-30
3,0110175-1,Koneteollisuus Oy,2025-09-30,2025-12-19,instant,,2025-09-30,x542,Poistoeron lisäys (vähennys),md103,Tilikauden rahallinen kertymä,-2700.86,ISO4217_EUR,2,MCY=x542,https://avoindata.prh.fi/opendata-xbrl-api/v3/financial?businessId=0110175-1&financialDate=2025-09-30
3,0110175-1,Koneteollisuus Oy,2025-09-30,2025-12-19,instant,,2024-09-30,x542,Poistoeron lisäys (vähennys),md103,Tilikauden rahallinen kertymä,-40366.90,ISO4217_EUR,2,MCY=x542;REF=x53,https://avoindata.prh.fi/opendata-xbrl-api/v3/financial?businessId=0110175-1&financialDate=2025-09-30
3,0110175-1,Koneteollisuus Oy,2025-09-30,2025-12-19,instant,,2025-09-30,x1107,Konserniavustukset,md103,Tilikauden rahallinen kertymä,700000.00,ISO4217_EUR,2,MCY=x1107,https://avoindata.prh.fi/opendata-xbrl-api/v3/financial?businessId=0110175-1&financialDate=2025-09-30
3,0110175-1,Koneteollisuus Oy,2025-09-30,2025-12-19,instant,,2024-09-30,x1107,Konserniavustukset,md103,Tilikauden rahallinen kertymä,1150000.00,ISO4217_EUR,2,MCY=x1107;REF=x53,https://avoindata.prh.fi/opendata-xbrl-api/v3/financial?businessId=0110175-1&financialDate=2025-09-30
3,0110175-1,Koneteollisuus Oy,2025-09-30,2025-12-19,instant,,2025-09-30,x541,Tuloverot,md103,Tilikauden rahallinen kertymä,14866.95,ISO4217_EUR,2,MCY=x541,https://avoindata.prh.fi/opendata-xbrl-api/v3/financial?businessId=0110175-1&financialDate=2025-09-30
3,0110175-1,Koneteollisuus Oy,2025-09-30,2025-12-19,instant,,2024-09-30,x541,Tuloverot,md103,Tilikauden rahallinen kertymä,10988.37,ISO4217_EUR,2,MCY=x541;REF=x53,https://avoindata.prh.fi/opendata-xbrl-api/v3/financial?businessId=0110175-1&financialDate=2025-09-30
3,0110175-1,Koneteollisuus Oy,2025-09-30,2025-12-19,instant,,2025-09-30,x740,Tilikauden voitto (tappio),md103,Tilikauden rahallinen kertymä,58896.47,ISO4217_EUR,2,MCY=x740,https://avoindata.prh.fi/opendata-xbrl-api/v3/financial?businessId=0110175-1&financialDate=2025-09-30
3,0110175-1,Koneteollisuus Oy,2025-09-30,2025-12-19,instant,,2024-09-30,x740,Tilikauden voitto (tappio),md103,Tilikauden rahallinen kertymä,43427.39,ISO4217_EUR,2,MCY=x740;REF=x53,https://avoindata.prh.fi/opendata-xbrl-api/v3/financial?businessId=0110175-1&financialDate=2025-09-30
4,0113024-5,Putkiyhtymä Oy,2024-12-31,2025-07-15,instant,,2024-12-31,x1036,Koneet ja kalusto,mi53,Kirjanpitoarvo,73825.49,ISO4217_EUR,2,MCY=x1036,https://avoindata.prh.fi/opendata-xbrl-api/v3/financial?businessId=0113024-5&financialDate=2024-12-31
4,0113024-5,Putkiyhtymä Oy,2024-12-31,2025-07-15,instant,,2023-12-31,x1036,Koneet ja kalusto,mi53,Kirjanpitoarvo,98433.99,ISO4217_EUR,2,MCY=x1036;REF=x4,https://avoindata.prh.fi/opendata-xbrl-api/v3/financial?businessId=0113024-5&financialDate=2024-12-31
4,0113024-5,Putkiyhtymä Oy,2024-12-31,2025-07-15,instant,,2024-12-31,x816,Aineelliset hyödykkeet,mi53,Kirjanpitoarvo,73825.49,ISO4217_EUR,2,MCY=x816,https://avoindata.prh.fi/opendata-xbrl-api/v3/financial?businessId=0113024-5&financialDate=2024-12-31
4,0113024-5,Putkiyhtymä Oy,2024-12-31,2025-07-15,instant,,2023-12-31,x816,Aineelliset hyödykkeet,mi53,Kirjanpitoarvo,98433.99,ISO4217_EUR,2,MCY=x816;REF=x4,https://avoindata.prh.fi/opendata-xbrl-api/v3/financial?businessId=0113024-5&financialDate=2024-12-31
4,0113024-5,Putkiyhtymä Oy,2024-12-31,2025-07-15,instant,,2024-12-31,x1737,Osakkeet ja osuudet tytäryhteisöissä,mi53,Kirjanpitoarvo,9000.00,ISO4217_EUR,2,MCY=x1737,https://avoindata.prh.fi/opendata-xbrl-api/v3/financial?businessId=0113024-5&financialDate=2024-12-31
4,0113024-5,Putkiyhtymä Oy,2024-12-31,2025-07-15,instant,,2023-12-31,x1737,Osakkeet ja osuudet tytäryhteisöissä,mi53,Kirjanpitoarvo,9000.00,ISO4217_EUR,2,MCY=x1737;REF=x4,https://avoindata.prh.fi/opendata-xbrl-api/v3/financial?businessId=0113024-5&financialDate=2024-12-31
4,0113024-5,Putkiyhtymä Oy,2024-12-31,2025-07-15,instant,,2024-12-31,x583,Sijoitukset,mi53,Kirjanpitoarvo,9000.00,ISO4217_EUR,2,MCY=x583,https://avoindata.prh.fi/opendata-xbrl-api/v3/financial?businessId=0113024-5&financialDate=2024-12-31
4,0113024-5,Putkiyhtymä Oy,2024-12-31,2025-07-15,instant,,2023-12-31,x583,Sijoitukset,mi53,Kirjanpitoarvo,9000.00,ISO4217_EUR,2,MCY=x583;REF=x4,https://avoindata.prh.fi/opendata-xbrl-api/v3/financial?businessId=0113024-5&financialDate=2024-12-31
4,0113024-5,Putkiyhtymä Oy,2024-12-31,2025-07-15,instant,,2024-12-31,x513,Pysyvät vastaavat,mi53,Kirjanpitoarvo,82825.49,ISO4217_EUR,2,MCY=x513,https://avoindata.prh.fi/opendata-xbrl-api/v3/financial?businessId=0113024-5&financialDate=2024-12-31
4,0113024-5,Putkiyhtymä Oy,2024-12-31,2025-07-15,instant,,2023-12-31,x513,Pysyvät vastaavat,mi53,Kirjanpitoarvo,107433.99,ISO4217_EUR,2,MCY=x513;REF=x4,https://avoindata.prh.fi/opendata-xbrl-api/v3/financial?businessId=0113024-5&financialDate=2024-12-31
4,0113024-5,Putkiyhtymä Oy,2024-12-31,2025-07-15,instant,,2024-12-31,x1760,Muu vaihto-omaisuus,mi53,Kirjanpitoarvo,13907728.71,ISO4217_EUR,2,MCY=x1760,https://avoindata.prh.fi/opendata-xbrl-api/v3/financial?businessId=0113024-5&financialDate=2024-12-31
4,0113024-5,Putkiyhtymä Oy,2024-12-31,2025-07-15,instant,,2023-12-31,x1760,Muu vaihto-omaisuus,mi53,Kirjanpitoarvo,15458040.51,ISO4217_EUR,2,MCY=x1760;REF=x4,https://avoindata.prh.fi/opendata-xbrl-api/v3/financial?businessId=0113024-5&financialDate=2024-12-31
4,0113024-5,Putkiyhtymä Oy,2024-12-31,2025-07-15,instant,,2024-12-31,x807,Vaihto-omaisuus,mi53,Kirjanpitoarvo,13907728.71,ISO4217_EUR,2,MCY=x807,https://avoindata.prh.fi/opendata-xbrl-api/v3/financial?businessId=0113024-5&financialDate=2024-12-31
4,0113024-5,Putkiyhtymä Oy,2024-12-31,2025-07-15,instant,,2023-12-31,x807,Vaihto-omaisuus,mi53,Kirjanpitoarvo,15458040.51,ISO4217_EUR,2,MCY=x807;REF=x4,https://avoindata.prh.fi/opendata-xbrl-api/v3/financial?businessId=0113024-5&financialDate=2024-12-31
4,0113024-5,Putkiyhtymä Oy,2024-12-31,2025-07-15,instant,,2024-12-31,x1763,Pitkäaikaiset lainasaamiset,mi53,Kirjanpitoarvo,7000000.00,ISO4217_EUR,2,MCY=x1763,https://avoindata.prh.fi/opendata-xbrl-api/v3/financial?businessId=0113024-5&financialDate=2024-12-31
4,0113024-5,Putkiyhtymä Oy,2024-12-31,2025-07-15,instant,,2023-12-31,x1763,Pitkäaikaiset lainasaamiset,mi53,Kirjanpitoarvo,7000000.00,ISO4217_EUR,2,MCY=x1763;REF=x4,https://avoindata.prh.fi/opendata-xbrl-api/v3/financial?businessId=0113024-5&financialDate=2024-12-31
4,0113024-5,Putkiyhtymä Oy,2024-12-31,2025-07-15,instant,,2024-12-31,x1765,Pitkäaikaiset siirtosaamiset,mi53,Kirjanpitoarvo,649089.00,ISO4217_EUR,2,MCY=x1765,https://avoindata.prh.fi/opendata-xbrl-api/v3/financial?businessId=0113024-5&financialDate=2024-12-31
4,0113024-5,Putkiyhtymä Oy,2024-12-31,2025-07-15,instant,,2023-12-31,x1765,Pitkäaikaiset siirtosaamiset,mi53,Kirjanpitoarvo,426300.00,ISO4217_EUR,2,MCY=x1765;REF=x4,https://avoindata.prh.fi/opendata-xbrl-api/v3/financial?businessId=0113024-5&financialDate=2024-12-31
4,0113024-5,Putkiyhtymä Oy,2024-12-31,2025-07-15,instant,,2024-12-31,x1761,Pitkäaikaiset saamiset,mi53,Kirjanpitoarvo,7649089.00,ISO4217_EUR,2,MCY=x1761,https://avoindata.prh.fi/opendata-xbrl-api/v3/financial?businessId=0113024-5&financialDate=2024-12-31
4,0113024-5,Putkiyhtymä Oy,2024-12-31,2025-07-15,instant,,2023-12-31,x1761,Pitkäaikaiset saamiset,mi53,Kirjanpitoarvo,7426300.00,ISO4217_EUR,2,MCY=x1761;REF=x4,https://avoindata.prh.fi/opendata-xbrl-api/v3/financial?businessId=0113024-5&financialDate=2024-12-31
4,0113024-5,Putkiyhtymä Oy,2024-12-31,2025-07-15,instant,,2024-12-31,x2600,Lyhytaikaiset saamiset saman konsernin yrityksiltä,mi53,Kirjanpitoarvo,450000.00,ISO4217_EUR,2,MCY=x2600,https://avoindata.prh.fi/opendata-xbrl-api/v3/financial?businessId=0113024-5&financialDate=2024-12-31
4,0113024-5,Putkiyhtymä Oy,2024-12-31,2025-07-15,instant,,2023-12-31,x2600,Lyhytaikaiset saamiset saman konsernin yrityksiltä,mi53,Kirjanpitoarvo,0.00,ISO4217_EUR,2,MCY=x2600;REF=x4,https://avoindata.prh.fi/opendata-xbrl-api/v3/financial?businessId=0113024-5&financialDate=2024-12-31
4,0113024-5,Putkiyhtymä Oy,2024-12-31,2025-07-15,instant,,2024-12-31,x1770,Lyhytaikaiset lainasaamiset,mi53,Kirjanpitoarvo,20000.00,ISO4217_EUR,2,MCY=x1770,https://avoindata.prh.fi/opendata-xbrl-api/v3/financial?businessId=0113024-5&financialDate=2024-12-31
4,0113024-5,Putkiyhtymä Oy,2024-12-31,2025-07-15,instant,,2023-12-31,x1770,Lyhytaikaiset lainasaamiset,mi53,Kirjanpitoarvo,20000.00,ISO4217_EUR,2,MCY=x1770;REF=x4,https://avoindata.prh.fi/opendata-xbrl-api/v3/financial?businessId=0113024-5&financialDate=2024-12-31
4,0113024-5,Putkiyhtymä Oy,2024-12-31,2025-07-15,instant,,2024-12-31,x1771,Lyhytaikaiset muut saamiset,mi53,Kirjanpitoarvo,52743.22,ISO4217_EUR,2,MCY=x1771,https://avoindata.prh.fi/opendata-xbrl-api/v3/financial?businessId=0113024-5&financialDate=2024-12-31
4,0113024-5,Putkiyhtymä Oy,2024-12-31,2025-07-15,instant,,2023-12-31,x1771,Lyhytaikaiset muut saamiset,mi53,Kirjanpitoarvo,104793.86,ISO4217_EUR,2,MCY=x1771;REF=x4,https://avoindata.prh.fi/opendata-xbrl-api/v3/financial?businessId=0113024-5&financialDate=2024-12-31
4,0113024-5,Putkiyhtymä Oy,2024-12-31,2025-07-15,instant,,2024-12-31,x1775,Lyhytaikaiset siirtosaamiset,mi53,Kirjanpitoarvo,633.52,ISO4217_EUR,2,MCY=x1775,https://avoindata.prh.fi/opendata-xbrl-api/v3/financial?businessId=0113024-5&financialDate=2024-12-31
4,0113024-5,Putkiyhtymä Oy,2024-12-31,2025-07-15,instant,,2023-12-31,x1775,Lyhytaikaiset siirtosaamiset,mi53,Kirjanpitoarvo,146962.46,ISO4217_EUR,2,MCY=x1775;REF=x4,https://avoindata.prh.fi/opendata-xbrl-api/v3/financial?businessId=0113024-5&financialDate=2024-12-31
4,0113024-5,Putkiyhtymä Oy,2024-12-31,2025-07-15,instant,,2024-12-31,x1768,Lyhytaikaiset saamiset,mi53,Kirjanpitoarvo,523376.74,ISO4217_EUR,2,MCY=x1768,https://avoindata.prh.fi/opendata-xbrl-api/v3/financial?businessId=0113024-5&financialDate=2024-12-31
4,0113024-5,Putkiyhtymä Oy,2024-12-31,2025-07-15,instant,,2023-12-31,x1768,Lyhytaikaiset saamiset,mi53,Kirjanpitoarvo,271756.32,ISO4217_EUR,2,MCY=x1768;REF=x4,https://avoindata.prh.fi/opendata-xbrl-api/v3/financial?businessId=0113024-5&financialDate=2024-12-31
4,0113024-5,Putkiyhtymä Oy,2024-12-31,2025-07-15,instant,,2024-12-31,x438,Saamiset,mi53,Kirjanpitoarvo,8172465.74,ISO4217_EUR,2,MCY=x438,https://avoindata.prh.fi/opendata-xbrl-api/v3/financial?businessId=0113024-5&financialDate=2024-12-31
4,0113024-5,Putkiyhtymä Oy,2024-12-31,2025-07-15,instant,,2023-12-31,x438,Saamiset,mi53,Kirjanpitoarvo,7698056.32,ISO4217_EUR,2,MCY=x438;REF=x4,https://avoindata.prh.fi/opendata-xbrl-api/v3/financial?businessId=0113024-5&financialDate=2024-12-31
4,0113024-5,Putkiyhtymä Oy,2024-12-31,2025-07-15,instant,,2024-12-31,x2191,"Muut osakkeet ja osuudet, rahoitusarvopaperit",mi53,Kirjanpitoarvo,300000.00,ISO4217_EUR,2,MCY=x2191,https://avoindata.prh.fi/opendata-xbrl-api/v3/financial?businessId=0113024-5&financialDate=2024-12-31
4,0113024-5,Putkiyhtymä Oy,2024-12-31,2025-07-15,instant,,2023-12-31,x2191,"Muut osakkeet ja osuudet, rahoitusarvopaperit",mi53,Kirjanpitoarvo,300000.00,ISO4217_EUR,2,MCY=x2191;REF=x4,https://avoindata.prh.fi/opendata-xbrl-api/v3/financial?businessId=0113024-5&financialDate=2024-12-31
4,0113024-5,Putkiyhtymä Oy,2024-12-31,2025-07-15,instant,,2024-12-31,x1784,Muut arvopaperit,mi53,Kirjanpitoarvo,142.83,ISO4217_EUR,2,MCY=x1784,https://avoindata.prh.fi/opendata-xbrl-api/v3/financial?businessId=0113024-5&financialDate=2024-12-31
4,0113024-5,Putkiyhtymä Oy,2024-12-31,2025-07-15,instant,,2023-12-31,x1784,Muut arvopaperit,mi53,Kirjanpitoarvo,3.91,ISO4217_EUR,2,MCY=x1784;REF=x4,https://avoindata.prh.fi/opendata-xbrl-api/v3/financial?businessId=0113024-5&financialDate=2024-12-31
4,0113024-5,Putkiyhtymä Oy,2024-12-31,2025-07-15,instant,,2024-12-31,x578,Rahoitusarvopaperit,mi53,Kirjanpitoarvo,300142.83,ISO4217_EUR,2,MCY=x578,https://avoindata.prh.fi/opendata-xbrl-api/v3/financial?businessId=0113024-5&financialDate=2024-12-31
4,0113024-5,Putkiyhtymä Oy,2024-12-31,2025-07-15,instant,,2023-12-31,x578,Rahoitusarvopaperit,mi53,Kirjanpitoarvo,300003.91,ISO4217_EUR,2,MCY=x578;REF=x4,https://avoindata.prh.fi/opendata-xbrl-api/v3/financial?businessId=0113024-5&financialDate=2024-12-31
4,0113024-5,Putkiyhtymä Oy,2024-12-31,2025-07-15,instant,,2024-12-31,x399,Rahat ja pankkisaamiset,mi53,Kirjanpitoarvo,589023.21,ISO4217_EUR,2,MCY=x399,https://avoindata.prh.fi/opendata-xbrl-api/v3/financial?businessId=0113024-5&financialDate=2024-12-31
4,0113024-5,Putkiyhtymä Oy,2024-12-31,2025-07-15,instant,,2023-12-31,x399,Rahat ja pankkisaamiset,mi53,Kirjanpitoarvo,1373994.15,ISO4217_EUR,2,MCY=x399;REF=x4,https://avoindata.prh.fi/opendata-xbrl-api/v3/financial?businessId=0113024-5&financialDate=2024-12-31
4,0113024-5,Putkiyhtymä Oy,2024-12-31,2025-07-15,instant,,2024-12-31,x435,Vaihtuvat vastaavat,mi53,Kirjanpitoarvo,22969360.49,ISO4217_EUR,2,MCY=x435,https://avoindata.prh.fi/opendata-xbrl-api/v3/financial?businessId=0113024-5&financialDate=2024-12-31
4,0113024-5,Putkiyhtymä Oy,2024-12-31,2025-07-15,instant,,2023-12-31,x435,Vaihtuvat vastaavat,mi53,Kirjanpitoarvo,24830094.89,ISO4217_EUR,2,MCY=x435;REF=x4,https://avoindata.prh.fi/opendata-xbrl-api/v3/financial?businessId=0113024-5&financialDate=2024-12-31
4,0113024-5,Putkiyhtymä Oy,2024-12-31,2025-07-15,instant,,2024-12-31,x360,Vastaavaa,mi53,Kirjanpitoarvo,23052185.98,ISO4217_EUR,2,MCY=x360,https://avoindata.prh.fi/opendata-xbrl-api/v3/financial?businessId=0113024-5&financialDate=2024-12-31
4,0113024-5,Putkiyhtymä Oy,2024-12-31,2025-07-15,instant,,2023-12-31,x360,Vastaavaa,mi53,Kirjanpitoarvo,24937528.88,ISO4217_EUR,2,MCY=x360;REF=x4,https://avoindata.prh.fi/opendata-xbrl-api/v3/financial?businessId=0113024-5&financialDate=2024-12-31
4,0113024-5,Putkiyhtymä Oy,2024-12-31,2025-07-15,instant,,2024-12-31,x4116,"Osake-, osuus- tai muu vastaava pääoma",mi53,Kirjanpitoarvo,45240.00,ISO4217_EUR,2,MCY=x4116,https://avoindata.prh.fi/opendata-xbrl-api/v3/financial?businessId=0113024-5&financialDate=2024-12-31
4,0113024-5,Putkiyhtymä Oy,2024-12-31,2025-07-15,instant,,2023-12-31,x4116,"Osake-, osuus- tai muu vastaava pääoma",mi53,Kirjanpitoarvo,45240.00,ISO4217_EUR,2,MCY=x4116;REF=x4,https://avoindata.prh.fi/opendata-xbrl-api/v3/financial?businessId=0113024-5&financialDate=2024-12-31
4,0113024-5,Putkiyhtymä Oy,2024-12-31,2025-07-15,instant,,2024-12-31,x934,Ylikurssirahasto,mi53,Kirjanpitoarvo,1513.69,ISO4217_EUR,2,MCY=x934,https://avoindata.prh.fi/opendata-xbrl-api/v3/financial?businessId=0113024-5&financialDate=2024-12-31
4,0113024-5,Putkiyhtymä Oy,2024-12-31,2025-07-15,instant,,2023-12-31,x934,Ylikurssirahasto,mi53,Kirjanpitoarvo,1513.69,ISO4217_EUR,2,MCY=x934;REF=x4,https://avoindata.prh.fi/opendata-xbrl-api/v3/financial?businessId=0113024-5&financialDate=2024-12-31
4,0113024-5,Putkiyhtymä Oy,2024-12-31,2025-07-15,instant,,2024-12-31,x925,Vararahasto,mi53,Kirjanpitoarvo,5045.64,ISO4217_EUR,2,MCY=x925,https://avoindata.prh.fi/opendata-xbrl-api/v3/financial?businessId=0113024-5&financialDate=2024-12-31
4,0113024-5,Putkiyhtymä Oy,2024-12-31,2025-07-15,instant,,2023-12-31,x925,Vararahasto,mi53,Kirjanpitoarvo,5045.64,ISO4217_EUR,2,MCY=x925;REF=x4,https://avoindata.prh.fi/opendata-xbrl-api/v3/financial?businessId=0113024-5&financialDate=2024-12-31
4,0113024-5,Putkiyhtymä Oy,2024-12-31,2025-07-15,instant,,2024-12-31,x932,Edellisten tilikausien voitto (tappio),mi53,Kirjanpitoarvo,22673783.05,ISO4217_EUR,2,MCY=x932,https://avoindata.prh.fi/opendata-xbrl-api/v3/financial?businessId=0113024-5&financialDate=2024-12-31
4,0113024-5,Putkiyhtymä Oy,2024-12-31,2025-07-15,instant,,2023-12-31,x932,Edellisten tilikausien voitto (tappio),mi53,Kirjanpitoarvo,23546367.30,ISO4217_EUR,2,MCY=x932;REF=x4,https://avoindata.prh.fi/opendata-xbrl-api/v3/financial?businessId=0113024-5&financialDate=2024-12-31
4,0113024-5,Putkiyhtymä Oy,2024-12-31,2025-07-15,instant,,2024-12-31,x2895,"Tilikauden voitto (tappio), oma pääoma",mi53,Kirjanpitoarvo,315840.94,ISO4217_EUR,2,MCY=x2895,https://avoindata.prh.fi/opendata-xbrl-api/v3/financial?businessId=0113024-5&financialDate=2024-12-31
4,0113024-5,Putkiyhtymä Oy,2024-12-31,2025-07-15,instant,,2023-12-31,x2895,"Tilikauden voitto (tappio), oma pääoma",mi53,Kirjanpitoarvo,1103415.75,ISO4217_EUR,2,MCY=x2895;REF=x4,https://avoindata.prh.fi/opendata-xbrl-api/v3/financial?businessId=0113024-5&financialDate=2024-12-31
4,0113024-5,Putkiyhtymä Oy,2024-12-31,2025-07-15,instant,,2024-12-31,x376,Oma pääoma,mi53,Kirjanpitoarvo,23041423.32,ISO4217_EUR,2,MCY=x376,https://avoindata.prh.fi/opendata-xbrl-api/v3/financial?businessId=0113024-5&financialDate=2024-12-31
4,0113024-5,Putkiyhtymä Oy,2024-12-31,2025-07-15,instant,,2023-12-31,x376,Oma pääoma,mi53,Kirjanpitoarvo,24701582.38,ISO4217_EUR,2,MCY=x376;REF=x4,https://avoindata.prh.fi/opendata-xbrl-api/v3/financial?businessId=0113024-5&financialDate=2024-12-31
4,0113024-5,Putkiyhtymä Oy,2024-12-31,2025-07-15,instant,,2024-12-31,x1819,Lyhytaikaiset ostovelat,mi53,Kirjanpitoarvo,1405.60,ISO4217_EUR,2,MCY=x1819,https://avoindata.prh.fi/opendata-xbrl-api/v3/financial?businessId=0113024-5&financialDate=2024-12-31
4,0113024-5,Putkiyhtymä Oy,2024-12-31,2025-07-15,instant,,2023-12-31,x1819,Lyhytaikaiset ostovelat,mi53,Kirjanpitoarvo,2754.23,ISO4217_EUR,2,MCY=x1819;REF=x4,https://avoindata.prh.fi/opendata-xbrl-api/v3/financial?businessId=0113024-5&financialDate=2024-12-31
4,0113024-5,Putkiyhtymä Oy,2024-12-31,2025-07-15,instant,,2024-12-31,x1825,Lyhytaikaiset muut velat,mi53,Kirjanpitoarvo,2607.30,ISO4217_EUR,2,MCY=x1825,https://avoindata.prh.fi/opendata-xbrl-api/v3/financial?businessId=0113024-5&financialDate=2024-12-31
4,0113024-5,Putkiyhtymä Oy,2024-12-31,2025-07-15,instant,,2023-12-31,x1825,Lyhytaikaiset muut velat,mi53,Kirjanpitoarvo,226568.13,ISO4217_EUR,2,MCY=x1825;REF=x4,https://avoindata.prh.fi/opendata-xbrl-api/v3/financial?businessId=0113024-5&financialDate=2024-12-31
4,0113024-5,Putkiyhtymä Oy,2024-12-31,2025-07-15,instant,,2024-12-31,x1826,Lyhytaikaiset siirtovelat,mi53,Kirjanpitoarvo,6749.76,ISO4217_EUR,2,MCY=x1826,https://avoindata.prh.fi/opendata-xbrl-api/v3/financial?businessId=0113024-5&financialDate=2024-12-31
4,0113024-5,Putkiyhtymä Oy,2024-12-31,2025-07-15,instant,,2023-12-31,x1826,Lyhytaikaiset siirtovelat,mi53,Kirjanpitoarvo,6624.14,ISO4217_EUR,2,MCY=x1826;REF=x4,https://avoindata.prh.fi/opendata-xbrl-api/v3/financial?businessId=0113024-5&financialDate=2024-12-31
4,0113024-5,Putkiyhtymä Oy,2024-12-31,2025-07-15,instant,,2024-12-31,x1811,Lyhytaikainen vieras pääoma,mi53,Kirjanpitoarvo,10762.66,ISO4217_EUR,2,MCY=x1811,https://avoindata.prh.fi/opendata-xbrl-api/v3/financial?businessId=0113024-5&financialDate=2024-12-31
4,0113024-5,Putkiyhtymä Oy,2024-12-31,2025-07-15,instant,,2023-12-31,x1811,Lyhytaikainen vieras pääoma,mi53,Kirjanpitoarvo,235946.50,ISO4217_EUR,2,MCY=x1811;REF=x4,https://avoindata.prh.fi/opendata-xbrl-api/v3/financial?businessId=0113024-5&financialDate=2024-12-31
4,0113024-5,Putkiyhtymä Oy,2024-12-31,2025-07-15,instant,,2024-12-31,x424,Vieras pääoma,mi53,Kirjanpitoarvo,10762.66,ISO4217_EUR,2,MCY=x424,https://avoindata.prh.fi/opendata-xbrl-api/v3/financial?businessId=0113024-5&financialDate=2024-12-31
4,0113024-5,Putkiyhtymä Oy,2024-12-31,2025-07-15,instant,,2023-12-31,x424,Vieras pääoma,mi53,Kirjanpitoarvo,235946.50,ISO4217_EUR,2,MCY=x424;REF=x4,https://avoindata.prh.fi/opendata-xbrl-api/v3/financial?businessId=0113024-5&financialDate=2024-12-31
4,0113024-5,Putkiyhtymä Oy,2024-12-31,2025-07-15,instant,,2024-12-31,x481,Vastattavaa,mi53,Kirjanpitoarvo,23052185.98,ISO4217_EUR,2,MCY=x481,https://avoindata.prh.fi/opendata-xbrl-api/v3/financial?businessId=0113024-5&financialDate=2024-12-31
4,0113024-5,Putkiyhtymä Oy,2024-12-31,2025-07-15,instant,,2023-12-31,x481,Vastattavaa,mi53,Kirjanpitoarvo,24937528.88,ISO4217_EUR,2,MCY=x481;REF=x4,https://avoindata.prh.fi/opendata-xbrl-api/v3/financial?businessId=0113024-5&financialDate=2024-12-31
4,0113024-5,Putkiyhtymä Oy,2024-12-31,2025-07-15,instant,,2024-12-31,x673,Liikevaihto,md103,Tilikauden rahallinen kertymä,9656273.08,ISO4217_EUR,2,MCY=x673,https://avoindata.prh.fi/opendata-xbrl-api/v3/financial?businessId=0113024-5&financialDate=2024-12-31
4,0113024-5,Putkiyhtymä Oy,2024-12-31,2025-07-15,instant,,2023-12-31,x673,Liikevaihto,md103,Tilikauden rahallinen kertymä,8752454.87,ISO4217_EUR,2,MCY=x673;REF=x53,https://avoindata.prh.fi/opendata-xbrl-api/v3/financial?businessId=0113024-5&financialDate=2024-12-31
4,0113024-5,Putkiyhtymä Oy,2024-12-31,2025-07-15,instant,,2024-12-31,x755,Ostot tilikauden aikana,md103,Tilikauden rahallinen kertymä,-7794742.47,ISO4217_EUR,2,MCY=x755,https://avoindata.prh.fi/opendata-xbrl-api/v3/financial?businessId=0113024-5&financialDate=2024-12-31
4,0113024-5,Putkiyhtymä Oy,2024-12-31,2025-07-15,instant,,2023-12-31,x755,Ostot tilikauden aikana,md103,Tilikauden rahallinen kertymä,-10420145.50,ISO4217_EUR,2,MCY=x755;REF=x53,https://avoindata.prh.fi/opendata-xbrl-api/v3/financial?businessId=0113024-5&financialDate=2024-12-31
4,0113024-5,Putkiyhtymä Oy,2024-12-31,2025-07-15,instant,,2024-12-31,x544,Varastojen lisäys (+) tai vähennys (-),md103,Tilikauden rahallinen kertymä,-1550311.80,ISO4217_EUR,2,MCY=x544,https://avoindata.prh.fi/opendata-xbrl-api/v3/financial?businessId=0113024-5&financialDate=2024-12-31
4,0113024-5,Putkiyhtymä Oy,2024-12-31,2025-07-15,instant,,2023-12-31,x544,Varastojen lisäys (+) tai vähennys (-),md103,Tilikauden rahallinen kertymä,2755693.63,ISO4217_EUR,2,MCY=x544;REF=x53,https://avoindata.prh.fi/opendata-xbrl-api/v3/financial?businessId=0113024-5&financialDate=2024-12-31
4,0113024-5,Putkiyhtymä Oy,2024-12-31,2025-07-15,instant,,2024-12-31,x758,Materiaalit ja palvelut,md103,Tilikauden rahallinen kertymä,-9345054.27,ISO4217_EUR,2,MCY=x758,https://avoindata.prh.fi/opendata-xbrl-api/v3/financial?businessId=0113024-5&financialDate=2024-12-31
4,0113024-5,Putkiyhtymä Oy,2024-12-31,2025-07-15,instant,,2023-12-31,x758,Materiaalit ja palvelut,md103,Tilikauden rahallinen kertymä,-7664451.87,ISO4217_EUR,2,MCY=x758;REF=x53,https://avoindata.prh.fi/opendata-xbrl-api/v3/financial?businessId=0113024-5&financialDate=2024-12-31
4,0113024-5,Putkiyhtymä Oy,2024-12-31,2025-07-15,instant,,2024-12-31,x6,Palkat ja palkkiot,md103,Tilikauden rahallinen kertymä,-6009.67,ISO4217_EUR,2,MCY=x6,https://avoindata.prh.fi/opendata-xbrl-api/v3/financial?businessId=0113024-5&financialDate=2024-12-31
4,0113024-5,Putkiyhtymä Oy,2024-12-31,2025-07-15,instant,,2023-12-31,x6,Palkat ja palkkiot,md103,Tilikauden rahallinen kertymä,-6137.19,ISO4217_EUR,2,MCY=x6;REF=x53,https://avoindata.prh.fi/opendata-xbrl-api/v3/financial?businessId=0113024-5&financialDate=2024-12-31
4,0113024-5,Putkiyhtymä Oy,2024-12-31,2025-07-15,instant,,2024-12-31,x9,Muut henkilösivukulut,md103,Tilikauden rahallinen kertymä,-126.92,ISO4217_EUR,2,MCY=x9,https://avoindata.prh.fi/opendata-xbrl-api/v3/financial?businessId=0113024-5&financialDate=2024-12-31
4,0113024-5,Putkiyhtymä Oy,2024-12-31,2025-07-15,instant,,2023-12-31,x9,Muut henkilösivukulut,md103,Tilikauden rahallinen kertymä,-127.65,ISO4217_EUR,2,MCY=x9;REF=x53,https://avoindata.prh.fi/opendata-xbrl-api/v3/financial?businessId=0113024-5&financialDate=2024-12-31
4,0113024-5,Putkiyhtymä Oy,2024-12-31,2025-07-15,instant,,2024-12-31,x5,Henkilöstökulut,md103,Tilikauden rahallinen kertymä,-6136.59,ISO4217_EUR,2,MCY=x5,https://avoindata.prh.fi/opendata-xbrl-api/v3/financial?businessId=0113024-5&financialDate=2024-12-31
4,0113024-5,Putkiyhtymä Oy,2024-12-31,2025-07-15,instant,,2023-12-31,x5,Henkilöstökulut,md103,Tilikauden rahallinen kertymä,-6264.84,ISO4217_EUR,2,MCY=x5;REF=x53,https://avoindata.prh.fi/opendata-xbrl-api/v3/financial?businessId=0113024-5&financialDate=2024-12-31
4,0113024-5,Putkiyhtymä Oy,2024-12-31,2025-07-15,instant,,2024-12-31,x449,Suunnitelman mukaiset poistot,md103,Tilikauden rahallinen kertymä,-24608.50,ISO4217_EUR,2,MCY=x449,https://avoindata.prh.fi/opendata-xbrl-api/v3/financial?businessId=0113024-5&financialDate=2024-12-31
4,0113024-5,Putkiyhtymä Oy,2024-12-31,2025-07-15,instant,,2023-12-31,x449,Suunnitelman mukaiset poistot,md103,Tilikauden rahallinen kertymä,-32811.34,ISO4217_EUR,2,MCY=x449;REF=x53,https://avoindata.prh.fi/opendata-xbrl-api/v3/financial?businessId=0113024-5&financialDate=2024-12-31
4,0113024-5,Putkiyhtymä Oy,2024-12-31,2025-07-15,instant,,2024-12-31,x448,Poistot ja arvonalentumiset,md103,Tilikauden rahallinen kertymä,-24608.50,ISO4217_EUR,2,MCY=x448,https://avoindata.prh.fi/opendata-xbrl-api/v3/financial?businessId=0113024-5&financialDate=2024-12-31
4,0113024-5,Putkiyhtymä Oy,2024-12-31,2025-07-15,instant,,2023-12-31,x448,Poistot ja arvonalentumiset,md103,Tilikauden rahallinen kertymä,-32811.34,ISO4217_EUR,2,MCY=x448;REF=x53,https://avoindata.prh.fi/opendata-xbrl-api/v3/financial?businessId=0113024-5&financialDate=2024-12-31
4,0113024-5,Putkiyhtymä Oy,2024-12-31,2025-07-15,instant,,2024-12-31,x1869,Liiketoiminnan muut kulut,md103,Tilikauden rahallinen kertymä,-150498.77,ISO4217_EUR,2,MCY=x1869,https://avoindata.prh.fi/opendata-xbrl-api/v3/financial?businessId=0113024-5&financialDate=2024-12-31
4,0113024-5,Putkiyhtymä Oy,2024-12-31,2025-07-15,instant,,2023-12-31,x1869,Liiketoiminnan muut kulut,md103,Tilikauden rahallinen kertymä,-153226.90,ISO4217_EUR,2,MCY=x1869;REF=x53,https://avoindata.prh.fi/opendata-xbrl-api/v3/financial?businessId=0113024-5&financialDate=2024-12-31
4,0113024-5,Putkiyhtymä Oy,2024-12-31,2025-07-15,instant,,2024-12-31,x689,Liikevoitto (-tappio),md103,Tilikauden rahallinen kertymä,129974.95,ISO4217_EUR,2,MCY=x689,https://avoindata.prh.fi/opendata-xbrl-api/v3/financial?businessId=0113024-5&financialDate=2024-12-31
4,0113024-5,Putkiyhtymä Oy,2024-12-31,2025-07-15,instant,,2023-12-31,x689,Liikevoitto (-tappio),md103,Tilikauden rahallinen kertymä,895699.92,ISO4217_EUR,2,MCY=x689;REF=x53,https://avoindata.prh.fi/opendata-xbrl-api/v3/financial?businessId=0113024-5&financialDate=2024-12-31
4,0113024-5,Putkiyhtymä Oy,2024-12-31,2025-07-15,instant,,2024-12-31,x4133,"Tuotot muista pysyvien vastaavien sijoituksista, muilta yrityksiltä saadut",md103,Tilikauden rahallinen kertymä,0.00,ISO4217_EUR,2,MCY=x4133,https://avoindata.prh.fi/opendata-xbrl-api/v3/financial?businessId=0113024-5&financialDate=2024-12-31
4,0113024-5,Putkiyhtymä Oy,2024-12-31,2025-07-15,instant,,2023-12-31,x4133,"Tuotot muista pysyvien vastaavien sijoituksista, muilta yrityksiltä saadut",md103,Tilikauden rahallinen kertymä,60.63,ISO4217_EUR,2,MCY=x4133;REF=x53,https://avoindata.prh.fi/opendata-xbrl-api/v3/financial?businessId=0113024-5&financialDate=2024-12-31
4,0113024-5,Putkiyhtymä Oy,2024-12-31,2025-07-15,instant,,2024-12-31,x4014,Muut korko- ja rahoitustuotot muilta kuin saman konsernin yrityksiltä,md103,Tilikauden rahallinen kertymä,223024.55,ISO4217_EUR,2,MCY=x4014,https://avoindata.prh.fi/opendata-xbrl-api/v3/financial?businessId=0113024-5&financialDate=2024-12-31
4,0113024-5,Putkiyhtymä Oy,2024-12-31,2025-07-15,instant,,2023-12-31,x4014,Muut korko- ja rahoitustuotot muilta kuin saman konsernin yrityksiltä,md103,Tilikauden rahallinen kertymä,216411.88,ISO4217_EUR,2,MCY=x4014;REF=x53,https://avoindata.prh.fi/opendata-xbrl-api/v3/financial?businessId=0113024-5&financialDate=2024-12-31
4,0113024-5,Putkiyhtymä Oy,2024-12-31,2025-07-15,instant,,2024-12-31,x4046,Korkokulut- ja muut rahoituskulut muille kuin saman konsernin yrityksille,md103,Tilikauden rahallinen kertymä,-4950.45,ISO4217_EUR,2,MCY=x4046,https://avoindata.prh.fi/opendata-xbrl-api/v3/financial?businessId=0113024-5&financialDate=2024-12-31
4,0113024-5,Putkiyhtymä Oy,2024-12-31,2025-07-15,instant,,2023-12-31,x4046,Korkokulut- ja muut rahoituskulut muille kuin saman konsernin yrityksille,md103,Tilikauden rahallinen kertymä,-2821.97,ISO4217_EUR,2,MCY=x4046;REF=x53,https://avoindata.prh.fi/opendata-xbrl-api/v3/financial?businessId=0113024-5&financialDate=2024-12-31
4,0113024-5,Putkiyhtymä Oy,2024-12-31,2025-07-15,instant,,2024-12-31,x12,Rahoitustuotot ja -kulut + (-),md103,Tilikauden rahallinen kertymä,218074.10,ISO4217_EUR,2,MCY=x12,https://avoindata.prh.fi/opendata-xbrl-api/v3/financial?businessId=0113024-5&financialDate=2024-12-31
4,0113024-5,Putkiyhtymä Oy,2024-12-31,2025-07-15,instant,,2023-12-31,x12,Rahoitustuotot ja -kulut + (-),md103,Tilikauden rahallinen kertymä,213650.54,ISO4217_EUR,2,MCY=x12;REF=x53,https://avoindata.prh.fi/opendata-xbrl-api/v3/financial?businessId=0113024-5&financialDate=2024-12-31
4,0113024-5,Putkiyhtymä Oy,2024-12-31,2025-07-15,instant,,2024-12-31,x738,Voitto (tappio) ennen tilinpäätössiirtoja ja veroja,md103,Tilikauden rahallinen kertymä,348049.05,ISO4217_EUR,2,MCY=x738,https://avoindata.prh.fi/opendata-xbrl-api/v3/financial?businessId=0113024-5&financialDate=2024-12-31
4,0113024-5,Putkiyhtymä Oy,2024-12-31,2025-07-15,instant,,2023-12-31,x738,Voitto (tappio) ennen tilinpäätössiirtoja ja veroja,md103,Tilikauden rahallinen kertymä,1109350.46,ISO4217_EUR,2,MCY=x738;REF=x53,https://avoindata.prh.fi/opendata-xbrl-api/v3/financial?businessId=0113024-5&financialDate=2024-12-31
4,0113024-5,Putkiyhtymä Oy,2024-12-31,2025-07-15,instant,,2024-12-31,x541,Tuloverot,md103,Tilikauden rahallinen kertymä,-32208.11,ISO4217_EUR,2,MCY=x541,https://avoindata.prh.fi/opendata-xbrl-api/v3/financial?businessId=0113024-5&financialDate=2024-12-31
4,0113024-5,Putkiyhtymä Oy,2024-12-31,2025-07-15,instant,,2023-12-31,x541,Tuloverot,md103,Tilikauden rahallinen kertymä,-5934.71,ISO4217_EUR,2,MCY=x541;REF=x53,https://avoindata.prh.fi/opendata-xbrl-api/v3/financial?businessId=0113024-5&financialDate=2024-12-31
4,0113024-5,Putkiyhtymä Oy,2024-12-31,2025-07-15,instant,,2024-12-31,x740,Tilikauden voitto (tappio),md103,Tilikauden rahallinen kertymä,315840.94,ISO4217_EUR,2,MCY=x740,https://avoindata.prh.fi/opendata-xbrl-api/v3/financial?businessId=0113024-5&financialDate=2024-12-31
4,0113024-5,Putkiyhtymä Oy,2024-12-31,2025-07-15,instant,,2023-12-31,x740,Tilikauden voitto (tappio),md103,Tilikauden rahallinen kertymä,1103415.75,ISO4217_EUR,2,MCY=x740;REF=x53,https://avoindata.prh.fi/opendata-xbrl-api/v3/financial?businessId=0113024-5&financialDate=2024-12-31
5,0945992-6,Pudasjärven Puutarha Kukkahuone Oy,2025-09-30,2026-07-09,instant,,2025-09-30,x1035,Aineettomat oikeudet,mi53,Kirjanpitoarvo,0.00,ISO4217_EUR,2,MCY=x1035,https://avoindata.prh.fi/opendata-xbrl-api/v3/financial?businessId=0945992-6&financialDate=2025-09-30
5,0945992-6,Pudasjärven Puutarha Kukkahuone Oy,2025-09-30,2026-07-09,instant,,2024-09-30,x1035,Aineettomat oikeudet,mi53,Kirjanpitoarvo,5894.99,ISO4217_EUR,2,MCY=x1035;REF=x4,https://avoindata.prh.fi/opendata-xbrl-api/v3/financial?businessId=0945992-6&financialDate=2025-09-30
5,0945992-6,Pudasjärven Puutarha Kukkahuone Oy,2025-09-30,2026-07-09,instant,,2025-09-30,x551,Aineettomat hyödykkeet,mi53,Kirjanpitoarvo,0.00,ISO4217_EUR,2,MCY=x551,https://avoindata.prh.fi/opendata-xbrl-api/v3/financial?businessId=0945992-6&financialDate=2025-09-30
5,0945992-6,Pudasjärven Puutarha Kukkahuone Oy,2025-09-30,2026-07-09,instant,,2024-09-30,x551,Aineettomat hyödykkeet,mi53,Kirjanpitoarvo,5894.99,ISO4217_EUR,2,MCY=x551;REF=x4,https://avoindata.prh.fi/opendata-xbrl-api/v3/financial?businessId=0945992-6&financialDate=2025-09-30
5,0945992-6,Pudasjärven Puutarha Kukkahuone Oy,2025-09-30,2026-07-09,instant,,2025-09-30,x2308,"Maa- ja vesialueet, Omistetut",mi53,Kirjanpitoarvo,10863.20,ISO4217_EUR,2,MCY=x2308,https://avoindata.prh.fi/opendata-xbrl-api/v3/financial?businessId=0945992-6&financialDate=2025-09-30
5,0945992-6,Pudasjärven Puutarha Kukkahuone Oy,2025-09-30,2026-07-09,instant,,2024-09-30,x2308,"Maa- ja vesialueet, Omistetut",mi53,Kirjanpitoarvo,10863.20,ISO4217_EUR,2,MCY=x2308;REF=x4,https://avoindata.prh.fi/opendata-xbrl-api/v3/financial?businessId=0945992-6&financialDate=2025-09-30
5,0945992-6,Pudasjärven Puutarha Kukkahuone Oy,2025-09-30,2026-07-09,instant,,2025-09-30,x2334,"Rakennukset ja rakennelmat, Omistetut",mi53,Kirjanpitoarvo,7491.03,ISO4217_EUR,2,MCY=x2334,https://avoindata.prh.fi/opendata-xbrl-api/v3/financial?businessId=0945992-6&financialDate=2025-09-30
5,0945992-6,Pudasjärven Puutarha Kukkahuone Oy,2025-09-30,2026-07-09,instant,,2024-09-30,x2334,"Rakennukset ja rakennelmat, Omistetut",mi53,Kirjanpitoarvo,8947.02,ISO4217_EUR,2,MCY=x2334;REF=x4,https://avoindata.prh.fi/opendata-xbrl-api/v3/financial?businessId=0945992-6&financialDate=2025-09-30
5,0945992-6,Pudasjärven Puutarha Kukkahuone Oy,2025-09-30,2026-07-09,instant,,2025-09-30,x1036,Koneet ja kalusto,mi53,Kirjanpitoarvo,40958.61,ISO4217_EUR,2,MCY=x1036,https://avoindata.prh.fi/opendata-xbrl-api/v3/financial?businessId=0945992-6&financialDate=2025-09-30
5,0945992-6,Pudasjärven Puutarha Kukkahuone Oy,2025-09-30,2026-07-09,instant,,2024-09-30,x1036,Koneet ja kalusto,mi53,Kirjanpitoarvo,16472.47,ISO4217_EUR,2,MCY=x1036;REF=x4,https://avoindata.prh.fi/opendata-xbrl-api/v3/financial?businessId=0945992-6&financialDate=2025-09-30
5,0945992-6,Pudasjärven Puutarha Kukkahuone Oy,2025-09-30,2026-07-09,instant,,2025-09-30,x816,Aineelliset hyödykkeet,mi53,Kirjanpitoarvo,59312.84,ISO4217_EUR,2,MCY=x816,https://avoindata.prh.fi/opendata-xbrl-api/v3/financial?businessId=0945992-6&financialDate=2025-09-30
5,0945992-6,Pudasjärven Puutarha Kukkahuone Oy,2025-09-30,2026-07-09,instant,,2024-09-30,x816,Aineelliset hyödykkeet,mi53,Kirjanpitoarvo,36282.69,ISO4217_EUR,2,MCY=x816;REF=x4,https://avoindata.prh.fi/opendata-xbrl-api/v3/financial?businessId=0945992-6&financialDate=2025-09-30
5,0945992-6,Pudasjärven Puutarha Kukkahuone Oy,2025-09-30,2026-07-09,instant,,2025-09-30,x1742,Muut osakkeet ja osuudet,mi53,Kirjanpitoarvo,958.67,ISO4217_EUR,2,MCY=x1742,https://avoindata.prh.fi/opendata-xbrl-api/v3/financial?businessId=0945992-6&financialDate=2025-09-30
5,0945992-6,Pudasjärven Puutarha Kukkahuone Oy,2025-09-30,2026-07-09,instant,,2024-09-30,x1742,Muut osakkeet ja osuudet,mi53,Kirjanpitoarvo,958.67,ISO4217_EUR,2,MCY=x1742;REF=x4,https://avoindata.prh.fi/opendata-xbrl-api/v3/financial?businessId=0945992-6&financialDate=2025-09-30
5,0945992-6,Pudasjärven Puutarha Kukkahuone Oy,2025-09-30,2026-07-09,instant,,2025-09-30,x583,Sijoitukset,mi53,Kirjanpitoarvo,958.67,ISO4217_EUR,2,MCY=x583,https://avoindata.prh.fi/opendata-xbrl-api/v3/financial?businessId=0945992-6&financialDate=2025-09-30
5,0945992-6,Pudasjärven Puutarha Kukkahuone Oy,2025-09-30,2026-07-09,instant,,2024-09-30,x583,Sijoitukset,mi53,Kirjanpitoarvo,958.67,ISO4217_EUR,2,MCY=x583;REF=x4,https://avoindata.prh.fi/opendata-xbrl-api/v3/financial?businessId=0945992-6&financialDate=2025-09-30
5,0945992-6,Pudasjärven Puutarha Kukkahuone Oy,2025-09-30,2026-07-09,instant,,2025-09-30,x513,Pysyvät vastaavat,mi53,Kirjanpitoarvo,60271.51,ISO4217_EUR,2,MCY=x513,https://avoindata.prh.fi/opendata-xbrl-api/v3/financial?businessId=0945992-6&financialDate=2025-09-30
5,0945992-6,Pudasjärven Puutarha Kukkahuone Oy,2025-09-30,2026-07-09,instant,,2024-09-30,x513,Pysyvät vastaavat,mi53,Kirjanpitoarvo,43136.35,ISO4217_EUR,2,MCY=x513;REF=x4,https://avoindata.prh.fi/opendata-xbrl-api/v3/financial?businessId=0945992-6&financialDate=2025-09-30
5,0945992-6,Pudasjärven Puutarha Kukkahuone Oy,2025-09-30,2026-07-09,instant,,2025-09-30,x1757,Aineet ja tarvikkeet,mi53,Kirjanpitoarvo,650.00,ISO4217_EUR,2,MCY=x1757,https://avoindata.prh.fi/opendata-xbrl-api/v3/financial?businessId=0945992-6&financialDate=2025-09-30
5,0945992-6,Pudasjärven Puutarha Kukkahuone Oy,2025-09-30,2026-07-09,instant,,2024-09-30,x1757,Aineet ja tarvikkeet,mi53,Kirjanpitoarvo,750.00,ISO4217_EUR,2,MCY=x1757;REF=x4,https://avoindata.prh.fi/opendata-xbrl-api/v3/financial?businessId=0945992-6&financialDate=2025-09-30
5,0945992-6,Pudasjärven Puutarha Kukkahuone Oy,2025-09-30,2026-07-09,instant,,2025-09-30,x807,Vaihto-omaisuus,mi53,Kirjanpitoarvo,650.00,ISO4217_EUR,2,MCY=x807,https://avoindata.prh.fi/opendata-xbrl-api/v3/financial?businessId=0945992-6&financialDate=2025-09-30
5,0945992-6,Pudasjärven Puutarha Kukkahuone Oy,2025-09-30,2026-07-09,instant,,2024-09-30,x807,Vaihto-omaisuus,mi53,Kirjanpitoarvo,750.00,ISO4217_EUR,2,MCY=x807;REF=x4,https://avoindata.prh.fi/opendata-xbrl-api/v3/financial?businessId=0945992-6&financialDate=2025-09-30
5,0945992-6,Pudasjärven Puutarha Kukkahuone Oy,2025-09-30,2026-07-09,instant,,2025-09-30,x1769,Lyhytaikaiset myyntisaamiset,mi53,Kirjanpitoarvo,0.00,ISO4217_EUR,2,MCY=x1769,https://avoindata.prh.fi/opendata-xbrl-api/v3/financial?businessId=0945992-6&financialDate=2025-09-30
5,0945992-6,Pudasjärven Puutarha Kukkahuone Oy,2025-09-30,2026-07-09,instant,,2024-09-30,x1769,Lyhytaikaiset myyntisaamiset,mi53,Kirjanpitoarvo,1757.83,ISO4217_EUR,2,MCY=x1769;REF=x4,https://avoindata.prh.fi/opendata-xbrl-api/v3/financial?businessId=0945992-6&financialDate=2025-09-30
5,0945992-6,Pudasjärven Puutarha Kukkahuone Oy,2025-09-30,2026-07-09,instant,,2025-09-30,x1771,Lyhytaikaiset muut saamiset,mi53,Kirjanpitoarvo,1846.85,ISO4217_EUR,2,MCY=x1771,https://avoindata.prh.fi/opendata-xbrl-api/v3/financial?businessId=0945992-6&financialDate=2025-09-30
5,0945992-6,Pudasjärven Puutarha Kukkahuone Oy,2025-09-30,2026-07-09,instant,,2024-09-30,x1771,Lyhytaikaiset muut saamiset,mi53,Kirjanpitoarvo,5954.13,ISO4217_EUR,2,MCY=x1771;REF=x4,https://avoindata.prh.fi/opendata-xbrl-api/v3/financial?businessId=0945992-6&financialDate=2025-09-30
5,0945992-6,Pudasjärven Puutarha Kukkahuone Oy,2025-09-30,2026-07-09,instant,,2025-09-30,x1775,Lyhytaikaiset siirtosaamiset,mi53,Kirjanpitoarvo,4147.51,ISO4217_EUR,2,MCY=x1775,https://avoindata.prh.fi/opendata-xbrl-api/v3/financial?businessId=0945992-6&financialDate=2025-09-30
5,0945992-6,Pudasjärven Puutarha Kukkahuone Oy,2025-09-30,2026-07-09,instant,,2024-09-30,x1775,Lyhytaikaiset siirtosaamiset,mi53,Kirjanpitoarvo,2262.65,ISO4217_EUR,2,MCY=x1775;REF=x4,https://avoindata.prh.fi/opendata-xbrl-api/v3/financial?businessId=0945992-6&financialDate=2025-09-30
5,0945992-6,Pudasjärven Puutarha Kukkahuone Oy,2025-09-30,2026-07-09,instant,,2025-09-30,x1768,Lyhytaikaiset saamiset,mi53,Kirjanpitoarvo,5994.36,ISO4217_EUR,2,MCY=x1768,https://avoindata.prh.fi/opendata-xbrl-api/v3/financial?businessId=0945992-6&financialDate=2025-09-30
5,0945992-6,Pudasjärven Puutarha Kukkahuone Oy,2025-09-30,2026-07-09,instant,,2024-09-30,x1768,Lyhytaikaiset saamiset,mi53,Kirjanpitoarvo,9974.61,ISO4217_EUR,2,MCY=x1768;REF=x4,https://avoindata.prh.fi/opendata-xbrl-api/v3/financial?businessId=0945992-6&financialDate=2025-09-30
5,0945992-6,Pudasjärven Puutarha Kukkahuone Oy,2025-09-30,2026-07-09,instant,,2025-09-30,x438,Saamiset,mi53,Kirjanpitoarvo,5994.36,ISO4217_EUR,2,MCY=x438,https://avoindata.prh.fi/opendata-xbrl-api/v3/financial?businessId=0945992-6&financialDate=2025-09-30
5,0945992-6,Pudasjärven Puutarha Kukkahuone Oy,2025-09-30,2026-07-09,instant,,2024-09-30,x438,Saamiset,mi53,Kirjanpitoarvo,9974.61,ISO4217_EUR,2,MCY=x438;REF=x4,https://avoindata.prh.fi/opendata-xbrl-api/v3/financial?businessId=0945992-6&financialDate=2025-09-30
5,0945992-6,Pudasjärven Puutarha Kukkahuone Oy,2025-09-30,2026-07-09,instant,,2025-09-30,x399,Rahat ja pankkisaamiset,mi53,Kirjanpitoarvo,60374.80,ISO4217_EUR,2,MCY=x399,https://avoindata.prh.fi/opendata-xbrl-api/v3/financial?businessId=0945992-6&financialDate=2025-09-30
5,0945992-6,Pudasjärven Puutarha Kukkahuone Oy,2025-09-30,2026-07-09,instant,,2024-09-30,x399,Rahat ja pankkisaamiset,mi53,Kirjanpitoarvo,63947.58,ISO4217_EUR,2,MCY=x399;REF=x4,https://avoindata.prh.fi/opendata-xbrl-api/v3/financial?businessId=0945992-6&financialDate=2025-09-30
5,0945992-6,Pudasjärven Puutarha Kukkahuone Oy,2025-09-30,2026-07-09,instant,,2025-09-30,x435,Vaihtuvat vastaavat,mi53,Kirjanpitoarvo,67019.16,ISO4217_EUR,2,MCY=x435,https://avoindata.prh.fi/opendata-xbrl-api/v3/financial?businessId=0945992-6&financialDate=2025-09-30
5,0945992-6,Pudasjärven Puutarha Kukkahuone Oy,2025-09-30,2026-07-09,instant,,2024-09-30,x435,Vaihtuvat vastaavat,mi53,Kirjanpitoarvo,74672.19,ISO4217_EUR,2,MCY=x435;REF=x4,https://avoindata.prh.fi/opendata-xbrl-api/v3/financial?businessId=0945992-6&financialDate=2025-09-30
5,0945992-6,Pudasjärven Puutarha Kukkahuone Oy,2025-09-30,2026-07-09,instant,,2025-09-30,x360,Vastaavaa,mi53,Kirjanpitoarvo,127290.67,ISO4217_EUR,2,MCY=x360,https://avoindata.prh.fi/opendata-xbrl-api/v3/financial?businessId=0945992-6&financialDate=2025-09-30
5,0945992-6,Pudasjärven Puutarha Kukkahuone Oy,2025-09-30,2026-07-09,instant,,2024-09-30,x360,Vastaavaa,mi53,Kirjanpitoarvo,117808.54,ISO4217_EUR,2,MCY=x360;REF=x4,https://avoindata.prh.fi/opendata-xbrl-api/v3/financial?businessId=0945992-6&financialDate=2025-09-30
5,0945992-6,Pudasjärven Puutarha Kukkahuone Oy,2025-09-30,2026-07-09,instant,,2025-09-30,x4116,"Osake-, osuus- tai muu vastaava pääoma",mi53,Kirjanpitoarvo,2522.82,ISO4217_EUR,2,MCY=x4116,https://avoindata.prh.fi/opendata-xbrl-api/v3/financial?businessId=0945992-6&financialDate=2025-09-30
5,0945992-6,Pudasjärven Puutarha Kukkahuone Oy,2025-09-30,2026-07-09,instant,,2024-09-30,x4116,"Osake-, osuus- tai muu vastaava pääoma",mi53,Kirjanpitoarvo,2522.82,ISO4217_EUR,2,MCY=x4116;REF=x4,https://avoindata.prh.fi/opendata-xbrl-api/v3/financial?businessId=0945992-6&financialDate=2025-09-30
5,0945992-6,Pudasjärven Puutarha Kukkahuone Oy,2025-09-30,2026-07-09,instant,,2025-09-30,x932,Edellisten tilikausien voitto (tappio),mi53,Kirjanpitoarvo,95655.59,ISO4217_EUR,2,MCY=x932,https://avoindata.prh.fi/opendata-xbrl-api/v3/financial?businessId=0945992-6&financialDate=2025-09-30
5,0945992-6,Pudasjärven Puutarha Kukkahuone Oy,2025-09-30,2026-07-09,instant,,2024-09-30,x932,Edellisten tilikausien voitto (tappio),mi53,Kirjanpitoarvo,106999.18,ISO4217_EUR,2,MCY=x932;REF=x4,https://avoindata.prh.fi/opendata-xbrl-api/v3/financial?businessId=0945992-6&financialDate=2025-09-30
5,0945992-6,Pudasjärven Puutarha Kukkahuone Oy,2025-09-30,2026-07-09,instant,,2025-09-30,x2895,"Tilikauden voitto (tappio), oma pääoma",mi53,Kirjanpitoarvo,-385.37,ISO4217_EUR,2,MCY=x2895,https://avoindata.prh.fi/opendata-xbrl-api/v3/financial?businessId=0945992-6&financialDate=2025-09-30
5,0945992-6,Pudasjärven Puutarha Kukkahuone Oy,2025-09-30,2026-07-09,instant,,2024-09-30,x2895,"Tilikauden voitto (tappio), oma pääoma",mi53,Kirjanpitoarvo,-2813.59,ISO4217_EUR,2,MCY=x2895;REF=x4,https://avoindata.prh.fi/opendata-xbrl-api/v3/financial?businessId=0945992-6&financialDate=2025-09-30
5,0945992-6,Pudasjärven Puutarha Kukkahuone Oy,2025-09-30,2026-07-09,instant,,2025-09-30,x376,Oma pääoma,mi53,Kirjanpitoarvo,97793.04,ISO4217_EUR,2,MCY=x376,https://avoindata.prh.fi/opendata-xbrl-api/v3/financial?businessId=0945992-6&financialDate=2025-09-30
5,0945992-6,Pudasjärven Puutarha Kukkahuone Oy,2025-09-30,2026-07-09,instant,,2024-09-30,x376,Oma pääoma,mi53,Kirjanpitoarvo,106708.41,ISO4217_EUR,2,MCY=x376;REF=x4,https://avoindata.prh.fi/opendata-xbrl-api/v3/financial?businessId=0945992-6&financialDate=2025-09-30
5,0945992-6,Pudasjärven Puutarha Kukkahuone Oy,2025-09-30,2026-07-09,instant,,2025-09-30,x2934,Pitkäaikaiset lainat rahoituslaitoksilta,mi53,Kirjanpitoarvo,16521.87,ISO4217_EUR,2,MCY=x2934,https://avoindata.prh.fi/opendata-xbrl-api/v3/financial?businessId=0945992-6&financialDate=2025-09-30
5,0945992-6,Pudasjärven Puutarha Kukkahuone Oy,2025-09-30,2026-07-09,instant,,2024-09-30,x2934,Pitkäaikaiset lainat rahoituslaitoksilta,mi53,Kirjanpitoarvo,0.00,ISO4217_EUR,2,MCY=x2934;REF=x4,https://avoindata.prh.fi/opendata-xbrl-api/v3/financial?businessId=0945992-6&financialDate=2025-09-30
5,0945992-6,Pudasjärven Puutarha Kukkahuone Oy,2025-09-30,2026-07-09,instant,,2025-09-30,x1830,Pitkäaikainen vieras pääoma,mi53,Kirjanpitoarvo,16521.87,ISO4217_EUR,2,MCY=x1830,https://avoindata.prh.fi/opendata-xbrl-api/v3/financial?businessId=0945992-6&financialDate=2025-09-30
5,0945992-6,Pudasjärven Puutarha Kukkahuone Oy,2025-09-30,2026-07-09,instant,,2024-09-30,x1830,Pitkäaikainen vieras pääoma,mi53,Kirjanpitoarvo,0.00,ISO4217_EUR,2,MCY=x1830;REF=x4,https://avoindata.prh.fi/opendata-xbrl-api/v3/financial?businessId=0945992-6&financialDate=2025-09-30
5,0945992-6,Pudasjärven Puutarha Kukkahuone Oy,2025-09-30,2026-07-09,instant,,2025-09-30,x3023,Lyhytaikaiset lainat rahoituslaitoksilta,mi53,Kirjanpitoarvo,3914.88,ISO4217_EUR,2,MCY=x3023,https://avoindata.prh.fi/opendata-xbrl-api/v3/financial?businessId=0945992-6&financialDate=2025-09-30
5,0945992-6,Pudasjärven Puutarha Kukkahuone Oy,2025-09-30,2026-07-09,instant,,2024-09-30,x3023,Lyhytaikaiset lainat rahoituslaitoksilta,mi53,Kirjanpitoarvo,0.00,ISO4217_EUR,2,MCY=x3023;REF=x4,https://avoindata.prh.fi/opendata-xbrl-api/v3/financial?businessId=0945992-6&financialDate=2025-09-30
5,0945992-6,Pudasjärven Puutarha Kukkahuone Oy,2025-09-30,2026-07-09,instant,,2025-09-30,x1819,Lyhytaikaiset ostovelat,mi53,Kirjanpitoarvo,6316.39,ISO4217_EUR,2,MCY=x1819,https://avoindata.prh.fi/opendata-xbrl-api/v3/financial?businessId=0945992-6&financialDate=2025-09-30
5,0945992-6,Pudasjärven Puutarha Kukkahuone Oy,2025-09-30,2026-07-09,instant,,2024-09-30,x1819,Lyhytaikaiset ostovelat,mi53,Kirjanpitoarvo,4477.74,ISO4217_EUR,2,MCY=x1819;REF=x4,https://avoindata.prh.fi/opendata-xbrl-api/v3/financial?businessId=0945992-6&financialDate=2025-09-30
5,0945992-6,Pudasjärven Puutarha Kukkahuone Oy,2025-09-30,2026-07-09,instant,,2025-09-30,x1825,Lyhytaikaiset muut velat,mi53,Kirjanpitoarvo,2367.80,ISO4217_EUR,2,MCY=x1825,https://avoindata.prh.fi/opendata-xbrl-api/v3/financial?businessId=0945992-6&financialDate=2025-09-30
5,0945992-6,Pudasjärven Puutarha Kukkahuone Oy,2025-09-30,2026-07-09,instant,,2024-09-30,x1825,Lyhytaikaiset muut velat,mi53,Kirjanpitoarvo,5989.08,ISO4217_EUR,2,MCY=x1825;REF=x4,https://avoindata.prh.fi/opendata-xbrl-api/v3/financial?businessId=0945992-6&financialDate=2025-09-30
5,0945992-6,Pudasjärven Puutarha Kukkahuone Oy,2025-09-30,2026-07-09,instant,,2025-09-30,x1826,Lyhytaikaiset siirtovelat,mi53,Kirjanpitoarvo,376.69,ISO4217_EUR,2,MCY=x1826,https://avoindata.prh.fi/opendata-xbrl-api/v3/financial?businessId=0945992-6&financialDate=2025-09-30
5,0945992-6,Pudasjärven Puutarha Kukkahuone Oy,2025-09-30,2026-07-09,instant,,2024-09-30,x1826,Lyhytaikaiset siirtovelat,mi53,Kirjanpitoarvo,633.31,ISO4217_EUR,2,MCY=x1826;REF=x4,https://avoindata.prh.fi/opendata-xbrl-api/v3/financial?businessId=0945992-6&financialDate=2025-09-30
5,0945992-6,Pudasjärven Puutarha Kukkahuone Oy,2025-09-30,2026-07-09,instant,,2025-09-30,x1811,Lyhytaikainen vieras pääoma,mi53,Kirjanpitoarvo,12975.76,ISO4217_EUR,2,MCY=x1811,https://avoindata.prh.fi/opendata-xbrl-api/v3/financial?businessId=0945992-6&financialDate=2025-09-30
5,0945992-6,Pudasjärven Puutarha Kukkahuone Oy,2025-09-30,2026-07-09,instant,,2024-09-30,x1811,Lyhytaikainen vieras pääoma,mi53,Kirjanpitoarvo,11100.13,ISO4217_EUR,2,MCY=x1811;REF=x4,https://avoindata.prh.fi/opendata-xbrl-api/v3/financial?businessId=0945992-6&financialDate=2025-09-30
5,0945992-6,Pudasjärven Puutarha Kukkahuone Oy,2025-09-30,2026-07-09,instant,,2025-09-30,x424,Vieras pääoma,mi53,Kirjanpitoarvo,29497.63,ISO4217_EUR,2,MCY=x424,https://avoindata.prh.fi/opendata-xbrl-api/v3/financial?businessId=0945992-6&financialDate=2025-09-30
5,0945992-6,Pudasjärven Puutarha Kukkahuone Oy,2025-09-30,2026-07-09,instant,,2024-09-30,x424,Vieras pääoma,mi53,Kirjanpitoarvo,11100.13,ISO4217_EUR,2,MCY=x424;REF=x4,https://avoindata.prh.fi/opendata-xbrl-api/v3/financial?businessId=0945992-6&financialDate=2025-09-30
5,0945992-6,Pudasjärven Puutarha Kukkahuone Oy,2025-09-30,2026-07-09,instant,,2025-09-30,x481,Vastattavaa,mi53,Kirjanpitoarvo,127290.67,ISO4217_EUR,2,MCY=x481,https://avoindata.prh.fi/opendata-xbrl-api/v3/financial?businessId=0945992-6&financialDate=2025-09-30
5,0945992-6,Pudasjärven Puutarha Kukkahuone Oy,2025-09-30,2026-07-09,instant,,2024-09-30,x481,Vastattavaa,mi53,Kirjanpitoarvo,117808.54,ISO4217_EUR,2,MCY=x481;REF=x4,https://avoindata.prh.fi/opendata-xbrl-api/v3/financial?businessId=0945992-6&financialDate=2025-09-30
5,0945992-6,Pudasjärven Puutarha Kukkahuone Oy,2025-09-30,2026-07-09,instant,,2025-09-30,x673,Liikevaihto,md103,Tilikauden rahallinen kertymä,253299.13,ISO4217_EUR,2,MCY=x673,https://avoindata.prh.fi/opendata-xbrl-api/v3/financial?businessId=0945992-6&financialDate=2025-09-30
5,0945992-6,Pudasjärven Puutarha Kukkahuone Oy,2025-09-30,2026-07-09,instant,,2024-09-30,x673,Liikevaihto,md103,Tilikauden rahallinen kertymä,256824.83,ISO4217_EUR,2,MCY=x673;REF=x53,https://avoindata.prh.fi/opendata-xbrl-api/v3/financial?businessId=0945992-6&financialDate=2025-09-30
5,0945992-6,Pudasjärven Puutarha Kukkahuone Oy,2025-09-30,2026-07-09,instant,,2025-09-30,x49,Liiketoiminnan muut tuotot,md103,Tilikauden rahallinen kertymä,10342.50,ISO4217_EUR,2,MCY=x49,https://avoindata.prh.fi/opendata-xbrl-api/v3/financial?businessId=0945992-6&financialDate=2025-09-30
5,0945992-6,Pudasjärven Puutarha Kukkahuone Oy,2025-09-30,2026-07-09,instant,,2024-09-30,x49,Liiketoiminnan muut tuotot,md103,Tilikauden rahallinen kertymä,11130.32,ISO4217_EUR,2,MCY=x49;REF=x53,https://avoindata.prh.fi/opendata-xbrl-api/v3/financial?businessId=0945992-6&financialDate=2025-09-30
5,0945992-6,Pudasjärven Puutarha Kukkahuone Oy,2025-09-30,2026-07-09,instant,,2025-09-30,x755,Ostot tilikauden aikana,md103,Tilikauden rahallinen kertymä,60776.17,ISO4217_EUR,2,MCY=x755,https://avoindata.prh.fi/opendata-xbrl-api/v3/financial?businessId=0945992-6&financialDate=2025-09-30
5,0945992-6,Pudasjärven Puutarha Kukkahuone Oy,2025-09-30,2026-07-09,instant,,2024-09-30,x755,Ostot tilikauden aikana,md103,Tilikauden rahallinen kertymä,63795.58,ISO4217_EUR,2,MCY=x755;REF=x53,https://avoindata.prh.fi/opendata-xbrl-api/v3/financial?businessId=0945992-6&financialDate=2025-09-30
5,0945992-6,Pudasjärven Puutarha Kukkahuone Oy,2025-09-30,2026-07-09,instant,,2025-09-30,x544,Varastojen lisäys (+) tai vähennys (-),md103,Tilikauden rahallinen kertymä,100.00,ISO4217_EUR,2,MCY=x544,https://avoindata.prh.fi/opendata-xbrl-api/v3/financial?businessId=0945992-6&financialDate=2025-09-30
5,0945992-6,Pudasjärven Puutarha Kukkahuone Oy,2025-09-30,2026-07-09,instant,,2024-09-30,x544,Varastojen lisäys (+) tai vähennys (-),md103,Tilikauden rahallinen kertymä,0.00,ISO4217_EUR,2,MCY=x544;REF=x53,https://avoindata.prh.fi/opendata-xbrl-api/v3/financial?businessId=0945992-6&financialDate=2025-09-30
5,0945992-6,Pudasjärven Puutarha Kukkahuone Oy,2025-09-30,2026-07-09,instant,,2025-09-30,x10,Palvelujen ostot,md103,Tilikauden rahallinen kertymä,0.00,ISO4217_EUR,2,MCY=x10,https://avoindata.prh.fi/opendata-xbrl-api/v3/financial?businessId=0945992-6&financialDate=2025-09-30
5,0945992-6,Pudasjärven Puutarha Kukkahuone Oy,2025-09-30,2026-07-09,instant,,2024-09-30,x10,Palvelujen ostot,md103,Tilikauden rahallinen kertymä,30.00,ISO4217_EUR,2,MCY=x10;REF=x53,https://avoindata.prh.fi/opendata-xbrl-api/v3/financial?businessId=0945992-6&financialDate=2025-09-30
5,0945992-6,Pudasjärven Puutarha Kukkahuone Oy,2025-09-30,2026-07-09,instant,,2025-09-30,x758,Materiaalit ja palvelut,md103,Tilikauden rahallinen kertymä,60876.17,ISO4217_EUR,2,MCY=x758,https://avoindata.prh.fi/opendata-xbrl-api/v3/financial?businessId=0945992-6&financialDate=2025-09-30
5,0945992-6,Pudasjärven Puutarha Kukkahuone Oy,2025-09-30,2026-07-09,instant,,2024-09-30,x758,Materiaalit ja palvelut,md103,Tilikauden rahallinen kertymä,63825.58,ISO4217_EUR,2,MCY=x758;REF=x53,https://avoindata.prh.fi/opendata-xbrl-api/v3/financial?businessId=0945992-6&financialDate=2025-09-30
5,0945992-6,Pudasjärven Puutarha Kukkahuone Oy,2025-09-30,2026-07-09,instant,,2025-09-30,x6,Palkat ja palkkiot,md103,Tilikauden rahallinen kertymä,77808.22,ISO4217_EUR,2,MCY=x6,https://avoindata.prh.fi/opendata-xbrl-api/v3/financial?businessId=0945992-6&financialDate=2025-09-30
5,0945992-6,Pudasjärven Puutarha Kukkahuone Oy,2025-09-30,2026-07-09,instant,,2024-09-30,x6,Palkat ja palkkiot,md103,Tilikauden rahallinen kertymä,87352.53,ISO4217_EUR,2,MCY=x6;REF=x53,https://avoindata.prh.fi/opendata-xbrl-api/v3/financial?businessId=0945992-6&financialDate=2025-09-30
5,0945992-6,Pudasjärven Puutarha Kukkahuone Oy,2025-09-30,2026-07-09,instant,,2025-09-30,x8,Eläkekulut,md103,Tilikauden rahallinen kertymä,23020.21,ISO4217_EUR,2,MCY=x8,https://avoindata.prh.fi/opendata-xbrl-api/v3/financial?businessId=0945992-6&financialDate=2025-09-30
5,0945992-6,Pudasjärven Puutarha Kukkahuone Oy,2025-09-30,2026-07-09,instant,,2024-09-30,x8,Eläkekulut,md103,Tilikauden rahallinen kertymä,22777.15,ISO4217_EUR,2,MCY=x8;REF=x53,https://avoindata.prh.fi/opendata-xbrl-api/v3/financial?businessId=0945992-6&financialDate=2025-09-30
5,0945992-6,Pudasjärven Puutarha Kukkahuone Oy,2025-09-30,2026-07-09,instant,,2025-09-30,x9,Muut henkilösivukulut,md103,Tilikauden rahallinen kertymä,10835.85,ISO4217_EUR,2,MCY=x9,https://avoindata.prh.fi/opendata-xbrl-api/v3/financial?businessId=0945992-6&financialDate=2025-09-30
5,0945992-6,Pudasjärven Puutarha Kukkahuone Oy,2025-09-30,2026-07-09,instant,,2024-09-30,x9,Muut henkilösivukulut,md103,Tilikauden rahallinen kertymä,11502.08,ISO4217_EUR,2,MCY=x9;REF=x53,https://avoindata.prh.fi/opendata-xbrl-api/v3/financial?businessId=0945992-6&financialDate=2025-09-30
5,0945992-6,Pudasjärven Puutarha Kukkahuone Oy,2025-09-30,2026-07-09,instant,,2025-09-30,x5,Henkilöstökulut,md103,Tilikauden rahallinen kertymä,111664.28,ISO4217_EUR,2,MCY=x5,https://avoindata.prh.fi/opendata-xbrl-api/v3/financial?businessId=0945992-6&financialDate=2025-09-30
5,0945992-6,Pudasjärven Puutarha Kukkahuone Oy,2025-09-30,2026-07-09,instant,,2024-09-30,x5,Henkilöstökulut,md103,Tilikauden rahallinen kertymä,121631.76,ISO4217_EUR,2,MCY=x5;REF=x53,https://avoindata.prh.fi/opendata-xbrl-api/v3/financial?businessId=0945992-6&financialDate=2025-09-30
5,0945992-6,Pudasjärven Puutarha Kukkahuone Oy,2025-09-30,2026-07-09,instant,,2025-09-30,x449,Suunnitelman mukaiset poistot,md103,Tilikauden rahallinen kertymä,21003.84,ISO4217_EUR,2,MCY=x449,https://avoindata.prh.fi/opendata-xbrl-api/v3/financial?businessId=0945992-6&financialDate=2025-09-30
5,0945992-6,Pudasjärven Puutarha Kukkahuone Oy,2025-09-30,2026-07-09,instant,,2024-09-30,x449,Suunnitelman mukaiset poistot,md103,Tilikauden rahallinen kertymä,7279.43,ISO4217_EUR,2,MCY=x449;REF=x53,https://avoindata.prh.fi/opendata-xbrl-api/v3/financial?businessId=0945992-6&financialDate=2025-09-30
5,0945992-6,Pudasjärven Puutarha Kukkahuone Oy,2025-09-30,2026-07-09,instant,,2025-09-30,x448,Poistot ja arvonalentumiset,md103,Tilikauden rahallinen kertymä,21003.84,ISO4217_EUR,2,MCY=x448,https://avoindata.prh.fi/opendata-xbrl-api/v3/financial?businessId=0945992-6&financialDate=2025-09-30
5,0945992-6,Pudasjärven Puutarha Kukkahuone Oy,2025-09-30,2026-07-09,instant,,2024-09-30,x448,Poistot ja arvonalentumiset,md103,Tilikauden rahallinen kertymä,7279.43,ISO4217_EUR,2,MCY=x448;REF=x53,https://avoindata.prh.fi/opendata-xbrl-api/v3/financial?businessId=0945992-6&financialDate=2025-09-30
5,0945992-6,Pudasjärven Puutarha Kukkahuone Oy,2025-09-30,2026-07-09,instant,,2025-09-30,x1869,Liiketoiminnan muut kulut,md103,Tilikauden rahallinen kertymä,70455.80,ISO4217_EUR,2,MCY=x1869,https://avoindata.prh.fi/opendata-xbrl-api/v3/financial?businessId=0945992-6&financialDate=2025-09-30
5,0945992-6,Pudasjärven Puutarha Kukkahuone Oy,2025-09-30,2026-07-09,instant,,2024-09-30,x1869,Liiketoiminnan muut kulut,md103,Tilikauden rahallinen kertymä,79209.23,ISO4217_EUR,2,MCY=x1869;REF=x53,https://avoindata.prh.fi/opendata-xbrl-api/v3/financial?businessId=0945992-6&financialDate=2025-09-30
5,0945992-6,Pudasjärven Puutarha Kukkahuone Oy,2025-09-30,2026-07-09,instant,,2025-09-30,x689,Liikevoitto (-tappio),md103,Tilikauden rahallinen kertymä,-358.46,ISO4217_EUR,2,MCY=x689,https://avoindata.prh.fi/opendata-xbrl-api/v3/financial?businessId=0945992-6&financialDate=2025-09-30
5,0945992-6,Pudasjärven Puutarha Kukkahuone Oy,2025-09-30,2026-07-09,instant,,2024-09-30,x689,Liikevoitto (-tappio),md103,Tilikauden rahallinen kertymä,-3990.85,ISO4217_EUR,2,MCY=x689;REF=x53,https://avoindata.prh.fi/opendata-xbrl-api/v3/financial?businessId=0945992-6&financialDate=2025-09-30
5,0945992-6,Pudasjärven Puutarha Kukkahuone Oy,2025-09-30,2026-07-09,instant,,2025-09-30,x4014,Muut korko- ja rahoitustuotot muilta kuin saman konsernin yrityksiltä,md103,Tilikauden rahallinen kertymä,1639.29,ISO4217_EUR,2,MCY=x4014,https://avoindata.prh.fi/opendata-xbrl-api/v3/financial?businessId=0945992-6&financialDate=2025-09-30
5,0945992-6,Pudasjärven Puutarha Kukkahuone Oy,2025-09-30,2026-07-09,instant,,2024-09-30,x4014,Muut korko- ja rahoitustuotot muilta kuin saman konsernin yrityksiltä,md103,Tilikauden rahallinen kertymä,1393.97,ISO4217_EUR,2,MCY=x4014;REF=x53,https://avoindata.prh.fi/opendata-xbrl-api/v3/financial?businessId=0945992-6&financialDate=2025-09-30
5,0945992-6,Pudasjärven Puutarha Kukkahuone Oy,2025-09-30,2026-07-09,instant,,2025-09-30,x4046,Korkokulut- ja muut rahoituskulut muille kuin saman konsernin yrityksille,md103,Tilikauden rahallinen kertymä,759.98,ISO4217_EUR,2,MCY=x4046,https://avoindata.prh.fi/opendata-xbrl-api/v3/financial?businessId=0945992-6&financialDate=2025-09-30
5,0945992-6,Pudasjärven Puutarha Kukkahuone Oy,2025-09-30,2026-07-09,instant,,2024-09-30,x4046,Korkokulut- ja muut rahoituskulut muille kuin saman konsernin yrityksille,md103,Tilikauden rahallinen kertymä,216.71,ISO4217_EUR,2,MCY=x4046;REF=x53,https://avoindata.prh.fi/opendata-xbrl-api/v3/financial?businessId=0945992-6&financialDate=2025-09-30
5,0945992-6,Pudasjärven Puutarha Kukkahuone Oy,2025-09-30,2026-07-09,instant,,2025-09-30,x12,Rahoitustuotot ja -kulut + (-),md103,Tilikauden rahallinen kertymä,-879.31,ISO4217_EUR,2,MCY=x12,https://avoindata.prh.fi/opendata-xbrl-api/v3/financial?businessId=0945992-6&financialDate=2025-09-30
5,0945992-6,Pudasjärven Puutarha Kukkahuone Oy,2025-09-30,2026-07-09,instant,,2024-09-30,x12,Rahoitustuotot ja -kulut + (-),md103,Tilikauden rahallinen kertymä,-1177.26,ISO4217_EUR,2,MCY=x12;REF=x53,https://avoindata.prh.fi/opendata-xbrl-api/v3/financial?businessId=0945992-6&financialDate=2025-09-30
5,0945992-6,Pudasjärven Puutarha Kukkahuone Oy,2025-09-30,2026-07-09,instant,,2025-09-30,x738,Voitto (tappio) ennen tilinpäätössiirtoja ja veroja,md103,Tilikauden rahallinen kertymä,520.85,ISO4217_EUR,2,MCY=x738,https://avoindata.prh.fi/opendata-xbrl-api/v3/financial?businessId=0945992-6&financialDate=2025-09-30
5,0945992-6,Pudasjärven Puutarha Kukkahuone Oy,2025-09-30,2026-07-09,instant,,2024-09-30,x738,Voitto (tappio) ennen tilinpäätössiirtoja ja veroja,md103,Tilikauden rahallinen kertymä,-2813.59,ISO4217_EUR,2,MCY=x738;REF=x53,https://avoindata.prh.fi/opendata-xbrl-api/v3/financial?businessId=0945992-6&financialDate=2025-09-30
5,0945992-6,Pudasjärven Puutarha Kukkahuone Oy,2025-09-30,2026-07-09,instant,,2025-09-30,x541,Tuloverot,md103,Tilikauden rahallinen kertymä,906.22,ISO4217_EUR,2,MCY=x541,https://avoindata.prh.fi/opendata-xbrl-api/v3/financial?businessId=0945992-6&financialDate=2025-09-30
5,0945992-6,Pudasjärven Puutarha Kukkahuone Oy,2025-09-30,2026-07-09,instant,,2024-09-30,x541,Tuloverot,md103,Tilikauden rahallinen kertymä,0.00,ISO4217_EUR,2,MCY=x541;REF=x53,https://avoindata.prh.fi/opendata-xbrl-api/v3/financial?businessId=0945992-6&financialDate=2025-09-30
5,0945992-6,Pudasjärven Puutarha Kukkahuone Oy,2025-09-30,2026-07-09,instant,,2025-09-30,x740,Tilikauden voitto (tappio),md103,Tilikauden rahallinen kertymä,-385.37,ISO4217_EUR,2,MCY=x740,https://avoindata.prh.fi/opendata-xbrl-api/v3/financial?businessId=0945992-6&financialDate=2025-09-30
5,0945992-6,Pudasjärven Puutarha Kukkahuone Oy,2025-09-30,2026-07-09,instant,,2024-09-30,x740,Tilikauden voitto (tappio),md103,Tilikauden rahallinen kertymä,-2813.59,ISO4217_EUR,2,MCY=x740;REF=x53,https://avoindata.prh.fi/opendata-xbrl-api/v3/financial?businessId=0945992-6&financialDate=2025-09-30
6,0947114-0,Lahden Väriasemointi Oy,2026-02-28,2026-09-09,instant,,2026-02-28,x1036,Koneet ja kalusto,mi53,Kirjanpitoarvo,8216.16,ISO4217_EUR,2,MCY=x1036,https://avoindata.prh.fi/opendata-xbrl-api/v3/financial?businessId=0947114-0&financialDate=2026-02-28
6,0947114-0,Lahden Väriasemointi Oy,2026-02-28,2026-09-09,instant,,2025-02-28,x1036,Koneet ja kalusto,mi53,Kirjanpitoarvo,10954.88,ISO4217_EUR,2,MCY=x1036;REF=x4,https://avoindata.prh.fi/opendata-xbrl-api/v3/financial?businessId=0947114-0&financialDate=2026-02-28
6,0947114-0,Lahden Väriasemointi Oy,2026-02-28,2026-09-09,instant,,2026-02-28,x816,Aineelliset hyödykkeet,mi53,Kirjanpitoarvo,8216.16,ISO4217_EUR,2,MCY=x816,https://avoindata.prh.fi/opendata-xbrl-api/v3/financial?businessId=0947114-0&financialDate=2026-02-28
6,0947114-0,Lahden Väriasemointi Oy,2026-02-28,2026-09-09,instant,,2025-02-28,x816,Aineelliset hyödykkeet,mi53,Kirjanpitoarvo,10954.88,ISO4217_EUR,2,MCY=x816;REF=x4,https://avoindata.prh.fi/opendata-xbrl-api/v3/financial?businessId=0947114-0&financialDate=2026-02-28
6,0947114-0,Lahden Väriasemointi Oy,2026-02-28,2026-09-09,instant,,2026-02-28,x513,Pysyvät vastaavat,mi53,Kirjanpitoarvo,8216.16,ISO4217_EUR,2,MCY=x513,https://avoindata.prh.fi/opendata-xbrl-api/v3/financial?businessId=0947114-0&financialDate=2026-02-28
6,0947114-0,Lahden Väriasemointi Oy,2026-02-28,2026-09-09,instant,,2025-02-28,x513,Pysyvät vastaavat,mi53,Kirjanpitoarvo,10954.88,ISO4217_EUR,2,MCY=x513;REF=x4,https://avoindata.prh.fi/opendata-xbrl-api/v3/financial?businessId=0947114-0&financialDate=2026-02-28
6,0947114-0,Lahden Väriasemointi Oy,2026-02-28,2026-09-09,instant,,2026-02-28,x1757,Aineet ja tarvikkeet,mi53,Kirjanpitoarvo,18829.88,ISO4217_EUR,2,MCY=x1757,https://avoindata.prh.fi/opendata-xbrl-api/v3/financial?businessId=0947114-0&financialDate=2026-02-28
6,0947114-0,Lahden Väriasemointi Oy,2026-02-28,2026-09-09,instant,,2025-02-28,x1757,Aineet ja tarvikkeet,mi53,Kirjanpitoarvo,18829.88,ISO4217_EUR,2,MCY=x1757;REF=x4,https://avoindata.prh.fi/opendata-xbrl-api/v3/financial?businessId=0947114-0&financialDate=2026-02-28
6,0947114-0,Lahden Väriasemointi Oy,2026-02-28,2026-09-09,instant,,2026-02-28,x807,Vaihto-omaisuus,mi53,Kirjanpitoarvo,18829.88,ISO4217_EUR,2,MCY=x807,https://avoindata.prh.fi/opendata-xbrl-api/v3/financial?businessId=0947114-0&financialDate=2026-02-28
6,0947114-0,Lahden Väriasemointi Oy,2026-02-28,2026-09-09,instant,,2025-02-28,x807,Vaihto-omaisuus,mi53,Kirjanpitoarvo,18829.88,ISO4217_EUR,2,MCY=x807;REF=x4,https://avoindata.prh.fi/opendata-xbrl-api/v3/financial?businessId=0947114-0&financialDate=2026-02-28
6,0947114-0,Lahden Väriasemointi Oy,2026-02-28,2026-09-09,instant,,2026-02-28,x1769,Lyhytaikaiset myyntisaamiset,mi53,Kirjanpitoarvo,2546.98,ISO4217_EUR,2,MCY=x1769,https://avoindata.prh.fi/opendata-xbrl-api/v3/financial?businessId=0947114-0&financialDate=2026-02-28
6,0947114-0,Lahden Väriasemointi Oy,2026-02-28,2026-09-09,instant,,2025-02-28,x1769,Lyhytaikaiset myyntisaamiset,mi53,Kirjanpitoarvo,9434.54,ISO4217_EUR,2,MCY=x1769;REF=x4,https://avoindata.prh.fi/opendata-xbrl-api/v3/financial?businessId=0947114-0&financialDate=2026-02-28
6,0947114-0,Lahden Väriasemointi Oy,2026-02-28,2026-09-09,instant,,2026-02-28,x1771,Lyhytaikaiset muut saamiset,mi53,Kirjanpitoarvo,409.27,ISO4217_EUR,2,MCY=x1771,https://avoindata.prh.fi/opendata-xbrl-api/v3/financial?businessId=0947114-0&financialDate=2026-02-28
6,0947114-0,Lahden Väriasemointi Oy,2026-02-28,2026-09-09,instant,,2025-02-28,x1771,Lyhytaikaiset muut saamiset,mi53,Kirjanpitoarvo,297.08,ISO4217_EUR,2,MCY=x1771;REF=x4,https://avoindata.prh.fi/opendata-xbrl-api/v3/financial?businessId=0947114-0&financialDate=2026-02-28
6,0947114-0,Lahden Väriasemointi Oy,2026-02-28,2026-09-09,instant,,2026-02-28,x1775,Lyhytaikaiset siirtosaamiset,mi53,Kirjanpitoarvo,294.23,ISO4217_EUR,2,MCY=x1775,https://avoindata.prh.fi/opendata-xbrl-api/v3/financial?businessId=0947114-0&financialDate=2026-02-28
6,0947114-0,Lahden Väriasemointi Oy,2026-02-28,2026-09-09,instant,,2025-02-28,x1775,Lyhytaikaiset siirtosaamiset,mi53,Kirjanpitoarvo,445.17,ISO4217_EUR,2,MCY=x1775;REF=x4,https://avoindata.prh.fi/opendata-xbrl-api/v3/financial?businessId=0947114-0&financialDate=2026-02-28
6,0947114-0,Lahden Väriasemointi Oy,2026-02-28,2026-09-09,instant,,2026-02-28,x1768,Lyhytaikaiset saamiset,mi53,Kirjanpitoarvo,3250.48,ISO4217_EUR,2,MCY=x1768,https://avoindata.prh.fi/opendata-xbrl-api/v3/financial?businessId=0947114-0&financialDate=2026-02-28
6,0947114-0,Lahden Väriasemointi Oy,2026-02-28,2026-09-09,instant,,2025-02-28,x1768,Lyhytaikaiset saamiset,mi53,Kirjanpitoarvo,10176.79,ISO4217_EUR,2,MCY=x1768;REF=x4,https://avoindata.prh.fi/opendata-xbrl-api/v3/financial?businessId=0947114-0&financialDate=2026-02-28
6,0947114-0,Lahden Väriasemointi Oy,2026-02-28,2026-09-09,instant,,2026-02-28,x438,Saamiset,mi53,Kirjanpitoarvo,3250.48,ISO4217_EUR,2,MCY=x438,https://avoindata.prh.fi/opendata-xbrl-api/v3/financial?businessId=0947114-0&financialDate=2026-02-28
6,0947114-0,Lahden Väriasemointi Oy,2026-02-28,2026-09-09,instant,,2025-02-28,x438,Saamiset,mi53,Kirjanpitoarvo,10176.79,ISO4217_EUR,2,MCY=x438;REF=x4,https://avoindata.prh.fi/opendata-xbrl-api/v3/financial?businessId=0947114-0&financialDate=2026-02-28
6,0947114-0,Lahden Väriasemointi Oy,2026-02-28,2026-09-09,instant,,2026-02-28,x399,Rahat ja pankkisaamiset,mi53,Kirjanpitoarvo,206.59,ISO4217_EUR,2,MCY=x399,https://avoindata.prh.fi/opendata-xbrl-api/v3/financial?businessId=0947114-0&financialDate=2026-02-28
6,0947114-0,Lahden Väriasemointi Oy,2026-02-28,2026-09-09,instant,,2025-02-28,x399,Rahat ja pankkisaamiset,mi53,Kirjanpitoarvo,41.75,ISO4217_EUR,2,MCY=x399;REF=x4,https://avoindata.prh.fi/opendata-xbrl-api/v3/financial?businessId=0947114-0&financialDate=2026-02-28
6,0947114-0,Lahden Väriasemointi Oy,2026-02-28,2026-09-09,instant,,2026-02-28,x435,Vaihtuvat vastaavat,mi53,Kirjanpitoarvo,22286.95,ISO4217_EUR,2,MCY=x435,https://avoindata.prh.fi/opendata-xbrl-api/v3/financial?businessId=0947114-0&financialDate=2026-02-28
6,0947114-0,Lahden Väriasemointi Oy,2026-02-28,2026-09-09,instant,,2025-02-28,x435,Vaihtuvat vastaavat,mi53,Kirjanpitoarvo,29048.42,ISO4217_EUR,2,MCY=x435;REF=x4,https://avoindata.prh.fi/opendata-xbrl-api/v3/financial?businessId=0947114-0&financialDate=2026-02-28
6,0947114-0,Lahden Väriasemointi Oy,2026-02-28,2026-09-09,instant,,2026-02-28,x360,Vastaavaa,mi53,Kirjanpitoarvo,30503.11,ISO4217_EUR,2,MCY=x360,https://avoindata.prh.fi/opendata-xbrl-api/v3/financial?businessId=0947114-0&financialDate=2026-02-28
6,0947114-0,Lahden Väriasemointi Oy,2026-02-28,2026-09-09,instant,,2025-02-28,x360,Vastaavaa,mi53,Kirjanpitoarvo,40003.30,ISO4217_EUR,2,MCY=x360;REF=x4,https://avoindata.prh.fi/opendata-xbrl-api/v3/financial?businessId=0947114-0&financialDate=2026-02-28
6,0947114-0,Lahden Väriasemointi Oy,2026-02-28,2026-09-09,instant,,2026-02-28,x4116,"Osake-, osuus- tai muu vastaava pääoma",mi53,Kirjanpitoarvo,2522.82,ISO4217_EUR,2,MCY=x4116,https://avoindata.prh.fi/opendata-xbrl-api/v3/financial?businessId=0947114-0&financialDate=2026-02-28
6,0947114-0,Lahden Väriasemointi Oy,2026-02-28,2026-09-09,instant,,2025-02-28,x4116,"Osake-, osuus- tai muu vastaava pääoma",mi53,Kirjanpitoarvo,2522.82,ISO4217_EUR,2,MCY=x4116;REF=x4,https://avoindata.prh.fi/opendata-xbrl-api/v3/financial?businessId=0947114-0&financialDate=2026-02-28
6,0947114-0,Lahden Väriasemointi Oy,2026-02-28,2026-09-09,instant,,2026-02-28,x932,Edellisten tilikausien voitto (tappio),mi53,Kirjanpitoarvo,-124812.50,ISO4217_EUR,2,MCY=x932,https://avoindata.prh.fi/opendata-xbrl-api/v3/financial?businessId=0947114-0&financialDate=2026-02-28
6,0947114-0,Lahden Väriasemointi Oy,2026-02-28,2026-09-09,instant,,2025-02-28,x932,Edellisten tilikausien voitto (tappio),mi53,Kirjanpitoarvo,-147617.14,ISO4217_EUR,2,MCY=x932;REF=x4,https://avoindata.prh.fi/opendata-xbrl-api/v3/financial?businessId=0947114-0&financialDate=2026-02-28
6,0947114-0,Lahden Väriasemointi Oy,2026-02-28,2026-09-09,instant,,2026-02-28,x2895,"Tilikauden voitto (tappio), oma pääoma",mi53,Kirjanpitoarvo,856.58,ISO4217_EUR,2,MCY=x2895,https://avoindata.prh.fi/opendata-xbrl-api/v3/financial?businessId=0947114-0&financialDate=2026-02-28
6,0947114-0,Lahden Väriasemointi Oy,2026-02-28,2026-09-09,instant,,2025-02-28,x2895,"Tilikauden voitto (tappio), oma pääoma",mi53,Kirjanpitoarvo,22804.64,ISO4217_EUR,2,MCY=x2895;REF=x4,https://avoindata.prh.fi/opendata-xbrl-api/v3/financial?businessId=0947114-0&financialDate=2026-02-28
6,0947114-0,Lahden Väriasemointi Oy,2026-02-28,2026-09-09,instant,,2026-02-28,x921,Pääomalaina,mi53,Kirjanpitoarvo,30000.00,ISO4217_EUR,2,MCY=x921,https://avoindata.prh.fi/opendata-xbrl-api/v3/financial?businessId=0947114-0&financialDate=2026-02-28
6,0947114-0,Lahden Väriasemointi Oy,2026-02-28,2026-09-09,instant,,2025-02-28,x921,Pääomalaina,mi53,Kirjanpitoarvo,30000.00,ISO4217_EUR,2,MCY=x921;REF=x4,https://avoindata.prh.fi/opendata-xbrl-api/v3/financial?businessId=0947114-0&financialDate=2026-02-28
6,0947114-0,Lahden Väriasemointi Oy,2026-02-28,2026-09-09,instant,,2026-02-28,x376,Oma pääoma,mi53,Kirjanpitoarvo,-91433.10,ISO4217_EUR,2,MCY=x376,https://avoindata.prh.fi/opendata-xbrl-api/v3/financial?businessId=0947114-0&financialDate=2026-02-28
6,0947114-0,Lahden Väriasemointi Oy,2026-02-28,2026-09-09,instant,,2025-02-28,x376,Oma pääoma,mi53,Kirjanpitoarvo,-92289.68,ISO4217_EUR,2,MCY=x376;REF=x4,https://avoindata.prh.fi/opendata-xbrl-api/v3/financial?businessId=0947114-0&financialDate=2026-02-28
6,0947114-0,Lahden Väriasemointi Oy,2026-02-28,2026-09-09,instant,,2026-02-28,x2934,Pitkäaikaiset lainat rahoituslaitoksilta,mi53,Kirjanpitoarvo,14833.92,ISO4217_EUR,2,MCY=x2934,https://avoindata.prh.fi/opendata-xbrl-api/v3/financial?businessId=0947114-0&financialDate=2026-02-28
6,0947114-0,Lahden Väriasemointi Oy,2026-02-28,2026-09-09,instant,,2025-02-28,x2934,Pitkäaikaiset lainat rahoituslaitoksilta,mi53,Kirjanpitoarvo,13806.92,ISO4217_EUR,2,MCY=x2934;REF=x4,https://avoindata.prh.fi/opendata-xbrl-api/v3/financial?businessId=0947114-0&financialDate=2026-02-28
6,0947114-0,Lahden Väriasemointi Oy,2026-02-28,2026-09-09,instant,,2026-02-28,x1830,Pitkäaikainen vieras pääoma,mi53,Kirjanpitoarvo,14833.92,ISO4217_EUR,2,MCY=x1830,https://avoindata.prh.fi/opendata-xbrl-api/v3/financial?businessId=0947114-0&financialDate=2026-02-28
6,0947114-0,Lahden Väriasemointi Oy,2026-02-28,2026-09-09,instant,,2025-02-28,x1830,Pitkäaikainen vieras pääoma,mi53,Kirjanpitoarvo,13806.92,ISO4217_EUR,2,MCY=x1830;REF=x4,https://avoindata.prh.fi/opendata-xbrl-api/v3/financial?businessId=0947114-0&financialDate=2026-02-28
6,0947114-0,Lahden Väriasemointi Oy,2026-02-28,2026-09-09,instant,,2026-02-28,x1819,Lyhytaikaiset ostovelat,mi53,Kirjanpitoarvo,9451.70,ISO4217_EUR,2,MCY=x1819,https://avoindata.prh.fi/opendata-xbrl-api/v3/financial?businessId=0947114-0&financialDate=2026-02-28
6,0947114-0,Lahden Väriasemointi Oy,2026-02-28,2026-09-09,instant,,2025-02-28,x1819,Lyhytaikaiset ostovelat,mi53,Kirjanpitoarvo,23280.47,ISO4217_EUR,2,MCY=x1819;REF=x4,https://avoindata.prh.fi/opendata-xbrl-api/v3/financial?businessId=0947114-0&financialDate=2026-02-28
6,0947114-0,Lahden Väriasemointi Oy,2026-02-28,2026-09-09,instant,,2026-02-28,x1825,Lyhytaikaiset muut velat,mi53,Kirjanpitoarvo,97650.59,ISO4217_EUR,2,MCY=x1825,https://avoindata.prh.fi/opendata-xbrl-api/v3/financial?businessId=0947114-0&financialDate=2026-02-28
6,0947114-0,Lahden Väriasemointi Oy,2026-02-28,2026-09-09,instant,,2025-02-28,x1825,Lyhytaikaiset muut velat,mi53,Kirjanpitoarvo,95205.59,ISO4217_EUR,2,MCY=x1825;REF=x4,https://avoindata.prh.fi/opendata-xbrl-api/v3/financial?businessId=0947114-0&financialDate=2026-02-28
6,0947114-0,Lahden Väriasemointi Oy,2026-02-28,2026-09-09,instant,,2026-02-28,x1811,Lyhytaikainen vieras pääoma,mi53,Kirjanpitoarvo,107102.29,ISO4217_EUR,2,MCY=x1811,https://avoindata.prh.fi/opendata-xbrl-api/v3/financial?businessId=0947114-0&financialDate=2026-02-28
6,0947114-0,Lahden Väriasemointi Oy,2026-02-28,2026-09-09,instant,,2025-02-28,x1811,Lyhytaikainen vieras pääoma,mi53,Kirjanpitoarvo,118486.06,ISO4217_EUR,2,MCY=x1811;REF=x4,https://avoindata.prh.fi/opendata-xbrl-api/v3/financial?businessId=0947114-0&financialDate=2026-02-28
6,0947114-0,Lahden Väriasemointi Oy,2026-02-28,2026-09-09,instant,,2026-02-28,x424,Vieras pääoma,mi53,Kirjanpitoarvo,121936.21,ISO4217_EUR,2,MCY=x424,https://avoindata.prh.fi/opendata-xbrl-api/v3/financial?businessId=0947114-0&financialDate=2026-02-28
6,0947114-0,Lahden Väriasemointi Oy,2026-02-28,2026-09-09,instant,,2025-02-28,x424,Vieras pääoma,mi53,Kirjanpitoarvo,132292.98,ISO4217_EUR,2,MCY=x424;REF=x4,https://avoindata.prh.fi/opendata-xbrl-api/v3/financial?businessId=0947114-0&financialDate=2026-02-28
6,0947114-0,Lahden Väriasemointi Oy,2026-02-28,2026-09-09,instant,,2026-02-28,x481,Vastattavaa,mi53,Kirjanpitoarvo,30503.11,ISO4217_EUR,2,MCY=x481,https://avoindata.prh.fi/opendata-xbrl-api/v3/financial?businessId=0947114-0&financialDate=2026-02-28
6,0947114-0,Lahden Väriasemointi Oy,2026-02-28,2026-09-09,instant,,2025-02-28,x481,Vastattavaa,mi53,Kirjanpitoarvo,40003.30,ISO4217_EUR,2,MCY=x481;REF=x4,https://avoindata.prh.fi/opendata-xbrl-api/v3/financial?businessId=0947114-0&financialDate=2026-02-28
6,0947114-0,Lahden Väriasemointi Oy,2026-02-28,2026-09-09,instant,,2026-02-28,x673,Liikevaihto,md103,Tilikauden rahallinen kertymä,35903.44,ISO4217_EUR,2,MCY=x673,https://avoindata.prh.fi/opendata-xbrl-api/v3/financial?businessId=0947114-0&financialDate=2026-02-28
6,0947114-0,Lahden Väriasemointi Oy,2026-02-28,2026-09-09,instant,,2025-02-28,x673,Liikevaihto,md103,Tilikauden rahallinen kertymä,79664.54,ISO4217_EUR,2,MCY=x673;REF=x53,https://avoindata.prh.fi/opendata-xbrl-api/v3/financial?businessId=0947114-0&financialDate=2026-02-28
6,0947114-0,Lahden Väriasemointi Oy,2026-02-28,2026-09-09,instant,,2026-02-28,x755,Ostot tilikauden aikana,md103,Tilikauden rahallinen kertymä,8099.22,ISO4217_EUR,2,MCY=x755,https://avoindata.prh.fi/opendata-xbrl-api/v3/financial?businessId=0947114-0&financialDate=2026-02-28
6,0947114-0,Lahden Väriasemointi Oy,2026-02-28,2026-09-09,instant,,2025-02-28,x755,Ostot tilikauden aikana,md103,Tilikauden rahallinen kertymä,20434.25,ISO4217_EUR,2,MCY=x755;REF=x53,https://avoindata.prh.fi/opendata-xbrl-api/v3/financial?businessId=0947114-0&financialDate=2026-02-28
6,0947114-0,Lahden Väriasemointi Oy,2026-02-28,2026-09-09,instant,,2026-02-28,x10,Palvelujen ostot,md103,Tilikauden rahallinen kertymä,0.00,ISO4217_EUR,2,MCY=x10,https://avoindata.prh.fi/opendata-xbrl-api/v3/financial?businessId=0947114-0&financialDate=2026-02-28
6,0947114-0,Lahden Väriasemointi Oy,2026-02-28,2026-09-09,instant,,2025-02-28,x10,Palvelujen ostot,md103,Tilikauden rahallinen kertymä,576.90,ISO4217_EUR,2,MCY=x10;REF=x53,https://avoindata.prh.fi/opendata-xbrl-api/v3/financial?businessId=0947114-0&financialDate=2026-02-28
6,0947114-0,Lahden Väriasemointi Oy,2026-02-28,2026-09-09,instant,,2026-02-28,x758,Materiaalit ja palvelut,md103,Tilikauden rahallinen kertymä,8099.22,ISO4217_EUR,2,MCY=x758,https://avoindata.prh.fi/opendata-xbrl-api/v3/financial?businessId=0947114-0&financialDate=2026-02-28
6,0947114-0,Lahden Väriasemointi Oy,2026-02-28,2026-09-09,instant,,2025-02-28,x758,Materiaalit ja palvelut,md103,Tilikauden rahallinen kertymä,21011.15,ISO4217_EUR,2,MCY=x758;REF=x53,https://avoindata.prh.fi/opendata-xbrl-api/v3/financial?businessId=0947114-0&financialDate=2026-02-28
6,0947114-0,Lahden Väriasemointi Oy,2026-02-28,2026-09-09,instant,,2026-02-28,x9,Muut henkilösivukulut,md103,Tilikauden rahallinen kertymä,58.79,ISO4217_EUR,2,MCY=x9,https://avoindata.prh.fi/opendata-xbrl-api/v3/financial?businessId=0947114-0&financialDate=2026-02-28
6,0947114-0,Lahden Väriasemointi Oy,2026-02-28,2026-09-09,instant,,2025-02-28,x9,Muut henkilösivukulut,md103,Tilikauden rahallinen kertymä,0.00,ISO4217_EUR,2,MCY=x9;REF=x53,https://avoindata.prh.fi/opendata-xbrl-api/v3/financial?businessId=0947114-0&financialDate=2026-02-28
6,0947114-0,Lahden Väriasemointi Oy,2026-02-28,2026-09-09,instant,,2026-02-28,x5,Henkilöstökulut,md103,Tilikauden rahallinen kertymä,58.79,ISO4217_EUR,2,MCY=x5,https://avoindata.prh.fi/opendata-xbrl-api/v3/financial?businessId=0947114-0&financialDate=2026-02-28
6,0947114-0,Lahden Väriasemointi Oy,2026-02-28,2026-09-09,instant,,2025-02-28,x5,Henkilöstökulut,md103,Tilikauden rahallinen kertymä,0.00,ISO4217_EUR,2,MCY=x5;REF=x53,https://avoindata.prh.fi/opendata-xbrl-api/v3/financial?businessId=0947114-0&financialDate=2026-02-28
6,0947114-0,Lahden Väriasemointi Oy,2026-02-28,2026-09-09,instant,,2026-02-28,x449,Suunnitelman mukaiset poistot,md103,Tilikauden rahallinen kertymä,2738.72,ISO4217_EUR,2,MCY=x449,https://avoindata.prh.fi/opendata-xbrl-api/v3/financial?businessId=0947114-0&financialDate=2026-02-28
6,0947114-0,Lahden Väriasemointi Oy,2026-02-28,2026-09-09,instant,,2025-02-28,x449,Suunnitelman mukaiset poistot,md103,Tilikauden rahallinen kertymä,3651.65,ISO4217_EUR,2,MCY=x449;REF=x53,https://avoindata.prh.fi/opendata-xbrl-api/v3/financial?businessId=0947114-0&financialDate=2026-02-28
6,0947114-0,Lahden Väriasemointi Oy,2026-02-28,2026-09-09,instant,,2026-02-28,x448,Poistot ja arvonalentumiset,md103,Tilikauden rahallinen kertymä,2738.72,ISO4217_EUR,2,MCY=x448,https://avoindata.prh.fi/opendata-xbrl-api/v3/financial?businessId=0947114-0&financialDate=2026-02-28
6,0947114-0,Lahden Väriasemointi Oy,2026-02-28,2026-09-09,instant,,2025-02-28,x448,Poistot ja arvonalentumiset,md103,Tilikauden rahallinen kertymä,3651.65,ISO4217_EUR,2,MCY=x448;REF=x53,https://avoindata.prh.fi/opendata-xbrl-api/v3/financial?businessId=0947114-0&financialDate=2026-02-28
6,0947114-0,Lahden Väriasemointi Oy,2026-02-28,2026-09-09,instant,,2026-02-28,x1869,Liiketoiminnan muut kulut,md103,Tilikauden rahallinen kertymä,21469.27,ISO4217_EUR,2,MCY=x1869,https://avoindata.prh.fi/opendata-xbrl-api/v3/financial?businessId=0947114-0&financialDate=2026-02-28
6,0947114-0,Lahden Väriasemointi Oy,2026-02-28,2026-09-09,instant,,2025-02-28,x1869,Liiketoiminnan muut kulut,md103,Tilikauden rahallinen kertymä,29376.21,ISO4217_EUR,2,MCY=x1869;REF=x53,https://avoindata.prh.fi/opendata-xbrl-api/v3/financial?businessId=0947114-0&financialDate=2026-02-28
6,0947114-0,Lahden Väriasemointi Oy,2026-02-28,2026-09-09,instant,,2026-02-28,x689,Liikevoitto (-tappio),md103,Tilikauden rahallinen kertymä,3537.44,ISO4217_EUR,2,MCY=x689,https://avoindata.prh.fi/opendata-xbrl-api/v3/financial?businessId=0947114-0&financialDate=2026-02-28
6,0947114-0,Lahden Väriasemointi Oy,2026-02-28,2026-09-09,instant,,2025-02-28,x689,Liikevoitto (-tappio),md103,Tilikauden rahallinen kertymä,25625.53,ISO4217_EUR,2,MCY=x689;REF=x53,https://avoindata.prh.fi/opendata-xbrl-api/v3/financial?businessId=0947114-0&financialDate=2026-02-28
6,0947114-0,Lahden Väriasemointi Oy,2026-02-28,2026-09-09,instant,,2026-02-28,x4014,Muut korko- ja rahoitustuotot muilta kuin saman konsernin yrityksiltä,md103,Tilikauden rahallinen kertymä,0.14,ISO4217_EUR,2,MCY=x4014,https://avoindata.prh.fi/opendata-xbrl-api/v3/financial?businessId=0947114-0&financialDate=2026-02-28
6,0947114-0,Lahden Väriasemointi Oy,2026-02-28,2026-09-09,instant,,2025-02-28,x4014,Muut korko- ja rahoitustuotot muilta kuin saman konsernin yrityksiltä,md103,Tilikauden rahallinen kertymä,0.81,ISO4217_EUR,2,MCY=x4014;REF=x53,https://avoindata.prh.fi/opendata-xbrl-api/v3/financial?businessId=0947114-0&financialDate=2026-02-28
6,0947114-0,Lahden Väriasemointi Oy,2026-02-28,2026-09-09,instant,,2026-02-28,x4046,Korkokulut- ja muut rahoituskulut muille kuin saman konsernin yrityksille,md103,Tilikauden rahallinen kertymä,2681.00,ISO4217_EUR,2,MCY=x4046,https://avoindata.prh.fi/opendata-xbrl-api/v3/financial?businessId=0947114-0&financialDate=2026-02-28
6,0947114-0,Lahden Väriasemointi Oy,2026-02-28,2026-09-09,instant,,2025-02-28,x4046,Korkokulut- ja muut rahoituskulut muille kuin saman konsernin yrityksille,md103,Tilikauden rahallinen kertymä,2821.70,ISO4217_EUR,2,MCY=x4046;REF=x53,https://avoindata.prh.fi/opendata-xbrl-api/v3/financial?businessId=0947114-0&financialDate=2026-02-28
6,0947114-0,Lahden Väriasemointi Oy,2026-02-28,2026-09-09,instant,,2026-02-28,x12,Rahoitustuotot ja -kulut + (-),md103,Tilikauden rahallinen kertymä,2680.86,ISO4217_EUR,2,MCY=x12,https://avoindata.prh.fi/opendata-xbrl-api/v3/financial?businessId=0947114-0&financialDate=2026-02-28
6,0947114-0,Lahden Väriasemointi Oy,2026-02-28,2026-09-09,instant,,2025-02-28,x12,Rahoitustuotot ja -kulut + (-),md103,Tilikauden rahallinen kertymä,2820.89,ISO4217_EUR,2,MCY=x12;REF=x53,https://avoindata.prh.fi/opendata-xbrl-api/v3/financial?businessId=0947114-0&financialDate=2026-02-28
6,0947114-0,Lahden Väriasemointi Oy,2026-02-28,2026-09-09,instant,,2026-02-28,x738,Voitto (tappio) ennen tilinpäätössiirtoja ja veroja,md103,Tilikauden rahallinen kertymä,856.58,ISO4217_EUR,2,MCY=x738,https://avoindata.prh.fi/opendata-xbrl-api/v3/financial?businessId=0947114-0&financialDate=2026-02-28
6,0947114-0,Lahden Väriasemointi Oy,2026-02-28,2026-09-09,instant,,2025-02-28,x738,Voitto (tappio) ennen tilinpäätössiirtoja ja veroja,md103,Tilikauden rahallinen kertymä,22804.64,ISO4217_EUR,2,MCY=x738;REF=x53,https://avoindata.prh.fi/opendata-xbrl-api/v3/financial?businessId=0947114-0&financialDate=2026-02-28
6,0947114-0,Lahden Väriasemointi Oy,2026-02-28,2026-09-09,instant,,2026-02-28,x740,Tilikauden voitto (tappio),md103,Tilikauden rahallinen kertymä,856.58,ISO4217_EUR,2,MCY=x740,https://avoindata.prh.fi/opendata-xbrl-api/v3/financial?businessId=0947114-0&financialDate=2026-02-28
6,0947114-0,Lahden Väriasemointi Oy,2026-02-28,2026-09-09,instant,,2025-02-28,x740,Tilikauden voitto (tappio),md103,Tilikauden rahallinen kertymä,22804.64,ISO4217_EUR,2,MCY=x740;REF=x53,https://avoindata.prh.fi/opendata-xbrl-api/v3/financial?businessId=0947114-0&financialDate=2026-02-28
7,0948009-8,Oy Chic Catering Ab,2025-12-31,2026-04-25,instant,,2025-12-31,x1036,Koneet ja kalusto,mi53,Kirjanpitoarvo,4190.70,ISO4217_EUR,2,MCY=x1036,https://avoindata.prh.fi/opendata-xbrl-api/v3/financial?businessId=0948009-8&financialDate=2025-12-31
7,0948009-8,Oy Chic Catering Ab,2025-12-31,2026-04-25,instant,,2024-12-31,x1036,Koneet ja kalusto,mi53,Kirjanpitoarvo,5587.60,ISO4217_EUR,2,MCY=x1036;REF=x4,https://avoindata.prh.fi/opendata-xbrl-api/v3/financial?businessId=0948009-8&financialDate=2025-12-31
7,0948009-8,Oy Chic Catering Ab,2025-12-31,2026-04-25,instant,,2025-12-31,x816,Aineelliset hyödykkeet,mi53,Kirjanpitoarvo,4190.70,ISO4217_EUR,2,MCY=x816,https://avoindata.prh.fi/opendata-xbrl-api/v3/financial?businessId=0948009-8&financialDate=2025-12-31
7,0948009-8,Oy Chic Catering Ab,2025-12-31,2026-04-25,instant,,2024-12-31,x816,Aineelliset hyödykkeet,mi53,Kirjanpitoarvo,5587.60,ISO4217_EUR,2,MCY=x816;REF=x4,https://avoindata.prh.fi/opendata-xbrl-api/v3/financial?businessId=0948009-8&financialDate=2025-12-31
7,0948009-8,Oy Chic Catering Ab,2025-12-31,2026-04-25,instant,,2025-12-31,x1742,Muut osakkeet ja osuudet,mi53,Kirjanpitoarvo,509169.27,ISO4217_EUR,2,MCY=x1742,https://avoindata.prh.fi/opendata-xbrl-api/v3/financial?businessId=0948009-8&financialDate=2025-12-31
7,0948009-8,Oy Chic Catering Ab,2025-12-31,2026-04-25,instant,,2024-12-31,x1742,Muut osakkeet ja osuudet,mi53,Kirjanpitoarvo,509169.27,ISO4217_EUR,2,MCY=x1742;REF=x4,https://avoindata.prh.fi/opendata-xbrl-api/v3/financial?businessId=0948009-8&financialDate=2025-12-31
7,0948009-8,Oy Chic Catering Ab,2025-12-31,2026-04-25,instant,,2025-12-31,x583,Sijoitukset,mi53,Kirjanpitoarvo,509169.27,ISO4217_EUR,2,MCY=x583,https://avoindata.prh.fi/opendata-xbrl-api/v3/financial?businessId=0948009-8&financialDate=2025-12-31
7,0948009-8,Oy Chic Catering Ab,2025-12-31,2026-04-25,instant,,2024-12-31,x583,Sijoitukset,mi53,Kirjanpitoarvo,509169.27,ISO4217_EUR,2,MCY=x583;REF=x4,https://avoindata.prh.fi/opendata-xbrl-api/v3/financial?businessId=0948009-8&financialDate=2025-12-31
7,0948009-8,Oy Chic Catering Ab,2025-12-31,2026-04-25,instant,,2025-12-31,x513,Pysyvät vastaavat,mi53,Kirjanpitoarvo,513359.97,ISO4217_EUR,2,MCY=x513,https://avoindata.prh.fi/opendata-xbrl-api/v3/financial?businessId=0948009-8&financialDate=2025-12-31
7,0948009-8,Oy Chic Catering Ab,2025-12-31,2026-04-25,instant,,2024-12-31,x513,Pysyvät vastaavat,mi53,Kirjanpitoarvo,514756.87,ISO4217_EUR,2,MCY=x513;REF=x4,https://avoindata.prh.fi/opendata-xbrl-api/v3/financial?businessId=0948009-8&financialDate=2025-12-31
7,0948009-8,Oy Chic Catering Ab,2025-12-31,2026-04-25,instant,,2025-12-31,x1757,Aineet ja tarvikkeet,mi53,Kirjanpitoarvo,2979.47,ISO4217_EUR,2,MCY=x1757,https://avoindata.prh.fi/opendata-xbrl-api/v3/financial?businessId=0948009-8&financialDate=2025-12-31
7,0948009-8,Oy Chic Catering Ab,2025-12-31,2026-04-25,instant,,2024-12-31,x1757,Aineet ja tarvikkeet,mi53,Kirjanpitoarvo,3941.23,ISO4217_EUR,2,MCY=x1757;REF=x4,https://avoindata.prh.fi/opendata-xbrl-api/v3/financial?businessId=0948009-8&financialDate=2025-12-31
7,0948009-8,Oy Chic Catering Ab,2025-12-31,2026-04-25,instant,,2025-12-31,x807,Vaihto-omaisuus,mi53,Kirjanpitoarvo,2979.47,ISO4217_EUR,2,MCY=x807,https://avoindata.prh.fi/opendata-xbrl-api/v3/financial?businessId=0948009-8&financialDate=2025-12-31
7,0948009-8,Oy Chic Catering Ab,2025-12-31,2026-04-25,instant,,2024-12-31,x807,Vaihto-omaisuus,mi53,Kirjanpitoarvo,3941.23,ISO4217_EUR,2,MCY=x807;REF=x4,https://avoindata.prh.fi/opendata-xbrl-api/v3/financial?businessId=0948009-8&financialDate=2025-12-31
7,0948009-8,Oy Chic Catering Ab,2025-12-31,2026-04-25,instant,,2025-12-31,x1764,Pitkäaikaiset muut saamiset,mi53,Kirjanpitoarvo,7328.00,ISO4217_EUR,2,MCY=x1764,https://avoindata.prh.fi/opendata-xbrl-api/v3/financial?businessId=0948009-8&financialDate=2025-12-31
7,0948009-8,Oy Chic Catering Ab,2025-12-31,2026-04-25,instant,,2024-12-31,x1764,Pitkäaikaiset muut saamiset,mi53,Kirjanpitoarvo,7328.00,ISO4217_EUR,2,MCY=x1764;REF=x4,https://avoindata.prh.fi/opendata-xbrl-api/v3/financial?businessId=0948009-8&financialDate=2025-12-31
7,0948009-8,Oy Chic Catering Ab,2025-12-31,2026-04-25,instant,,2025-12-31,x1761,Pitkäaikaiset saamiset,mi53,Kirjanpitoarvo,7328.00,ISO4217_EUR,2,MCY=x1761,https://avoindata.prh.fi/opendata-xbrl-api/v3/financial?businessId=0948009-8&financialDate=2025-12-31
7,0948009-8,Oy Chic Catering Ab,2025-12-31,2026-04-25,instant,,2024-12-31,x1761,Pitkäaikaiset saamiset,mi53,Kirjanpitoarvo,7328.00,ISO4217_EUR,2,MCY=x1761;REF=x4,https://avoindata.prh.fi/opendata-xbrl-api/v3/financial?businessId=0948009-8&financialDate=2025-12-31
7,0948009-8,Oy Chic Catering Ab,2025-12-31,2026-04-25,instant,,2025-12-31,x1769,Lyhytaikaiset myyntisaamiset,mi53,Kirjanpitoarvo,23320.02,ISO4217_EUR,2,MCY=x1769,https://avoindata.prh.fi/opendata-xbrl-api/v3/financial?businessId=0948009-8&financialDate=2025-12-31
7,0948009-8,Oy Chic Catering Ab,2025-12-31,2026-04-25,instant,,2024-12-31,x1769,Lyhytaikaiset myyntisaamiset,mi53,Kirjanpitoarvo,27735.21,ISO4217_EUR,2,MCY=x1769;REF=x4,https://avoindata.prh.fi/opendata-xbrl-api/v3/financial?businessId=0948009-8&financialDate=2025-12-31
7,0948009-8,Oy Chic Catering Ab,2025-12-31,2026-04-25,instant,,2025-12-31,x1775,Lyhytaikaiset siirtosaamiset,mi53,Kirjanpitoarvo,0.00,ISO4217_EUR,2,MCY=x1775,https://avoindata.prh.fi/opendata-xbrl-api/v3/financial?businessId=0948009-8&financialDate=2025-12-31
7,0948009-8,Oy Chic Catering Ab,2025-12-31,2026-04-25,instant,,2024-12-31,x1775,Lyhytaikaiset siirtosaamiset,mi53,Kirjanpitoarvo,2005.19,ISO4217_EUR,2,MCY=x1775;REF=x4,https://avoindata.prh.fi/opendata-xbrl-api/v3/financial?businessId=0948009-8&financialDate=2025-12-31
7,0948009-8,Oy Chic Catering Ab,2025-12-31,2026-04-25,instant,,2025-12-31,x1768,Lyhytaikaiset saamiset,mi53,Kirjanpitoarvo,23320.02,ISO4217_EUR,2,MCY=x1768,https://avoindata.prh.fi/opendata-xbrl-api/v3/financial?businessId=0948009-8&financialDate=2025-12-31
7,0948009-8,Oy Chic Catering Ab,2025-12-31,2026-04-25,instant,,2024-12-31,x1768,Lyhytaikaiset saamiset,mi53,Kirjanpitoarvo,29740.40,ISO4217_EUR,2,MCY=x1768;REF=x4,https://avoindata.prh.fi/opendata-xbrl-api/v3/financial?businessId=0948009-8&financialDate=2025-12-31
7,0948009-8,Oy Chic Catering Ab,2025-12-31,2026-04-25,instant,,2025-12-31,x438,Saamiset,mi53,Kirjanpitoarvo,30648.02,ISO4217_EUR,2,MCY=x438,https://avoindata.prh.fi/opendata-xbrl-api/v3/financial?businessId=0948009-8&financialDate=2025-12-31
7,0948009-8,Oy Chic Catering Ab,2025-12-31,2026-04-25,instant,,2024-12-31,x438,Saamiset,mi53,Kirjanpitoarvo,37068.40,ISO4217_EUR,2,MCY=x438;REF=x4,https://avoindata.prh.fi/opendata-xbrl-api/v3/financial?businessId=0948009-8&financialDate=2025-12-31
7,0948009-8,Oy Chic Catering Ab,2025-12-31,2026-04-25,instant,,2025-12-31,x399,Rahat ja pankkisaamiset,mi53,Kirjanpitoarvo,5362.37,ISO4217_EUR,2,MCY=x399,https://avoindata.prh.fi/opendata-xbrl-api/v3/financial?businessId=0948009-8&financialDate=2025-12-31
7,0948009-8,Oy Chic Catering Ab,2025-12-31,2026-04-25,instant,,2024-12-31,x399,Rahat ja pankkisaamiset,mi53,Kirjanpitoarvo,11689.56,ISO4217_EUR,2,MCY=x399;REF=x4,https://avoindata.prh.fi/opendata-xbrl-api/v3/financial?businessId=0948009-8&financialDate=2025-12-31
7,0948009-8,Oy Chic Catering Ab,2025-12-31,2026-04-25,instant,,2025-12-31,x435,Vaihtuvat vastaavat,mi53,Kirjanpitoarvo,38989.86,ISO4217_EUR,2,MCY=x435,https://avoindata.prh.fi/opendata-xbrl-api/v3/financial?businessId=0948009-8&financialDate=2025-12-31
7,0948009-8,Oy Chic Catering Ab,2025-12-31,2026-04-25,instant,,2024-12-31,x435,Vaihtuvat vastaavat,mi53,Kirjanpitoarvo,52699.19,ISO4217_EUR,2,MCY=x435;REF=x4,https://avoindata.prh.fi/opendata-xbrl-api/v3/financial?businessId=0948009-8&financialDate=2025-12-31
7,0948009-8,Oy Chic Catering Ab,2025-12-31,2026-04-25,instant,,2025-12-31,x360,Vastaavaa,mi53,Kirjanpitoarvo,552349.83,ISO4217_EUR,2,MCY=x360,https://avoindata.prh.fi/opendata-xbrl-api/v3/financial?businessId=0948009-8&financialDate=2025-12-31
7,0948009-8,Oy Chic Catering Ab,2025-12-31,2026-04-25,instant,,2024-12-31,x360,Vastaavaa,mi53,Kirjanpitoarvo,567456.06,ISO4217_EUR,2,MCY=x360;REF=x4,https://avoindata.prh.fi/opendata-xbrl-api/v3/financial?businessId=0948009-8&financialDate=2025-12-31
7,0948009-8,Oy Chic Catering Ab,2025-12-31,2026-04-25,instant,,2025-12-31,x4116,"Osake-, osuus- tai muu vastaava pääoma",mi53,Kirjanpitoarvo,8409.82,ISO4217_EUR,2,MCY=x4116,https://avoindata.prh.fi/opendata-xbrl-api/v3/financial?businessId=0948009-8&financialDate=2025-12-31
7,0948009-8,Oy Chic Catering Ab,2025-12-31,2026-04-25,instant,,2024-12-31,x4116,"Osake-, osuus- tai muu vastaava pääoma",mi53,Kirjanpitoarvo,8409.82,ISO4217_EUR,2,MCY=x4116;REF=x4,https://avoindata.prh.fi/opendata-xbrl-api/v3/financial?businessId=0948009-8&financialDate=2025-12-31
7,0948009-8,Oy Chic Catering Ab,2025-12-31,2026-04-25,instant,,2025-12-31,x932,Edellisten tilikausien voitto (tappio),mi53,Kirjanpitoarvo,405884.44,ISO4217_EUR,2,MCY=x932,https://avoindata.prh.fi/opendata-xbrl-api/v3/financial?businessId=0948009-8&financialDate=2025-12-31
7,0948009-8,Oy Chic Catering Ab,2025-12-31,2026-04-25,instant,,2024-12-31,x932,Edellisten tilikausien voitto (tappio),mi53,Kirjanpitoarvo,368137.26,ISO4217_EUR,2,MCY=x932;REF=x4,https://avoindata.prh.fi/opendata-xbrl-api/v3/financial?businessId=0948009-8&financialDate=2025-12-31
7,0948009-8,Oy Chic Catering Ab,2025-12-31,2026-04-25,instant,,2025-12-31,x2895,"Tilikauden voitto (tappio), oma pääoma",mi53,Kirjanpitoarvo,48289.41,ISO4217_EUR,2,MCY=x2895,https://avoindata.prh.fi/opendata-xbrl-api/v3/financial?businessId=0948009-8&financialDate=2025-12-31
7,0948009-8,Oy Chic Catering Ab,2025-12-31,2026-04-25,instant,,2024-12-31,x2895,"Tilikauden voitto (tappio), oma pääoma",mi53,Kirjanpitoarvo,72747.18,ISO4217_EUR,2,MCY=x2895;REF=x4,https://avoindata.prh.fi/opendata-xbrl-api/v3/financial?businessId=0948009-8&financialDate=2025-12-31
7,0948009-8,Oy Chic Catering Ab,2025-12-31,2026-04-25,instant,,2025-12-31,x376,Oma pääoma,mi53,Kirjanpitoarvo,462583.67,ISO4217_EUR,2,MCY=x376,https://avoindata.prh.fi/opendata-xbrl-api/v3/financial?businessId=0948009-8&financialDate=2025-12-31
7,0948009-8,Oy Chic Catering Ab,2025-12-31,2026-04-25,instant,,2024-12-31,x376,Oma pääoma,mi53,Kirjanpitoarvo,449294.26,ISO4217_EUR,2,MCY=x376;REF=x4,https://avoindata.prh.fi/opendata-xbrl-api/v3/financial?businessId=0948009-8&financialDate=2025-12-31
7,0948009-8,Oy Chic Catering Ab,2025-12-31,2026-04-25,instant,,2025-12-31,x2934,Pitkäaikaiset lainat rahoituslaitoksilta,mi53,Kirjanpitoarvo,22666.28,ISO4217_EUR,2,MCY=x2934,https://avoindata.prh.fi/opendata-xbrl-api/v3/financial?businessId=0948009-8&financialDate=2025-12-31
7,0948009-8,Oy Chic Catering Ab,2025-12-31,2026-04-25,instant,,2024-12-31,x2934,Pitkäaikaiset lainat rahoituslaitoksilta,mi53,Kirjanpitoarvo,38666.36,ISO4217_EUR,2,MCY=x2934;REF=x4,https://avoindata.prh.fi/opendata-xbrl-api/v3/financial?businessId=0948009-8&financialDate=2025-12-31
7,0948009-8,Oy Chic Catering Ab,2025-12-31,2026-04-25,instant,,2025-12-31,x1830,Pitkäaikainen vieras pääoma,mi53,Kirjanpitoarvo,22666.28,ISO4217_EUR,2,MCY=x1830,https://avoindata.prh.fi/opendata-xbrl-api/v3/financial?businessId=0948009-8&financialDate=2025-12-31
7,0948009-8,Oy Chic Catering Ab,2025-12-31,2026-04-25,instant,,2024-12-31,x1830,Pitkäaikainen vieras pääoma,mi53,Kirjanpitoarvo,38666.36,ISO4217_EUR,2,MCY=x1830;REF=x4,https://avoindata.prh.fi/opendata-xbrl-api/v3/financial?businessId=0948009-8&financialDate=2025-12-31
7,0948009-8,Oy Chic Catering Ab,2025-12-31,2026-04-25,instant,,2025-12-31,x3023,Lyhytaikaiset lainat rahoituslaitoksilta,mi53,Kirjanpitoarvo,16000.08,ISO4217_EUR,2,MCY=x3023,https://avoindata.prh.fi/opendata-xbrl-api/v3/financial?businessId=0948009-8&financialDate=2025-12-31
7,0948009-8,Oy Chic Catering Ab,2025-12-31,2026-04-25,instant,,2024-12-31,x3023,Lyhytaikaiset lainat rahoituslaitoksilta,mi53,Kirjanpitoarvo,25890.08,ISO4217_EUR,2,MCY=x3023;REF=x4,https://avoindata.prh.fi/opendata-xbrl-api/v3/financial?businessId=0948009-8&financialDate=2025-12-31
7,0948009-8,Oy Chic Catering Ab,2025-12-31,2026-04-25,instant,,2025-12-31,x1819,Lyhytaikaiset ostovelat,mi53,Kirjanpitoarvo,16716.84,ISO4217_EUR,2,MCY=x1819,https://avoindata.prh.fi/opendata-xbrl-api/v3/financial?businessId=0948009-8&financialDate=2025-12-31
7,0948009-8,Oy Chic Catering Ab,2025-12-31,2026-04-25,instant,,2024-12-31,x1819,Lyhytaikaiset ostovelat,mi53,Kirjanpitoarvo,18002.63,ISO4217_EUR,2,MCY=x1819;REF=x4,https://avoindata.prh.fi/opendata-xbrl-api/v3/financial?businessId=0948009-8&financialDate=2025-12-31
7,0948009-8,Oy Chic Catering Ab,2025-12-31,2026-04-25,instant,,2025-12-31,x1825,Lyhytaikaiset muut velat,mi53,Kirjanpitoarvo,16418.29,ISO4217_EUR,2,MCY=x1825,https://avoindata.prh.fi/opendata-xbrl-api/v3/financial?businessId=0948009-8&financialDate=2025-12-31
7,0948009-8,Oy Chic Catering Ab,2025-12-31,2026-04-25,instant,,2024-12-31,x1825,Lyhytaikaiset muut velat,mi53,Kirjanpitoarvo,5825.84,ISO4217_EUR,2,MCY=x1825;REF=x4,https://avoindata.prh.fi/opendata-xbrl-api/v3/financial?businessId=0948009-8&financialDate=2025-12-31
7,0948009-8,Oy Chic Catering Ab,2025-12-31,2026-04-25,instant,,2025-12-31,x1826,Lyhytaikaiset siirtovelat,mi53,Kirjanpitoarvo,17964.67,ISO4217_EUR,2,MCY=x1826,https://avoindata.prh.fi/opendata-xbrl-api/v3/financial?businessId=0948009-8&financialDate=2025-12-31
7,0948009-8,Oy Chic Catering Ab,2025-12-31,2026-04-25,instant,,2024-12-31,x1826,Lyhytaikaiset siirtovelat,mi53,Kirjanpitoarvo,29776.89,ISO4217_EUR,2,MCY=x1826;REF=x4,https://avoindata.prh.fi/opendata-xbrl-api/v3/financial?businessId=0948009-8&financialDate=2025-12-31
7,0948009-8,Oy Chic Catering Ab,2025-12-31,2026-04-25,instant,,2025-12-31,x1811,Lyhytaikainen vieras pääoma,mi53,Kirjanpitoarvo,67099.88,ISO4217_EUR,2,MCY=x1811,https://avoindata.prh.fi/opendata-xbrl-api/v3/financial?businessId=0948009-8&financialDate=2025-12-31
7,0948009-8,Oy Chic Catering Ab,2025-12-31,2026-04-25,instant,,2024-12-31,x1811,Lyhytaikainen vieras pääoma,mi53,Kirjanpitoarvo,79495.44,ISO4217_EUR,2,MCY=x1811;REF=x4,https://avoindata.prh.fi/opendata-xbrl-api/v3/financial?businessId=0948009-8&financialDate=2025-12-31
7,0948009-8,Oy Chic Catering Ab,2025-12-31,2026-04-25,instant,,2025-12-31,x424,Vieras pääoma,mi53,Kirjanpitoarvo,89766.16,ISO4217_EUR,2,MCY=x424,https://avoindata.prh.fi/opendata-xbrl-api/v3/financial?businessId=0948009-8&financialDate=2025-12-31
7,0948009-8,Oy Chic Catering Ab,2025-12-31,2026-04-25,instant,,2024-12-31,x424,Vieras pääoma,mi53,Kirjanpitoarvo,118161.80,ISO4217_EUR,2,MCY=x424;REF=x4,https://avoindata.prh.fi/opendata-xbrl-api/v3/financial?businessId=0948009-8&financialDate=2025-12-31
7,0948009-8,Oy Chic Catering Ab,2025-12-31,2026-04-25,instant,,2025-12-31,x481,Vastattavaa,mi53,Kirjanpitoarvo,552349.83,ISO4217_EUR,2,MCY=x481,https://avoindata.prh.fi/opendata-xbrl-api/v3/financial?businessId=0948009-8&financialDate=2025-12-31
7,0948009-8,Oy Chic Catering Ab,2025-12-31,2026-04-25,instant,,2024-12-31,x481,Vastattavaa,mi53,Kirjanpitoarvo,567456.06,ISO4217_EUR,2,MCY=x481;REF=x4,https://avoindata.prh.fi/opendata-xbrl-api/v3/financial?businessId=0948009-8&financialDate=2025-12-31
7,0948009-8,Oy Chic Catering Ab,2025-12-31,2026-04-25,instant,,2025-12-31,x673,Liikevaihto,md103,Tilikauden rahallinen kertymä,415949.23,ISO4217_EUR,2,MCY=x673,https://avoindata.prh.fi/opendata-xbrl-api/v3/financial?businessId=0948009-8&financialDate=2025-12-31
7,0948009-8,Oy Chic Catering Ab,2025-12-31,2026-04-25,instant,,2024-12-31,x673,Liikevaihto,md103,Tilikauden rahallinen kertymä,435507.32,ISO4217_EUR,2,MCY=x673;REF=x53,https://avoindata.prh.fi/opendata-xbrl-api/v3/financial?businessId=0948009-8&financialDate=2025-12-31
7,0948009-8,Oy Chic Catering Ab,2025-12-31,2026-04-25,instant,,2025-12-31,x49,Liiketoiminnan muut tuotot,md103,Tilikauden rahallinen kertymä,598.66,ISO4217_EUR,2,MCY=x49,https://avoindata.prh.fi/opendata-xbrl-api/v3/financial?businessId=0948009-8&financialDate=2025-12-31
7,0948009-8,Oy Chic Catering Ab,2025-12-31,2026-04-25,instant,,2024-12-31,x49,Liiketoiminnan muut tuotot,md103,Tilikauden rahallinen kertymä,698.01,ISO4217_EUR,2,MCY=x49;REF=x53,https://avoindata.prh.fi/opendata-xbrl-api/v3/financial?businessId=0948009-8&financialDate=2025-12-31
7,0948009-8,Oy Chic Catering Ab,2025-12-31,2026-04-25,instant,,2025-12-31,x755,Ostot tilikauden aikana,md103,Tilikauden rahallinen kertymä,141152.52,ISO4217_EUR,2,MCY=x755,https://avoindata.prh.fi/opendata-xbrl-api/v3/financial?businessId=0948009-8&financialDate=2025-12-31
7,0948009-8,Oy Chic Catering Ab,2025-12-31,2026-04-25,instant,,2024-12-31,x755,Ostot tilikauden aikana,md103,Tilikauden rahallinen kertymä,152243.37,ISO4217_EUR,2,MCY=x755;REF=x53,https://avoindata.prh.fi/opendata-xbrl-api/v3/financial?businessId=0948009-8&financialDate=2025-12-31
7,0948009-8,Oy Chic Catering Ab,2025-12-31,2026-04-25,instant,,2025-12-31,x544,Varastojen lisäys (+) tai vähennys (-),md103,Tilikauden rahallinen kertymä,961.76,ISO4217_EUR,2,MCY=x544,https://avoindata.prh.fi/opendata-xbrl-api/v3/financial?businessId=0948009-8&financialDate=2025-12-31
7,0948009-8,Oy Chic Catering Ab,2025-12-31,2026-04-25,instant,,2024-12-31,x544,Varastojen lisäys (+) tai vähennys (-),md103,Tilikauden rahallinen kertymä,2192.23,ISO4217_EUR,2,MCY=x544;REF=x53,https://avoindata.prh.fi/opendata-xbrl-api/v3/financial?businessId=0948009-8&financialDate=2025-12-31
7,0948009-8,Oy Chic Catering Ab,2025-12-31,2026-04-25,instant,,2025-12-31,x10,Palvelujen ostot,md103,Tilikauden rahallinen kertymä,7679.39,ISO4217_EUR,2,MCY=x10,https://avoindata.prh.fi/opendata-xbrl-api/v3/financial?businessId=0948009-8&financialDate=2025-12-31
7,0948009-8,Oy Chic Catering Ab,2025-12-31,2026-04-25,instant,,2024-12-31,x10,Palvelujen ostot,md103,Tilikauden rahallinen kertymä,9394.99,ISO4217_EUR,2,MCY=x10;REF=x53,https://avoindata.prh.fi/opendata-xbrl-api/v3/financial?businessId=0948009-8&financialDate=2025-12-31
7,0948009-8,Oy Chic Catering Ab,2025-12-31,2026-04-25,instant,,2025-12-31,x758,Materiaalit ja palvelut,md103,Tilikauden rahallinen kertymä,149793.67,ISO4217_EUR,2,MCY=x758,https://avoindata.prh.fi/opendata-xbrl-api/v3/financial?businessId=0948009-8&financialDate=2025-12-31
7,0948009-8,Oy Chic Catering Ab,2025-12-31,2026-04-25,instant,,2024-12-31,x758,Materiaalit ja palvelut,md103,Tilikauden rahallinen kertymä,163830.59,ISO4217_EUR,2,MCY=x758;REF=x53,https://avoindata.prh.fi/opendata-xbrl-api/v3/financial?businessId=0948009-8&financialDate=2025-12-31
7,0948009-8,Oy Chic Catering Ab,2025-12-31,2026-04-25,instant,,2025-12-31,x6,Palkat ja palkkiot,md103,Tilikauden rahallinen kertymä,115530.52,ISO4217_EUR,2,MCY=x6,https://avoindata.prh.fi/opendata-xbrl-api/v3/financial?businessId=0948009-8&financialDate=2025-12-31
7,0948009-8,Oy Chic Catering Ab,2025-12-31,2026-04-25,instant,,2024-12-31,x6,Palkat ja palkkiot,md103,Tilikauden rahallinen kertymä,130059.45,ISO4217_EUR,2,MCY=x6;REF=x53,https://avoindata.prh.fi/opendata-xbrl-api/v3/financial?businessId=0948009-8&financialDate=2025-12-31
7,0948009-8,Oy Chic Catering Ab,2025-12-31,2026-04-25,instant,,2025-12-31,x8,Eläkekulut,md103,Tilikauden rahallinen kertymä,25684.53,ISO4217_EUR,2,MCY=x8,https://avoindata.prh.fi/opendata-xbrl-api/v3/financial?businessId=0948009-8&financialDate=2025-12-31
7,0948009-8,Oy Chic Catering Ab,2025-12-31,2026-04-25,instant,,2024-12-31,x8,Eläkekulut,md103,Tilikauden rahallinen kertymä,27431.34,ISO4217_EUR,2,MCY=x8;REF=x53,https://avoindata.prh.fi/opendata-xbrl-api/v3/financial?businessId=0948009-8&financialDate=2025-12-31
7,0948009-8,Oy Chic Catering Ab,2025-12-31,2026-04-25,instant,,2025-12-31,x9,Muut henkilösivukulut,md103,Tilikauden rahallinen kertymä,3413.56,ISO4217_EUR,2,MCY=x9,https://avoindata.prh.fi/opendata-xbrl-api/v3/financial?businessId=0948009-8&financialDate=2025-12-31
7,0948009-8,Oy Chic Catering Ab,2025-12-31,2026-04-25,instant,,2024-12-31,x9,Muut henkilösivukulut,md103,Tilikauden rahallinen kertymä,4746.83,ISO4217_EUR,2,MCY=x9;REF=x53,https://avoindata.prh.fi/opendata-xbrl-api/v3/financial?businessId=0948009-8&financialDate=2025-12-31
7,0948009-8,Oy Chic Catering Ab,2025-12-31,2026-04-25,instant,,2025-12-31,x5,Henkilöstökulut,md103,Tilikauden rahallinen kertymä,144628.61,ISO4217_EUR,2,MCY=x5,https://avoindata.prh.fi/opendata-xbrl-api/v3/financial?businessId=0948009-8&financialDate=2025-12-31
7,0948009-8,Oy Chic Catering Ab,2025-12-31,2026-04-25,instant,,2024-12-31,x5,Henkilöstökulut,md103,Tilikauden rahallinen kertymä,162237.62,ISO4217_EUR,2,MCY=x5;REF=x53,https://avoindata.prh.fi/opendata-xbrl-api/v3/financial?businessId=0948009-8&financialDate=2025-12-31
7,0948009-8,Oy Chic Catering Ab,2025-12-31,2026-04-25,instant,,2025-12-31,x449,Suunnitelman mukaiset poistot,md103,Tilikauden rahallinen kertymä,1396.90,ISO4217_EUR,2,MCY=x449,https://avoindata.prh.fi/opendata-xbrl-api/v3/financial?businessId=0948009-8&financialDate=2025-12-31
7,0948009-8,Oy Chic Catering Ab,2025-12-31,2026-04-25,instant,,2024-12-31,x449,Suunnitelman mukaiset poistot,md103,Tilikauden rahallinen kertymä,1862.22,ISO4217_EUR,2,MCY=x449;REF=x53,https://avoindata.prh.fi/opendata-xbrl-api/v3/financial?businessId=0948009-8&financialDate=2025-12-31
7,0948009-8,Oy Chic Catering Ab,2025-12-31,2026-04-25,instant,,2025-12-31,x448,Poistot ja arvonalentumiset,md103,Tilikauden rahallinen kertymä,1396.90,ISO4217_EUR,2,MCY=x448,https://avoindata.prh.fi/opendata-xbrl-api/v3/financial?businessId=0948009-8&financialDate=2025-12-31
7,0948009-8,Oy Chic Catering Ab,2025-12-31,2026-04-25,instant,,2024-12-31,x448,Poistot ja arvonalentumiset,md103,Tilikauden rahallinen kertymä,1862.22,ISO4217_EUR,2,MCY=x448;REF=x53,https://avoindata.prh.fi/opendata-xbrl-api/v3/financial?businessId=0948009-8&financialDate=2025-12-31
7,0948009-8,Oy Chic Catering Ab,2025-12-31,2026-04-25,instant,,2025-12-31,x1869,Liiketoiminnan muut kulut,md103,Tilikauden rahallinen kertymä,88985.91,ISO4217_EUR,2,MCY=x1869,https://avoindata.prh.fi/opendata-xbrl-api/v3/financial?businessId=0948009-8&financialDate=2025-12-31
7,0948009-8,Oy Chic Catering Ab,2025-12-31,2026-04-25,instant,,2024-12-31,x1869,Liiketoiminnan muut kulut,md103,Tilikauden rahallinen kertymä,87357.65,ISO4217_EUR,2,MCY=x1869;REF=x53,https://avoindata.prh.fi/opendata-xbrl-api/v3/financial?businessId=0948009-8&financialDate=2025-12-31
7,0948009-8,Oy Chic Catering Ab,2025-12-31,2026-04-25,instant,,2025-12-31,x689,Liikevoitto (-tappio),md103,Tilikauden rahallinen kertymä,31742.80,ISO4217_EUR,2,MCY=x689,https://avoindata.prh.fi/opendata-xbrl-api/v3/financial?businessId=0948009-8&financialDate=2025-12-31
7,0948009-8,Oy Chic Catering Ab,2025-12-31,2026-04-25,instant,,2024-12-31,x689,Liikevoitto (-tappio),md103,Tilikauden rahallinen kertymä,20917.25,ISO4217_EUR,2,MCY=x689;REF=x53,https://avoindata.prh.fi/opendata-xbrl-api/v3/financial?businessId=0948009-8&financialDate=2025-12-31
7,0948009-8,Oy Chic Catering Ab,2025-12-31,2026-04-25,instant,,2025-12-31,x4133,"Tuotot muista pysyvien vastaavien sijoituksista, muilta yrityksiltä saadut",md103,Tilikauden rahallinen kertymä,32255.33,ISO4217_EUR,2,MCY=x4133,https://avoindata.prh.fi/opendata-xbrl-api/v3/financial?businessId=0948009-8&financialDate=2025-12-31
7,0948009-8,Oy Chic Catering Ab,2025-12-31,2026-04-25,instant,,2024-12-31,x4133,"Tuotot muista pysyvien vastaavien sijoituksista, muilta yrityksiltä saadut",md103,Tilikauden rahallinen kertymä,87698.57,ISO4217_EUR,2,MCY=x4133;REF=x53,https://avoindata.prh.fi/opendata-xbrl-api/v3/financial?businessId=0948009-8&financialDate=2025-12-31
7,0948009-8,Oy Chic Catering Ab,2025-12-31,2026-04-25,instant,,2025-12-31,x4014,Muut korko- ja rahoitustuotot muilta kuin saman konsernin yrityksiltä,md103,Tilikauden rahallinen kertymä,0.22,ISO4217_EUR,2,MCY=x4014,https://avoindata.prh.fi/opendata-xbrl-api/v3/financial?businessId=0948009-8&financialDate=2025-12-31
7,0948009-8,Oy Chic Catering Ab,2025-12-31,2026-04-25,instant,,2024-12-31,x4014,Muut korko- ja rahoitustuotot muilta kuin saman konsernin yrityksiltä,md103,Tilikauden rahallinen kertymä,0.13,ISO4217_EUR,2,MCY=x4014;REF=x53,https://avoindata.prh.fi/opendata-xbrl-api/v3/financial?businessId=0948009-8&financialDate=2025-12-31
7,0948009-8,Oy Chic Catering Ab,2025-12-31,2026-04-25,instant,,2025-12-31,x4046,Korkokulut- ja muut rahoituskulut muille kuin saman konsernin yrityksille,md103,Tilikauden rahallinen kertymä,2866.65,ISO4217_EUR,2,MCY=x4046,https://avoindata.prh.fi/opendata-xbrl-api/v3/financial?businessId=0948009-8&financialDate=2025-12-31
7,0948009-8,Oy Chic Catering Ab,2025-12-31,2026-04-25,instant,,2024-12-31,x4046,Korkokulut- ja muut rahoituskulut muille kuin saman konsernin yrityksille,md103,Tilikauden rahallinen kertymä,16967.45,ISO4217_EUR,2,MCY=x4046;REF=x53,https://avoindata.prh.fi/opendata-xbrl-api/v3/financial?businessId=0948009-8&financialDate=2025-12-31
7,0948009-8,Oy Chic Catering Ab,2025-12-31,2026-04-25,instant,,2025-12-31,x12,Rahoitustuotot ja -kulut + (-),md103,Tilikauden rahallinen kertymä,-29388.90,ISO4217_EUR,2,MCY=x12,https://avoindata.prh.fi/opendata-xbrl-api/v3/financial?businessId=0948009-8&financialDate=2025-12-31
7,0948009-8,Oy Chic Catering Ab,2025-12-31,2026-04-25,instant,,2024-12-31,x12,Rahoitustuotot ja -kulut + (-),md103,Tilikauden rahallinen kertymä,-70731.25,ISO4217_EUR,2,MCY=x12;REF=x53,https://avoindata.prh.fi/opendata-xbrl-api/v3/financial?businessId=0948009-8&financialDate=2025-12-31
7,0948009-8,Oy Chic Catering Ab,2025-12-31,2026-04-25,instant,,2025-12-31,x738,Voitto (tappio) ennen tilinpäätössiirtoja ja veroja,md103,Tilikauden rahallinen kertymä,61131.70,ISO4217_EUR,2,MCY=x738,https://avoindata.prh.fi/opendata-xbrl-api/v3/financial?businessId=0948009-8&financialDate=2025-12-31
7,0948009-8,Oy Chic Catering Ab,2025-12-31,2026-04-25,instant,,2024-12-31,x738,Voitto (tappio) ennen tilinpäätössiirtoja ja veroja,md103,Tilikauden rahallinen kertymä,91648.50,ISO4217_EUR,2,MCY=x738;REF=x53,https://avoindata.prh.fi/opendata-xbrl-api/v3/financial?businessId=0948009-8&financialDate=2025-12-31
7,0948009-8,Oy Chic Catering Ab,2025-12-31,2026-04-25,instant,,2025-12-31,x541,Tuloverot,md103,Tilikauden rahallinen kertymä,12842.29,ISO4217_EUR,2,MCY=x541,https://avoindata.prh.fi/opendata-xbrl-api/v3/financial?businessId=0948009-8&financialDate=2025-12-31
7,0948009-8,Oy Chic Catering Ab,2025-12-31,2026-04-25,instant,,2024-12-31,x541,Tuloverot,md103,Tilikauden rahallinen kertymä,18901.32,ISO4217_EUR,2,MCY=x541;REF=x53,https://avoindata.prh.fi/opendata-xbrl-api/v3/financial?businessId=0948009-8&financialDate=2025-12-31
7,0948009-8,Oy Chic Catering Ab,2025-12-31,2026-04-25,instant,,2025-12-31,x740,Tilikauden voitto (tappio),md103,Tilikauden rahallinen kertymä,48289.41,ISO4217_EUR,2,MCY=x740,https://avoindata.prh.fi/opendata-xbrl-api/v3/financial?businessId=0948009-8&financialDate=2025-12-31
7,0948009-8,Oy Chic Catering Ab,2025-12-31,2026-04-25,instant,,2024-12-31,x740,Tilikauden voitto (tappio),md103,Tilikauden rahallinen kertymä,72747.18,ISO4217_EUR,2,MCY=x740;REF=x53,https://avoindata.prh.fi/opendata-xbrl-api/v3/financial?businessId=0948009-8&financialDate=2025-12-31
8,0949268-9,Lapuan Jatepic Oy,2023-12-31,2024-05-01,instant,,2023-12-31,x1742,Muut osakkeet ja osuudet,mi53,Kirjanpitoarvo,116379.52,ISO4217_EUR,2,MCY=x1742,https://avoindata.prh.fi/opendata-xbrl-api/v3/financial?businessId=0949268-9&financialDate=2023-12-31
8,0949268-9,Lapuan Jatepic Oy,2023-12-31,2024-05-01,instant,,2022-12-31,x1742,Muut osakkeet ja osuudet,mi53,Kirjanpitoarvo,116379.52,ISO4217_EUR,2,MCY=x1742;REF=x4,https://avoindata.prh.fi/opendata-xbrl-api/v3/financial?businessId=0949268-9&financialDate=2023-12-31
8,0949268-9,Lapuan Jatepic Oy,2023-12-31,2024-05-01,instant,,2023-12-31,x583,Sijoitukset,mi53,Kirjanpitoarvo,116379.52,ISO4217_EUR,2,MCY=x583,https://avoindata.prh.fi/opendata-xbrl-api/v3/financial?businessId=0949268-9&financialDate=2023-12-31
8,0949268-9,Lapuan Jatepic Oy,2023-12-31,2024-05-01,instant,,2022-12-31,x583,Sijoitukset,mi53,Kirjanpitoarvo,116379.52,ISO4217_EUR,2,MCY=x583;REF=x4,https://avoindata.prh.fi/opendata-xbrl-api/v3/financial?businessId=0949268-9&financialDate=2023-12-31
8,0949268-9,Lapuan Jatepic Oy,2023-12-31,2024-05-01,instant,,2023-12-31,x513,Pysyvät vastaavat,mi53,Kirjanpitoarvo,116379.52,ISO4217_EUR,2,MCY=x513,https://avoindata.prh.fi/opendata-xbrl-api/v3/financial?businessId=0949268-9&financialDate=2023-12-31
8,0949268-9,Lapuan Jatepic Oy,2023-12-31,2024-05-01,instant,,2022-12-31,x513,Pysyvät vastaavat,mi53,Kirjanpitoarvo,116379.52,ISO4217_EUR,2,MCY=x513;REF=x4,https://avoindata.prh.fi/opendata-xbrl-api/v3/financial?businessId=0949268-9&financialDate=2023-12-31
8,0949268-9,Lapuan Jatepic Oy,2023-12-31,2024-05-01,instant,,2023-12-31,x1770,Lyhytaikaiset lainasaamiset,mi53,Kirjanpitoarvo,22886.50,ISO4217_EUR,2,MCY=x1770,https://avoindata.prh.fi/opendata-xbrl-api/v3/financial?businessId=0949268-9&financialDate=2023-12-31
8,0949268-9,Lapuan Jatepic Oy,2023-12-31,2024-05-01,instant,,2022-12-31,x1770,Lyhytaikaiset lainasaamiset,mi53,Kirjanpitoarvo,37274.96,ISO4217_EUR,2,MCY=x1770;REF=x4,https://avoindata.prh.fi/opendata-xbrl-api/v3/financial?businessId=0949268-9&financialDate=2023-12-31
8,0949268-9,Lapuan Jatepic Oy,2023-12-31,2024-05-01,instant,,2023-12-31,x1768,Lyhytaikaiset saamiset,mi53,Kirjanpitoarvo,22886.50,ISO4217_EUR,2,MCY=x1768,https://avoindata.prh.fi/opendata-xbrl-api/v3/financial?businessId=0949268-9&financialDate=2023-12-31
8,0949268-9,Lapuan Jatepic Oy,2023-12-31,2024-05-01,instant,,2022-12-31,x1768,Lyhytaikaiset saamiset,mi53,Kirjanpitoarvo,37274.96,ISO4217_EUR,2,MCY=x1768;REF=x4,https://avoindata.prh.fi/opendata-xbrl-api/v3/financial?businessId=0949268-9&financialDate=2023-12-31
8,0949268-9,Lapuan Jatepic Oy,2023-12-31,2024-05-01,instant,,2023-12-31,x438,Saamiset,mi53,Kirjanpitoarvo,22886.50,ISO4217_EUR,2,MCY=x438,https://avoindata.prh.fi/opendata-xbrl-api/v3/financial?businessId=0949268-9&financialDate=2023-12-31
8,0949268-9,Lapuan Jatepic Oy,2023-12-31,2024-05-01,instant,,2022-12-31,x438,Saamiset,mi53,Kirjanpitoarvo,37274.96,ISO4217_EUR,2,MCY=x438;REF=x4,https://avoindata.prh.fi/opendata-xbrl-api/v3/financial?businessId=0949268-9&financialDate=2023-12-31
8,0949268-9,Lapuan Jatepic Oy,2023-12-31,2024-05-01,instant,,2023-12-31,x399,Rahat ja pankkisaamiset,mi53,Kirjanpitoarvo,1313.39,ISO4217_EUR,2,MCY=x399,https://avoindata.prh.fi/opendata-xbrl-api/v3/financial?businessId=0949268-9&financialDate=2023-12-31
8,0949268-9,Lapuan Jatepic Oy,2023-12-31,2024-05-01,instant,,2022-12-31,x399,Rahat ja pankkisaamiset,mi53,Kirjanpitoarvo,3330.68,ISO4217_EUR,2,MCY=x399;REF=x4,https://avoindata.prh.fi/opendata-xbrl-api/v3/financial?businessId=0949268-9&financialDate=2023-12-31
8,0949268-9,Lapuan Jatepic Oy,2023-12-31,2024-05-01,instant,,2023-12-31,x435,Vaihtuvat vastaavat,mi53,Kirjanpitoarvo,24199.89,ISO4217_EUR,2,MCY=x435,https://avoindata.prh.fi/opendata-xbrl-api/v3/financial?businessId=0949268-9&financialDate=2023-12-31
8,0949268-9,Lapuan Jatepic Oy,2023-12-31,2024-05-01,instant,,2022-12-31,x435,Vaihtuvat vastaavat,mi53,Kirjanpitoarvo,40605.64,ISO4217_EUR,2,MCY=x435;REF=x4,https://avoindata.prh.fi/opendata-xbrl-api/v3/financial?businessId=0949268-9&financialDate=2023-12-31
8,0949268-9,Lapuan Jatepic Oy,2023-12-31,2024-05-01,instant,,2023-12-31,x360,Vastaavaa,mi53,Kirjanpitoarvo,140579.41,ISO4217_EUR,2,MCY=x360,https://avoindata.prh.fi/opendata-xbrl-api/v3/financial?businessId=0949268-9&financialDate=2023-12-31
8,0949268-9,Lapuan Jatepic Oy,2023-12-31,2024-05-01,instant,,2022-12-31,x360,Vastaavaa,mi53,Kirjanpitoarvo,156985.16,ISO4217_EUR,2,MCY=x360;REF=x4,https://avoindata.prh.fi/opendata-xbrl-api/v3/financial?businessId=0949268-9&financialDate=2023-12-31
8,0949268-9,Lapuan Jatepic Oy,2023-12-31,2024-05-01,instant,,2023-12-31,x4116,"Osake-, osuus- tai muu vastaava pääoma",mi53,Kirjanpitoarvo,2522.82,ISO4217_EUR,2,MCY=x4116,https://avoindata.prh.fi/opendata-xbrl-api/v3/financial?businessId=0949268-9&financialDate=2023-12-31
8,0949268-9,Lapuan Jatepic Oy,2023-12-31,2024-05-01,instant,,2022-12-31,x4116,"Osake-, osuus- tai muu vastaava pääoma",mi53,Kirjanpitoarvo,2522.82,ISO4217_EUR,2,MCY=x4116;REF=x4,https://avoindata.prh.fi/opendata-xbrl-api/v3/financial?businessId=0949268-9&financialDate=2023-12-31
8,0949268-9,Lapuan Jatepic Oy,2023-12-31,2024-05-01,instant,,2023-12-31,x932,Edellisten tilikausien voitto (tappio),mi53,Kirjanpitoarvo,135083.56,ISO4217_EUR,2,MCY=x932,https://avoindata.prh.fi/opendata-xbrl-api/v3/financial?businessId=0949268-9&financialDate=2023-12-31
8,0949268-9,Lapuan Jatepic Oy,2023-12-31,2024-05-01,instant,,2022-12-31,x932,Edellisten tilikausien voitto (tappio),mi53,Kirjanpitoarvo,152733.61,ISO4217_EUR,2,MCY=x932;REF=x4,https://avoindata.prh.fi/opendata-xbrl-api/v3/financial?businessId=0949268-9&financialDate=2023-12-31
8,0949268-9,Lapuan Jatepic Oy,2023-12-31,2024-05-01,instant,,2023-12-31,x2895,"Tilikauden voitto (tappio), oma pääoma",mi53,Kirjanpitoarvo,2973.03,ISO4217_EUR,2,MCY=x2895,https://avoindata.prh.fi/opendata-xbrl-api/v3/financial?businessId=0949268-9&financialDate=2023-12-31
8,0949268-9,Lapuan Jatepic Oy,2023-12-31,2024-05-01,instant,,2022-12-31,x2895,"Tilikauden voitto (tappio), oma pääoma",mi53,Kirjanpitoarvo,-4250.05,ISO4217_EUR,2,MCY=x2895;REF=x4,https://avoindata.prh.fi/opendata-xbrl-api/v3/financial?businessId=0949268-9&financialDate=2023-12-31
8,0949268-9,Lapuan Jatepic Oy,2023-12-31,2024-05-01,instant,,2023-12-31,x376,Oma pääoma,mi53,Kirjanpitoarvo,140579.41,ISO4217_EUR,2,MCY=x376,https://avoindata.prh.fi/opendata-xbrl-api/v3/financial?businessId=0949268-9&financialDate=2023-12-31
8,0949268-9,Lapuan Jatepic Oy,2023-12-31,2024-05-01,instant,,2022-12-31,x376,Oma pääoma,mi53,Kirjanpitoarvo,151006.38,ISO4217_EUR,2,MCY=x376;REF=x4,https://avoindata.prh.fi/opendata-xbrl-api/v3/financial?businessId=0949268-9&financialDate=2023-12-31
8,0949268-9,Lapuan Jatepic Oy,2023-12-31,2024-05-01,instant,,2023-12-31,x1825,Lyhytaikaiset muut velat,mi53,Kirjanpitoarvo,0.00,ISO4217_EUR,2,MCY=x1825,https://avoindata.prh.fi/opendata-xbrl-api/v3/financial?businessId=0949268-9&financialDate=2023-12-31
8,0949268-9,Lapuan Jatepic Oy,2023-12-31,2024-05-01,instant,,2022-12-31,x1825,Lyhytaikaiset muut velat,mi53,Kirjanpitoarvo,5978.78,ISO4217_EUR,2,MCY=x1825;REF=x4,https://avoindata.prh.fi/opendata-xbrl-api/v3/financial?businessId=0949268-9&financialDate=2023-12-31
8,0949268-9,Lapuan Jatepic Oy,2023-12-31,2024-05-01,instant,,2023-12-31,x1811,Lyhytaikainen vieras pääoma,mi53,Kirjanpitoarvo,0.00,ISO4217_EUR,2,MCY=x1811,https://avoindata.prh.fi/opendata-xbrl-api/v3/financial?businessId=0949268-9&financialDate=2023-12-31
8,0949268-9,Lapuan Jatepic Oy,2023-12-31,2024-05-01,instant,,2022-12-31,x1811,Lyhytaikainen vieras pääoma,mi53,Kirjanpitoarvo,5978.78,ISO4217_EUR,2,MCY=x1811;REF=x4,https://avoindata.prh.fi/opendata-xbrl-api/v3/financial?businessId=0949268-9&financialDate=2023-12-31
8,0949268-9,Lapuan Jatepic Oy,2023-12-31,2024-05-01,instant,,2023-12-31,x424,Vieras pääoma,mi53,Kirjanpitoarvo,0.00,ISO4217_EUR,2,MCY=x424,https://avoindata.prh.fi/opendata-xbrl-api/v3/financial?businessId=0949268-9&financialDate=2023-12-31
8,0949268-9,Lapuan Jatepic Oy,2023-12-31,2024-05-01,instant,,2022-12-31,x424,Vieras pääoma,mi53,Kirjanpitoarvo,5978.78,ISO4217_EUR,2,MCY=x424;REF=x4,https://avoindata.prh.fi/opendata-xbrl-api/v3/financial?businessId=0949268-9&financialDate=2023-12-31
8,0949268-9,Lapuan Jatepic Oy,2023-12-31,2024-05-01,instant,,2023-12-31,x481,Vastattavaa,mi53,Kirjanpitoarvo,140579.41,ISO4217_EUR,2,MCY=x481,https://avoindata.prh.fi/opendata-xbrl-api/v3/financial?businessId=0949268-9&financialDate=2023-12-31
8,0949268-9,Lapuan Jatepic Oy,2023-12-31,2024-05-01,instant,,2022-12-31,x481,Vastattavaa,mi53,Kirjanpitoarvo,156985.16,ISO4217_EUR,2,MCY=x481;REF=x4,https://avoindata.prh.fi/opendata-xbrl-api/v3/financial?businessId=0949268-9&financialDate=2023-12-31
8,0949268-9,Lapuan Jatepic Oy,2023-12-31,2024-05-01,instant,,2023-12-31,x673,Liikevaihto,md103,Tilikauden rahallinen kertymä,52.50,ISO4217_EUR,2,MCY=x673,https://avoindata.prh.fi/opendata-xbrl-api/v3/financial?businessId=0949268-9&financialDate=2023-12-31
8,0949268-9,Lapuan Jatepic Oy,2023-12-31,2024-05-01,instant,,2022-12-31,x673,Liikevaihto,md103,Tilikauden rahallinen kertymä,0.00,ISO4217_EUR,2,MCY=x673;REF=x53,https://avoindata.prh.fi/opendata-xbrl-api/v3/financial?businessId=0949268-9&financialDate=2023-12-31
8,0949268-9,Lapuan Jatepic Oy,2023-12-31,2024-05-01,instant,,2023-12-31,x49,Liiketoiminnan muut tuotot,md103,Tilikauden rahallinen kertymä,0.00,ISO4217_EUR,2,MCY=x49,https://avoindata.prh.fi/opendata-xbrl-api/v3/financial?businessId=0949268-9&financialDate=2023-12-31
8,0949268-9,Lapuan Jatepic Oy,2023-12-31,2024-05-01,instant,,2022-12-31,x49,Liiketoiminnan muut tuotot,md103,Tilikauden rahallinen kertymä,9047.91,ISO4217_EUR,2,MCY=x49;REF=x53,https://avoindata.prh.fi/opendata-xbrl-api/v3/financial?businessId=0949268-9&financialDate=2023-12-31
8,0949268-9,Lapuan Jatepic Oy,2023-12-31,2024-05-01,instant,,2023-12-31,x8,Eläkekulut,md103,Tilikauden rahallinen kertymä,0.00,ISO4217_EUR,2,MCY=x8,https://avoindata.prh.fi/opendata-xbrl-api/v3/financial?businessId=0949268-9&financialDate=2023-12-31
8,0949268-9,Lapuan Jatepic Oy,2023-12-31,2024-05-01,instant,,2022-12-31,x8,Eläkekulut,md103,Tilikauden rahallinen kertymä,-8496.00,ISO4217_EUR,2,MCY=x8;REF=x53,https://avoindata.prh.fi/opendata-xbrl-api/v3/financial?businessId=0949268-9&financialDate=2023-12-31
8,0949268-9,Lapuan Jatepic Oy,2023-12-31,2024-05-01,instant,,2023-12-31,x5,Henkilöstökulut,md103,Tilikauden rahallinen kertymä,0.00,ISO4217_EUR,2,MCY=x5,https://avoindata.prh.fi/opendata-xbrl-api/v3/financial?businessId=0949268-9&financialDate=2023-12-31
8,0949268-9,Lapuan Jatepic Oy,2023-12-31,2024-05-01,instant,,2022-12-31,x5,Henkilöstökulut,md103,Tilikauden rahallinen kertymä,-8496.00,ISO4217_EUR,2,MCY=x5;REF=x53,https://avoindata.prh.fi/opendata-xbrl-api/v3/financial?businessId=0949268-9&financialDate=2023-12-31
8,0949268-9,Lapuan Jatepic Oy,2023-12-31,2024-05-01,instant,,2023-12-31,x1869,Liiketoiminnan muut kulut,md103,Tilikauden rahallinen kertymä,-3498.06,ISO4217_EUR,2,MCY=x1869,https://avoindata.prh.fi/opendata-xbrl-api/v3/financial?businessId=0949268-9&financialDate=2023-12-31
8,0949268-9,Lapuan Jatepic Oy,2023-12-31,2024-05-01,instant,,2022-12-31,x1869,Liiketoiminnan muut kulut,md103,Tilikauden rahallinen kertymä,-13562.02,ISO4217_EUR,2,MCY=x1869;REF=x53,https://avoindata.prh.fi/opendata-xbrl-api/v3/financial?businessId=0949268-9&financialDate=2023-12-31
8,0949268-9,Lapuan Jatepic Oy,2023-12-31,2024-05-01,instant,,2023-12-31,x689,Liikevoitto (-tappio),md103,Tilikauden rahallinen kertymä,-3445.56,ISO4217_EUR,2,MCY=x689,https://avoindata.prh.fi/opendata-xbrl-api/v3/financial?businessId=0949268-9&financialDate=2023-12-31
8,0949268-9,Lapuan Jatepic Oy,2023-12-31,2024-05-01,instant,,2022-12-31,x689,Liikevoitto (-tappio),md103,Tilikauden rahallinen kertymä,-13010.11,ISO4217_EUR,2,MCY=x689;REF=x53,https://avoindata.prh.fi/opendata-xbrl-api/v3/financial?businessId=0949268-9&financialDate=2023-12-31
8,0949268-9,Lapuan Jatepic Oy,2023-12-31,2024-05-01,instant,,2023-12-31,x4133,"Tuotot muista pysyvien vastaavien sijoituksista, muilta yrityksiltä saadut",md103,Tilikauden rahallinen kertymä,0.00,ISO4217_EUR,2,MCY=x4133,https://avoindata.prh.fi/opendata-xbrl-api/v3/financial?businessId=0949268-9&financialDate=2023-12-31
8,0949268-9,Lapuan Jatepic Oy,2023-12-31,2024-05-01,instant,,2022-12-31,x4133,"Tuotot muista pysyvien vastaavien sijoituksista, muilta yrityksiltä saadut",md103,Tilikauden rahallinen kertymä,90.00,ISO4217_EUR,2,MCY=x4133;REF=x53,https://avoindata.prh.fi/opendata-xbrl-api/v3/financial?businessId=0949268-9&financialDate=2023-12-31
8,0949268-9,Lapuan Jatepic Oy,2023-12-31,2024-05-01,instant,,2023-12-31,x4014,Muut korko- ja rahoitustuotot muilta kuin saman konsernin yrityksiltä,md103,Tilikauden rahallinen kertymä,6702.50,ISO4217_EUR,2,MCY=x4014,https://avoindata.prh.fi/opendata-xbrl-api/v3/financial?businessId=0949268-9&financialDate=2023-12-31
8,0949268-9,Lapuan Jatepic Oy,2023-12-31,2024-05-01,instant,,2022-12-31,x4014,Muut korko- ja rahoitustuotot muilta kuin saman konsernin yrityksiltä,md103,Tilikauden rahallinen kertymä,9336.72,ISO4217_EUR,2,MCY=x4014;REF=x53,https://avoindata.prh.fi/opendata-xbrl-api/v3/financial?businessId=0949268-9&financialDate=2023-12-31
8,0949268-9,Lapuan Jatepic Oy,2023-12-31,2024-05-01,instant,,2023-12-31,x4046,Korkokulut- ja muut rahoituskulut muille kuin saman konsernin yrityksille,md103,Tilikauden rahallinen kertymä,-283.91,ISO4217_EUR,2,MCY=x4046,https://avoindata.prh.fi/opendata-xbrl-api/v3/financial?businessId=0949268-9&financialDate=2023-12-31
8,0949268-9,Lapuan Jatepic Oy,2023-12-31,2024-05-01,instant,,2022-12-31,x4046,Korkokulut- ja muut rahoituskulut muille kuin saman konsernin yrityksille,md103,Tilikauden rahallinen kertymä,-666.66,ISO4217_EUR,2,MCY=x4046;REF=x53,https://avoindata.prh.fi/opendata-xbrl-api/v3/financial?businessId=0949268-9&financialDate=2023-12-31
8,0949268-9,Lapuan Jatepic Oy,2023-12-31,2024-05-01,instant,,2023-12-31,x12,Rahoitustuotot ja -kulut + (-),md103,Tilikauden rahallinen kertymä,6418.59,ISO4217_EUR,2,MCY=x12,https://avoindata.prh.fi/opendata-xbrl-api/v3/financial?businessId=0949268-9&financialDate=2023-12-31
8,0949268-9,Lapuan Jatepic Oy,2023-12-31,2024-05-01,instant,,2022-12-31,x12,Rahoitustuotot ja -kulut + (-),md103,Tilikauden rahallinen kertymä,8760.06,ISO4217_EUR,2,MCY=x12;REF=x53,https://avoindata.prh.fi/opendata-xbrl-api/v3/financial?businessId=0949268-9&financialDate=2023-12-31
8,0949268-9,Lapuan Jatepic Oy,2023-12-31,2024-05-01,instant,,2023-12-31,x738,Voitto (tappio) ennen tilinpäätössiirtoja ja veroja,md103,Tilikauden rahallinen kertymä,2973.03,ISO4217_EUR,2,MCY=x738,https://avoindata.prh.fi/opendata-xbrl-api/v3/financial?businessId=0949268-9&financialDate=2023-12-31
8,0949268-9,Lapuan Jatepic Oy,2023-12-31,2024-05-01,instant,,2022-12-31,x738,Voitto (tappio) ennen tilinpäätössiirtoja ja veroja,md103,Tilikauden rahallinen kertymä,-4250.05,ISO4217_EUR,2,MCY=x738;REF=x53,https://avoindata.prh.fi/opendata-xbrl-api/v3/financial?businessId=0949268-9&financialDate=2023-12-31
8,0949268-9,Lapuan Jatepic Oy,2023-12-31,2024-05-01,instant,,2023-12-31,x740,Tilikauden voitto (tappio),md103,Tilikauden rahallinen kertymä,2973.03,ISO4217_EUR,2,MCY=x740,https://avoindata.prh.fi/opendata-xbrl-api/v3/financial?businessId=0949268-9&financialDate=2023-12-31
8,0949268-9,Lapuan Jatepic Oy,2023-12-31,2024-05-01,instant,,2022-12-31,x740,Tilikauden voitto (tappio),md103,Tilikauden rahallinen kertymä,-4250.05,ISO4217_EUR,2,MCY=x740;REF=x53,https://avoindata.prh.fi/opendata-xbrl-api/v3/financial?businessId=0949268-9&financialDate=2023-12-31
9,1890244-0,Nacka Invest Oy,2025-12-31,2026-07-02,instant,,2025-12-31,x2285,Muut aineettomat hyödykkeet (KPL),mi53,Kirjanpitoarvo,700.00,ISO4217_EUR,2,MCY=x2285,https://avoindata.prh.fi/opendata-xbrl-api/v3/financial?businessId=1890244-0&financialDate=2025-12-31
9,1890244-0,Nacka Invest Oy,2025-12-31,2026-07-02,instant,,2024-12-31,x2285,Muut aineettomat hyödykkeet (KPL),mi53,Kirjanpitoarvo,2040.00,ISO4217_EUR,2,MCY=x2285;REF=x4,https://avoindata.prh.fi/opendata-xbrl-api/v3/financial?businessId=1890244-0&financialDate=2025-12-31
9,1890244-0,Nacka Invest Oy,2025-12-31,2026-07-02,instant,,2025-12-31,x551,Aineettomat hyödykkeet,mi53,Kirjanpitoarvo,700.00,ISO4217_EUR,2,MCY=x551,https://avoindata.prh.fi/opendata-xbrl-api/v3/financial?businessId=1890244-0&financialDate=2025-12-31
9,1890244-0,Nacka Invest Oy,2025-12-31,2026-07-02,instant,,2024-12-31,x551,Aineettomat hyödykkeet,mi53,Kirjanpitoarvo,2040.00,ISO4217_EUR,2,MCY=x551;REF=x4,https://avoindata.prh.fi/opendata-xbrl-api/v3/financial?businessId=1890244-0&financialDate=2025-12-31
9,1890244-0,Nacka Invest Oy,2025-12-31,2026-07-02,instant,,2025-12-31,x2308,"Maa- ja vesialueet, Omistetut",mi53,Kirjanpitoarvo,42419.58,ISO4217_EUR,2,MCY=x2308,https://avoindata.prh.fi/opendata-xbrl-api/v3/financial?businessId=1890244-0&financialDate=2025-12-31
9,1890244-0,Nacka Invest Oy,2025-12-31,2026-07-02,instant,,2024-12-31,x2308,"Maa- ja vesialueet, Omistetut",mi53,Kirjanpitoarvo,42419.58,ISO4217_EUR,2,MCY=x2308;REF=x4,https://avoindata.prh.fi/opendata-xbrl-api/v3/financial?businessId=1890244-0&financialDate=2025-12-31
9,1890244-0,Nacka Invest Oy,2025-12-31,2026-07-02,instant,,2025-12-31,x2334,"Rakennukset ja rakennelmat, Omistetut",mi53,Kirjanpitoarvo,151914.00,ISO4217_EUR,2,MCY=x2334,https://avoindata.prh.fi/opendata-xbrl-api/v3/financial?businessId=1890244-0&financialDate=2025-12-31
9,1890244-0,Nacka Invest Oy,2025-12-31,2026-07-02,instant,,2024-12-31,x2334,"Rakennukset ja rakennelmat, Omistetut",mi53,Kirjanpitoarvo,160934.00,ISO4217_EUR,2,MCY=x2334;REF=x4,https://avoindata.prh.fi/opendata-xbrl-api/v3/financial?businessId=1890244-0&financialDate=2025-12-31
9,1890244-0,Nacka Invest Oy,2025-12-31,2026-07-02,instant,,2025-12-31,x1036,Koneet ja kalusto,mi53,Kirjanpitoarvo,10923.00,ISO4217_EUR,2,MCY=x1036,https://avoindata.prh.fi/opendata-xbrl-api/v3/financial?businessId=1890244-0&financialDate=2025-12-31
9,1890244-0,Nacka Invest Oy,2025-12-31,2026-07-02,instant,,2024-12-31,x1036,Koneet ja kalusto,mi53,Kirjanpitoarvo,7659.00,ISO4217_EUR,2,MCY=x1036;REF=x4,https://avoindata.prh.fi/opendata-xbrl-api/v3/financial?businessId=1890244-0&financialDate=2025-12-31
9,1890244-0,Nacka Invest Oy,2025-12-31,2026-07-02,instant,,2025-12-31,x816,Aineelliset hyödykkeet,mi53,Kirjanpitoarvo,205256.58,ISO4217_EUR,2,MCY=x816,https://avoindata.prh.fi/opendata-xbrl-api/v3/financial?businessId=1890244-0&financialDate=2025-12-31
9,1890244-0,Nacka Invest Oy,2025-12-31,2026-07-02,instant,,2024-12-31,x816,Aineelliset hyödykkeet,mi53,Kirjanpitoarvo,211012.58,ISO4217_EUR,2,MCY=x816;REF=x4,https://avoindata.prh.fi/opendata-xbrl-api/v3/financial?businessId=1890244-0&financialDate=2025-12-31
9,1890244-0,Nacka Invest Oy,2025-12-31,2026-07-02,instant,,2025-12-31,x1742,Muut osakkeet ja osuudet,mi53,Kirjanpitoarvo,148530.88,ISO4217_EUR,2,MCY=x1742,https://avoindata.prh.fi/opendata-xbrl-api/v3/financial?businessId=1890244-0&financialDate=2025-12-31
9,1890244-0,Nacka Invest Oy,2025-12-31,2026-07-02,instant,,2024-12-31,x1742,Muut osakkeet ja osuudet,mi53,Kirjanpitoarvo,148530.88,ISO4217_EUR,2,MCY=x1742;REF=x4,https://avoindata.prh.fi/opendata-xbrl-api/v3/financial?businessId=1890244-0&financialDate=2025-12-31
9,1890244-0,Nacka Invest Oy,2025-12-31,2026-07-02,instant,,2025-12-31,x583,Sijoitukset,mi53,Kirjanpitoarvo,148530.88,ISO4217_EUR,2,MCY=x583,https://avoindata.prh.fi/opendata-xbrl-api/v3/financial?businessId=1890244-0&financialDate=2025-12-31
9,1890244-0,Nacka Invest Oy,2025-12-31,2026-07-02,instant,,2024-12-31,x583,Sijoitukset,mi53,Kirjanpitoarvo,148530.88,ISO4217_EUR,2,MCY=x583;REF=x4,https://avoindata.prh.fi/opendata-xbrl-api/v3/financial?businessId=1890244-0&financialDate=2025-12-31
9,1890244-0,Nacka Invest Oy,2025-12-31,2026-07-02,instant,,2025-12-31,x513,Pysyvät vastaavat,mi53,Kirjanpitoarvo,354487.46,ISO4217_EUR,2,MCY=x513,https://avoindata.prh.fi/opendata-xbrl-api/v3/financial?businessId=1890244-0&financialDate=2025-12-31
9,1890244-0,Nacka Invest Oy,2025-12-31,2026-07-02,instant,,2024-12-31,x513,Pysyvät vastaavat,mi53,Kirjanpitoarvo,361583.46,ISO4217_EUR,2,MCY=x513;REF=x4,https://avoindata.prh.fi/opendata-xbrl-api/v3/financial?businessId=1890244-0&financialDate=2025-12-31
9,1890244-0,Nacka Invest Oy,2025-12-31,2026-07-02,instant,,2025-12-31,x1769,Lyhytaikaiset myyntisaamiset,mi53,Kirjanpitoarvo,520.02,ISO4217_EUR,2,MCY=x1769,https://avoindata.prh.fi/opendata-xbrl-api/v3/financial?businessId=1890244-0&financialDate=2025-12-31
9,1890244-0,Nacka Invest Oy,2025-12-31,2026-07-02,instant,,2024-12-31,x1769,Lyhytaikaiset myyntisaamiset,mi53,Kirjanpitoarvo,4452.42,ISO4217_EUR,2,MCY=x1769;REF=x4,https://avoindata.prh.fi/opendata-xbrl-api/v3/financial?businessId=1890244-0&financialDate=2025-12-31
9,1890244-0,Nacka Invest Oy,2025-12-31,2026-07-02,instant,,2025-12-31,x1771,Lyhytaikaiset muut saamiset,mi53,Kirjanpitoarvo,71.42,ISO4217_EUR,2,MCY=x1771,https://avoindata.prh.fi/opendata-xbrl-api/v3/financial?businessId=1890244-0&financialDate=2025-12-31
9,1890244-0,Nacka Invest Oy,2025-12-31,2026-07-02,instant,,2024-12-31,x1771,Lyhytaikaiset muut saamiset,mi53,Kirjanpitoarvo,0.00,ISO4217_EUR,2,MCY=x1771;REF=x4,https://avoindata.prh.fi/opendata-xbrl-api/v3/financial?businessId=1890244-0&financialDate=2025-12-31
9,1890244-0,Nacka Invest Oy,2025-12-31,2026-07-02,instant,,2025-12-31,x1775,Lyhytaikaiset siirtosaamiset,mi53,Kirjanpitoarvo,1624.21,ISO4217_EUR,2,MCY=x1775,https://avoindata.prh.fi/opendata-xbrl-api/v3/financial?businessId=1890244-0&financialDate=2025-12-31
9,1890244-0,Nacka Invest Oy,2025-12-31,2026-07-02,instant,,2024-12-31,x1775,Lyhytaikaiset siirtosaamiset,mi53,Kirjanpitoarvo,1087.75,ISO4217_EUR,2,MCY=x1775;REF=x4,https://avoindata.prh.fi/opendata-xbrl-api/v3/financial?businessId=1890244-0&financialDate=2025-12-31
9,1890244-0,Nacka Invest Oy,2025-12-31,2026-07-02,instant,,2025-12-31,x1768,Lyhytaikaiset saamiset,mi53,Kirjanpitoarvo,2215.65,ISO4217_EUR,2,MCY=x1768,https://avoindata.prh.fi/opendata-xbrl-api/v3/financial?businessId=1890244-0&financialDate=2025-12-31
9,1890244-0,Nacka Invest Oy,2025-12-31,2026-07-02,instant,,2024-12-31,x1768,Lyhytaikaiset saamiset,mi53,Kirjanpitoarvo,5540.17,ISO4217_EUR,2,MCY=x1768;REF=x4,https://avoindata.prh.fi/opendata-xbrl-api/v3/financial?businessId=1890244-0&financialDate=2025-12-31
9,1890244-0,Nacka Invest Oy,2025-12-31,2026-07-02,instant,,2025-12-31,x438,Saamiset,mi53,Kirjanpitoarvo,2215.65,ISO4217_EUR,2,MCY=x438,https://avoindata.prh.fi/opendata-xbrl-api/v3/financial?businessId=1890244-0&financialDate=2025-12-31
9,1890244-0,Nacka Invest Oy,2025-12-31,2026-07-02,instant,,2024-12-31,x438,Saamiset,mi53,Kirjanpitoarvo,5540.17,ISO4217_EUR,2,MCY=x438;REF=x4,https://avoindata.prh.fi/opendata-xbrl-api/v3/financial?businessId=1890244-0&financialDate=2025-12-31
9,1890244-0,Nacka Invest Oy,2025-12-31,2026-07-02,instant,,2025-12-31,x399,Rahat ja pankkisaamiset,mi53,Kirjanpitoarvo,6518.17,ISO4217_EUR,2,MCY=x399,https://avoindata.prh.fi/opendata-xbrl-api/v3/financial?businessId=1890244-0&financialDate=2025-12-31
9,1890244-0,Nacka Invest Oy,2025-12-31,2026-07-02,instant,,2024-12-31,x399,Rahat ja pankkisaamiset,mi53,Kirjanpitoarvo,29717.32,ISO4217_EUR,2,MCY=x399;REF=x4,https://avoindata.prh.fi/opendata-xbrl-api/v3/financial?businessId=1890244-0&financialDate=2025-12-31
9,1890244-0,Nacka Invest Oy,2025-12-31,2026-07-02,instant,,2025-12-31,x435,Vaihtuvat vastaavat,mi53,Kirjanpitoarvo,8733.82,ISO4217_EUR,2,MCY=x435,https://avoindata.prh.fi/opendata-xbrl-api/v3/financial?businessId=1890244-0&financialDate=2025-12-31
9,1890244-0,Nacka Invest Oy,2025-12-31,2026-07-02,instant,,2024-12-31,x435,Vaihtuvat vastaavat,mi53,Kirjanpitoarvo,35257.49,ISO4217_EUR,2,MCY=x435;REF=x4,https://avoindata.prh.fi/opendata-xbrl-api/v3/financial?businessId=1890244-0&financialDate=2025-12-31
9,1890244-0,Nacka Invest Oy,2025-12-31,2026-07-02,instant,,2025-12-31,x360,Vastaavaa,mi53,Kirjanpitoarvo,363221.28,ISO4217_EUR,2,MCY=x360,https://avoindata.prh.fi/opendata-xbrl-api/v3/financial?businessId=1890244-0&financialDate=2025-12-31
9,1890244-0,Nacka Invest Oy,2025-12-31,2026-07-02,instant,,2024-12-31,x360,Vastaavaa,mi53,Kirjanpitoarvo,396840.95,ISO4217_EUR,2,MCY=x360;REF=x4,https://avoindata.prh.fi/opendata-xbrl-api/v3/financial?businessId=1890244-0&financialDate=2025-12-31
9,1890244-0,Nacka Invest Oy,2025-12-31,2026-07-02,instant,,2025-12-31,x4116,"Osake-, osuus- tai muu vastaava pääoma",mi53,Kirjanpitoarvo,15400.00,ISO4217_EUR,2,MCY=x4116,https://avoindata.prh.fi/opendata-xbrl-api/v3/financial?businessId=1890244-0&financialDate=2025-12-31
9,1890244-0,Nacka Invest Oy,2025-12-31,2026-07-02,instant,,2024-12-31,x4116,"Osake-, osuus- tai muu vastaava pääoma",mi53,Kirjanpitoarvo,15400.00,ISO4217_EUR,2,MCY=x4116;REF=x4,https://avoindata.prh.fi/opendata-xbrl-api/v3/financial?businessId=1890244-0&financialDate=2025-12-31
9,1890244-0,Nacka Invest Oy,2025-12-31,2026-07-02,instant,,2025-12-31,x932,Edellisten tilikausien voitto (tappio),mi53,Kirjanpitoarvo,141449.17,ISO4217_EUR,2,MCY=x932,https://avoindata.prh.fi/opendata-xbrl-api/v3/financial?businessId=1890244-0&financialDate=2025-12-31
9,1890244-0,Nacka Invest Oy,2025-12-31,2026-07-02,instant,,2024-12-31,x932,Edellisten tilikausien voitto (tappio),mi53,Kirjanpitoarvo,134218.28,ISO4217_EUR,2,MCY=x932;REF=x4,https://avoindata.prh.fi/opendata-xbrl-api/v3/financial?businessId=1890244-0&financialDate=2025-12-31
9,1890244-0,Nacka Invest Oy,2025-12-31,2026-07-02,instant,,2025-12-31,x2895,"Tilikauden voitto (tappio), oma pääoma",mi53,Kirjanpitoarvo,5824.87,ISO4217_EUR,2,MCY=x2895,https://avoindata.prh.fi/opendata-xbrl-api/v3/financial?businessId=1890244-0&financialDate=2025-12-31
9,1890244-0,Nacka Invest Oy,2025-12-31,2026-07-02,instant,,2024-12-31,x2895,"Tilikauden voitto (tappio), oma pääoma",mi53,Kirjanpitoarvo,37260.89,ISO4217_EUR,2,MCY=x2895;REF=x4,https://avoindata.prh.fi/opendata-xbrl-api/v3/financial?businessId=1890244-0&financialDate=2025-12-31
9,1890244-0,Nacka Invest Oy,2025-12-31,2026-07-02,instant,,2025-12-31,x376,Oma pääoma,mi53,Kirjanpitoarvo,162674.04,ISO4217_EUR,2,MCY=x376,https://avoindata.prh.fi/opendata-xbrl-api/v3/financial?businessId=1890244-0&financialDate=2025-12-31
9,1890244-0,Nacka Invest Oy,2025-12-31,2026-07-02,instant,,2024-12-31,x376,Oma pääoma,mi53,Kirjanpitoarvo,186879.17,ISO4217_EUR,2,MCY=x376;REF=x4,https://avoindata.prh.fi/opendata-xbrl-api/v3/financial?businessId=1890244-0&financialDate=2025-12-31
9,1890244-0,Nacka Invest Oy,2025-12-31,2026-07-02,instant,,2025-12-31,x2934,Pitkäaikaiset lainat rahoituslaitoksilta,mi53,Kirjanpitoarvo,151940.26,ISO4217_EUR,2,MCY=x2934,https://avoindata.prh.fi/opendata-xbrl-api/v3/financial?businessId=1890244-0&financialDate=2025-12-31
9,1890244-0,Nacka Invest Oy,2025-12-31,2026-07-02,instant,,2024-12-31,x2934,Pitkäaikaiset lainat rahoituslaitoksilta,mi53,Kirjanpitoarvo,166277.83,ISO4217_EUR,2,MCY=x2934;REF=x4,https://avoindata.prh.fi/opendata-xbrl-api/v3/financial?businessId=1890244-0&financialDate=2025-12-31
9,1890244-0,Nacka Invest Oy,2025-12-31,2026-07-02,instant,,2025-12-31,x1830,Pitkäaikainen vieras pääoma,mi53,Kirjanpitoarvo,151940.26,ISO4217_EUR,2,MCY=x1830,https://avoindata.prh.fi/opendata-xbrl-api/v3/financial?businessId=1890244-0&financialDate=2025-12-31
9,1890244-0,Nacka Invest Oy,2025-12-31,2026-07-02,instant,,2024-12-31,x1830,Pitkäaikainen vieras pääoma,mi53,Kirjanpitoarvo,166277.83,ISO4217_EUR,2,MCY=x1830;REF=x4,https://avoindata.prh.fi/opendata-xbrl-api/v3/financial?businessId=1890244-0&financialDate=2025-12-31
9,1890244-0,Nacka Invest Oy,2025-12-31,2026-07-02,instant,,2025-12-31,x3023,Lyhytaikaiset lainat rahoituslaitoksilta,mi53,Kirjanpitoarvo,27932.86,ISO4217_EUR,2,MCY=x3023,https://avoindata.prh.fi/opendata-xbrl-api/v3/financial?businessId=1890244-0&financialDate=2025-12-31
9,1890244-0,Nacka Invest Oy,2025-12-31,2026-07-02,instant,,2024-12-31,x3023,Lyhytaikaiset lainat rahoituslaitoksilta,mi53,Kirjanpitoarvo,24374.59,ISO4217_EUR,2,MCY=x3023;REF=x4,https://avoindata.prh.fi/opendata-xbrl-api/v3/financial?businessId=1890244-0&financialDate=2025-12-31
9,1890244-0,Nacka Invest Oy,2025-12-31,2026-07-02,instant,,2025-12-31,x1819,Lyhytaikaiset ostovelat,mi53,Kirjanpitoarvo,11944.49,ISO4217_EUR,2,MCY=x1819,https://avoindata.prh.fi/opendata-xbrl-api/v3/financial?businessId=1890244-0&financialDate=2025-12-31
9,1890244-0,Nacka Invest Oy,2025-12-31,2026-07-02,instant,,2024-12-31,x1819,Lyhytaikaiset ostovelat,mi53,Kirjanpitoarvo,10817.22,ISO4217_EUR,2,MCY=x1819;REF=x4,https://avoindata.prh.fi/opendata-xbrl-api/v3/financial?businessId=1890244-0&financialDate=2025-12-31
9,1890244-0,Nacka Invest Oy,2025-12-31,2026-07-02,instant,,2025-12-31,x1825,Lyhytaikaiset muut velat,mi53,Kirjanpitoarvo,8715.03,ISO4217_EUR,2,MCY=x1825,https://avoindata.prh.fi/opendata-xbrl-api/v3/financial?businessId=1890244-0&financialDate=2025-12-31
9,1890244-0,Nacka Invest Oy,2025-12-31,2026-07-02,instant,,2024-12-31,x1825,Lyhytaikaiset muut velat,mi53,Kirjanpitoarvo,8472.89,ISO4217_EUR,2,MCY=x1825;REF=x4,https://avoindata.prh.fi/opendata-xbrl-api/v3/financial?businessId=1890244-0&financialDate=2025-12-31
9,1890244-0,Nacka Invest Oy,2025-12-31,2026-07-02,instant,,2025-12-31,x1826,Lyhytaikaiset siirtovelat,mi53,Kirjanpitoarvo,14.60,ISO4217_EUR,2,MCY=x1826,https://avoindata.prh.fi/opendata-xbrl-api/v3/financial?businessId=1890244-0&financialDate=2025-12-31
9,1890244-0,Nacka Invest Oy,2025-12-31,2026-07-02,instant,,2024-12-31,x1826,Lyhytaikaiset siirtovelat,mi53,Kirjanpitoarvo,19.25,ISO4217_EUR,2,MCY=x1826;REF=x4,https://avoindata.prh.fi/opendata-xbrl-api/v3/financial?businessId=1890244-0&financialDate=2025-12-31
9,1890244-0,Nacka Invest Oy,2025-12-31,2026-07-02,instant,,2025-12-31,x1811,Lyhytaikainen vieras pääoma,mi53,Kirjanpitoarvo,48606.98,ISO4217_EUR,2,MCY=x1811,https://avoindata.prh.fi/opendata-xbrl-api/v3/financial?businessId=1890244-0&financialDate=2025-12-31
9,1890244-0,Nacka Invest Oy,2025-12-31,2026-07-02,instant,,2024-12-31,x1811,Lyhytaikainen vieras pääoma,mi53,Kirjanpitoarvo,43683.95,ISO4217_EUR,2,MCY=x1811;REF=x4,https://avoindata.prh.fi/opendata-xbrl-api/v3/financial?businessId=1890244-0&financialDate=2025-12-31
9,1890244-0,Nacka Invest Oy,2025-12-31,2026-07-02,instant,,2025-12-31,x424,Vieras pääoma,mi53,Kirjanpitoarvo,200547.24,ISO4217_EUR,2,MCY=x424,https://avoindata.prh.fi/opendata-xbrl-api/v3/financial?businessId=1890244-0&financialDate=2025-12-31
9,1890244-0,Nacka Invest Oy,2025-12-31,2026-07-02,instant,,2024-12-31,x424,Vieras pääoma,mi53,Kirjanpitoarvo,209961.78,ISO4217_EUR,2,MCY=x424;REF=x4,https://avoindata.prh.fi/opendata-xbrl-api/v3/financial?businessId=1890244-0&financialDate=2025-12-31
9,1890244-0,Nacka Invest Oy,2025-12-31,2026-07-02,instant,,2025-12-31,x481,Vastattavaa,mi53,Kirjanpitoarvo,363221.28,ISO4217_EUR,2,MCY=x481,https://avoindata.prh.fi/opendata-xbrl-api/v3/financial?businessId=1890244-0&financialDate=2025-12-31
9,1890244-0,Nacka Invest Oy,2025-12-31,2026-07-02,instant,,2024-12-31,x481,Vastattavaa,mi53,Kirjanpitoarvo,396840.95,ISO4217_EUR,2,MCY=x481;REF=x4,https://avoindata.prh.fi/opendata-xbrl-api/v3/financial?businessId=1890244-0&financialDate=2025-12-31
9,1890244-0,Nacka Invest Oy,2025-12-31,2026-07-02,instant,,2025-12-31,x520,Bruttotulos,md103,Tilikauden rahallinen kertymä,131067.25,ISO4217_EUR,2,MCY=x520,https://avoindata.prh.fi/opendata-xbrl-api/v3/financial?businessId=1890244-0&financialDate=2025-12-31
9,1890244-0,Nacka Invest Oy,2025-12-31,2026-07-02,instant,,2024-12-31,x520,Bruttotulos,md103,Tilikauden rahallinen kertymä,186870.71,ISO4217_EUR,2,MCY=x520,https://avoindata.prh.fi/opendata-xbrl-api/v3/financial?businessId=1890244-0&financialDate=2025-12-31
9,1890244-0,Nacka Invest Oy,2025-12-31,2026-07-02,instant,,2025-12-31,x449,Suunnitelman mukaiset poistot,md103,Tilikauden rahallinen kertymä,13999.56,ISO4217_EUR,2,MCY=x449,https://avoindata.prh.fi/opendata-xbrl-api/v3/financial?businessId=1890244-0&financialDate=2025-12-31
9,1890244-0,Nacka Invest Oy,2025-12-31,2026-07-02,instant,,2024-12-31,x449,Suunnitelman mukaiset poistot,md103,Tilikauden rahallinen kertymä,13488.00,ISO4217_EUR,2,MCY=x449,https://avoindata.prh.fi/opendata-xbrl-api/v3/financial?businessId=1890244-0&financialDate=2025-12-31
9,1890244-0,Nacka Invest Oy,2025-12-31,2026-07-02,instant,,2025-12-31,x448,Poistot ja arvonalentumiset,md103,Tilikauden rahallinen kertymä,13999.56,ISO4217_EUR,2,MCY=x448,https://avoindata.prh.fi/opendata-xbrl-api/v3/financial?businessId=1890244-0&financialDate=2025-12-31
9,1890244-0,Nacka Invest Oy,2025-12-31,2026-07-02,instant,,2024-12-31,x448,Poistot ja arvonalentumiset,md103,Tilikauden rahallinen kertymä,13488.00,ISO4217_EUR,2,MCY=x448,https://avoindata.prh.fi/opendata-xbrl-api/v3/financial?businessId=1890244-0&financialDate=2025-12-31
9,1890244-0,Nacka Invest Oy,2025-12-31,2026-07-02,instant,,2025-12-31,x1869,Liiketoiminnan muut kulut,md103,Tilikauden rahallinen kertymä,99488.22,ISO4217_EUR,2,MCY=x1869,https://avoindata.prh.fi/opendata-xbrl-api/v3/financial?businessId=1890244-0&financialDate=2025-12-31
9,1890244-0,Nacka Invest Oy,2025-12-31,2026-07-02,instant,,2024-12-31,x1869,Liiketoiminnan muut kulut,md103,Tilikauden rahallinen kertymä,110857.13,ISO4217_EUR,2,MCY=x1869,https://avoindata.prh.fi/opendata-xbrl-api/v3/financial?businessId=1890244-0&financialDate=2025-12-31
9,1890244-0,Nacka Invest Oy,2025-12-31,2026-07-02,instant,,2025-12-31,x689,Liikevoitto (-tappio),md103,Tilikauden rahallinen kertymä,17579.47,ISO4217_EUR,2,MCY=x689,https://avoindata.prh.fi/opendata-xbrl-api/v3/financial?businessId=1890244-0&financialDate=2025-12-31
9,1890244-0,Nacka Invest Oy,2025-12-31,2026-07-02,instant,,2024-12-31,x689,Liikevoitto (-tappio),md103,Tilikauden rahallinen kertymä,62525.58,ISO4217_EUR,2,MCY=x689,https://avoindata.prh.fi/opendata-xbrl-api/v3/financial?businessId=1890244-0&financialDate=2025-12-31
9,1890244-0,Nacka Invest Oy,2025-12-31,2026-07-02,instant,,2025-12-31,x4014,Muut korko- ja rahoitustuotot muilta kuin saman konsernin yrityksiltä,md103,Tilikauden rahallinen kertymä,120.09,ISO4217_EUR,2,MCY=x4014,https://avoindata.prh.fi/opendata-xbrl-api/v3/financial?businessId=1890244-0&financialDate=2025-12-31
9,1890244-0,Nacka Invest Oy,2025-12-31,2026-07-02,instant,,2024-12-31,x4014,Muut korko- ja rahoitustuotot muilta kuin saman konsernin yrityksiltä,md103,Tilikauden rahallinen kertymä,684.47,ISO4217_EUR,2,MCY=x4014,https://avoindata.prh.fi/opendata-xbrl-api/v3/financial?businessId=1890244-0&financialDate=2025-12-31
9,1890244-0,Nacka Invest Oy,2025-12-31,2026-07-02,instant,,2025-12-31,x4046,Korkokulut- ja muut rahoituskulut muille kuin saman konsernin yrityksille,md103,Tilikauden rahallinen kertymä,10418.50,ISO4217_EUR,2,MCY=x4046,https://avoindata.prh.fi/opendata-xbrl-api/v3/financial?businessId=1890244-0&financialDate=2025-12-31
9,1890244-0,Nacka Invest Oy,2025-12-31,2026-07-02,instant,,2024-12-31,x4046,Korkokulut- ja muut rahoituskulut muille kuin saman konsernin yrityksille,md103,Tilikauden rahallinen kertymä,16633.99,ISO4217_EUR,2,MCY=x4046,https://avoindata.prh.fi/opendata-xbrl-api/v3/financial?businessId=1890244-0&financialDate=2025-12-31
9,1890244-0,Nacka Invest Oy,2025-12-31,2026-07-02,instant,,2025-12-31,x12,Rahoitustuotot ja -kulut + (-),md103,Tilikauden rahallinen kertymä,10298.41,ISO4217_EUR,2,MCY=x12,https://avoindata.prh.fi/opendata-xbrl-api/v3/financial?businessId=1890244-0&financialDate=2025-12-31
9,1890244-0,Nacka Invest Oy,2025-12-31,2026-07-02,instant,,2024-12-31,x12,Rahoitustuotot ja -kulut + (-),md103,Tilikauden rahallinen kertymä,15949.52,ISO4217_EUR,2,MCY=x12,https://avoindata.prh.fi/opendata-xbrl-api/v3/financial?businessId=1890244-0&financialDate=2025-12-31
9,1890244-0,Nacka Invest Oy,2025-12-31,2026-07-02,instant,,2025-12-31,x738,Voitto (tappio) ennen tilinpäätössiirtoja ja veroja,md103,Tilikauden rahallinen kertymä,7281.06,ISO4217_EUR,2,MCY=x738,https://avoindata.prh.fi/opendata-xbrl-api/v3/financial?businessId=1890244-0&financialDate=2025-12-31
9,1890244-0,Nacka Invest Oy,2025-12-31,2026-07-02,instant,,2024-12-31,x738,Voitto (tappio) ennen tilinpäätössiirtoja ja veroja,md103,Tilikauden rahallinen kertymä,46576.06,ISO4217_EUR,2,MCY=x738,https://avoindata.prh.fi/opendata-xbrl-api/v3/financial?businessId=1890244-0&financialDate=2025-12-31
9,1890244-0,Nacka Invest Oy,2025-12-31,2026-07-02,instant,,2025-12-31,x541,Tuloverot,md103,Tilikauden rahallinen kertymä,1456.19,ISO4217_EUR,2,MCY=x541,https://avoindata.prh.fi/opendata-xbrl-api/v3/financial?businessId=1890244-0&financialDate=2025-12-31
9,1890244-0,Nacka Invest Oy,2025-12-31,2026-07-02,instant,,2024-12-31,x541,Tuloverot,md103,Tilikauden rahallinen kertymä,9315.17,ISO4217_EUR,2,MCY=x541,https://avoindata.prh.fi/opendata-xbrl-api/v3/financial?businessId=1890244-0&financialDate=2025-12-31
9,1890244-0,Nacka Invest Oy,2025-12-31,2026-07-02,instant,,2025-12-31,x740,Tilikauden voitto (tappio),md103,Tilikauden rahallinen kertymä,5824.87,ISO4217_EUR,2,MCY=x740,https://avoindata.prh.fi/opendata-xbrl-api/v3/financial?businessId=1890244-0&financialDate=2025-12-31
9,1890244-0,Nacka Invest Oy,2025-12-31,2026-07-02,instant,,2024-12-31,x740,Tilikauden voitto (tappio),md103,Tilikauden rahallinen kertymä,37260.89,ISO4217_EUR,2,MCY=x740,https://avoindata.prh.fi/opendata-xbrl-api/v3/financial?businessId=1890244-0&financialDate=2025-12-31
10,1892111-5,Bergent Oy,2024-12-31,2025-07-29,instant,,2024-12-31,x1036,Koneet ja kalusto,mi53,Kirjanpitoarvo,29302.92,ISO4217_EUR,2,MCY=x1036,https://avoindata.prh.fi/opendata-xbrl-api/v3/financial?businessId=1892111-5&financialDate=2024-12-31
10,1892111-5,Bergent Oy,2024-12-31,2025-07-29,instant,,2023-12-31,x1036,Koneet ja kalusto,mi53,Kirjanpitoarvo,34372.02,ISO4217_EUR,2,MCY=x1036;REF=x4,https://avoindata.prh.fi/opendata-xbrl-api/v3/financial?businessId=1892111-5&financialDate=2024-12-31
10,1892111-5,Bergent Oy,2024-12-31,2025-07-29,instant,,2024-12-31,x816,Aineelliset hyödykkeet,mi53,Kirjanpitoarvo,29302.92,ISO4217_EUR,2,MCY=x816,https://avoindata.prh.fi/opendata-xbrl-api/v3/financial?businessId=1892111-5&financialDate=2024-12-31
10,1892111-5,Bergent Oy,2024-12-31,2025-07-29,instant,,2023-12-31,x816,Aineelliset hyödykkeet,mi53,Kirjanpitoarvo,34372.02,ISO4217_EUR,2,MCY=x816;REF=x4,https://avoindata.prh.fi/opendata-xbrl-api/v3/financial?businessId=1892111-5&financialDate=2024-12-31
10,1892111-5,Bergent Oy,2024-12-31,2025-07-29,instant,,2024-12-31,x513,Pysyvät vastaavat,mi53,Kirjanpitoarvo,29302.92,ISO4217_EUR,2,MCY=x513,https://avoindata.prh.fi/opendata-xbrl-api/v3/financial?businessId=1892111-5&financialDate=2024-12-31
10,1892111-5,Bergent Oy,2024-12-31,2025-07-29,instant,,2023-12-31,x513,Pysyvät vastaavat,mi53,Kirjanpitoarvo,34372.02,ISO4217_EUR,2,MCY=x513;REF=x4,https://avoindata.prh.fi/opendata-xbrl-api/v3/financial?businessId=1892111-5&financialDate=2024-12-31
10,1892111-5,Bergent Oy,2024-12-31,2025-07-29,instant,,2024-12-31,x1759,Valmiit tuotteet,mi53,Kirjanpitoarvo,40544.32,ISO4217_EUR,2,MCY=x1759,https://avoindata.prh.fi/opendata-xbrl-api/v3/financial?businessId=1892111-5&financialDate=2024-12-31
10,1892111-5,Bergent Oy,2024-12-31,2025-07-29,instant,,2023-12-31,x1759,Valmiit tuotteet,mi53,Kirjanpitoarvo,38359.04,ISO4217_EUR,2,MCY=x1759;REF=x4,https://avoindata.prh.fi/opendata-xbrl-api/v3/financial?businessId=1892111-5&financialDate=2024-12-31
10,1892111-5,Bergent Oy,2024-12-31,2025-07-29,instant,,2024-12-31,x807,Vaihto-omaisuus,mi53,Kirjanpitoarvo,40544.32,ISO4217_EUR,2,MCY=x807,https://avoindata.prh.fi/opendata-xbrl-api/v3/financial?businessId=1892111-5&financialDate=2024-12-31
10,1892111-5,Bergent Oy,2024-12-31,2025-07-29,instant,,2023-12-31,x807,Vaihto-omaisuus,mi53,Kirjanpitoarvo,38359.04,ISO4217_EUR,2,MCY=x807;REF=x4,https://avoindata.prh.fi/opendata-xbrl-api/v3/financial?businessId=1892111-5&financialDate=2024-12-31
10,1892111-5,Bergent Oy,2024-12-31,2025-07-29,instant,,2024-12-31,x1764,Pitkäaikaiset muut saamiset,mi53,Kirjanpitoarvo,9050.00,ISO4217_EUR,2,MCY=x1764,https://avoindata.prh.fi/opendata-xbrl-api/v3/financial?businessId=1892111-5&financialDate=2024-12-31
10,1892111-5,Bergent Oy,2024-12-31,2025-07-29,instant,,2023-12-31,x1764,Pitkäaikaiset muut saamiset,mi53,Kirjanpitoarvo,10500.00,ISO4217_EUR,2,MCY=x1764;REF=x4,https://avoindata.prh.fi/opendata-xbrl-api/v3/financial?businessId=1892111-5&financialDate=2024-12-31
10,1892111-5,Bergent Oy,2024-12-31,2025-07-29,instant,,2024-12-31,x1761,Pitkäaikaiset saamiset,mi53,Kirjanpitoarvo,9050.00,ISO4217_EUR,2,MCY=x1761,https://avoindata.prh.fi/opendata-xbrl-api/v3/financial?businessId=1892111-5&financialDate=2024-12-31
10,1892111-5,Bergent Oy,2024-12-31,2025-07-29,instant,,2023-12-31,x1761,Pitkäaikaiset saamiset,mi53,Kirjanpitoarvo,10500.00,ISO4217_EUR,2,MCY=x1761;REF=x4,https://avoindata.prh.fi/opendata-xbrl-api/v3/financial?businessId=1892111-5&financialDate=2024-12-31
10,1892111-5,Bergent Oy,2024-12-31,2025-07-29,instant,,2024-12-31,x1769,Lyhytaikaiset myyntisaamiset,mi53,Kirjanpitoarvo,92126.13,ISO4217_EUR,2,MCY=x1769,https://avoindata.prh.fi/opendata-xbrl-api/v3/financial?businessId=1892111-5&financialDate=2024-12-31
10,1892111-5,Bergent Oy,2024-12-31,2025-07-29,instant,,2023-12-31,x1769,Lyhytaikaiset myyntisaamiset,mi53,Kirjanpitoarvo,76611.36,ISO4217_EUR,2,MCY=x1769;REF=x4,https://avoindata.prh.fi/opendata-xbrl-api/v3/financial?businessId=1892111-5&financialDate=2024-12-31
10,1892111-5,Bergent Oy,2024-12-31,2025-07-29,instant,,2024-12-31,x1771,Lyhytaikaiset muut saamiset,mi53,Kirjanpitoarvo,0.00,ISO4217_EUR,2,MCY=x1771,https://avoindata.prh.fi/opendata-xbrl-api/v3/financial?businessId=1892111-5&financialDate=2024-12-31
10,1892111-5,Bergent Oy,2024-12-31,2025-07-29,instant,,2023-12-31,x1771,Lyhytaikaiset muut saamiset,mi53,Kirjanpitoarvo,20911.56,ISO4217_EUR,2,MCY=x1771;REF=x4,https://avoindata.prh.fi/opendata-xbrl-api/v3/financial?businessId=1892111-5&financialDate=2024-12-31
10,1892111-5,Bergent Oy,2024-12-31,2025-07-29,instant,,2024-12-31,x1775,Lyhytaikaiset siirtosaamiset,mi53,Kirjanpitoarvo,4092.16,ISO4217_EUR,2,MCY=x1775,https://avoindata.prh.fi/opendata-xbrl-api/v3/financial?businessId=1892111-5&financialDate=2024-12-31
10,1892111-5,Bergent Oy,2024-12-31,2025-07-29,instant,,2023-12-31,x1775,Lyhytaikaiset siirtosaamiset,mi53,Kirjanpitoarvo,11245.32,ISO4217_EUR,2,MCY=x1775;REF=x4,https://avoindata.prh.fi/opendata-xbrl-api/v3/financial?businessId=1892111-5&financialDate=2024-12-31
10,1892111-5,Bergent Oy,2024-12-31,2025-07-29,instant,,2024-12-31,x1768,Lyhytaikaiset saamiset,mi53,Kirjanpitoarvo,96218.29,ISO4217_EUR,2,MCY=x1768,https://avoindata.prh.fi/opendata-xbrl-api/v3/financial?businessId=1892111-5&financialDate=2024-12-31
10,1892111-5,Bergent Oy,2024-12-31,2025-07-29,instant,,2023-12-31,x1768,Lyhytaikaiset saamiset,mi53,Kirjanpitoarvo,108768.24,ISO4217_EUR,2,MCY=x1768;REF=x4,https://avoindata.prh.fi/opendata-xbrl-api/v3/financial?businessId=1892111-5&financialDate=2024-12-31
10,1892111-5,Bergent Oy,2024-12-31,2025-07-29,instant,,2024-12-31,x438,Saamiset,mi53,Kirjanpitoarvo,105268.29,ISO4217_EUR,2,MCY=x438,https://avoindata.prh.fi/opendata-xbrl-api/v3/financial?businessId=1892111-5&financialDate=2024-12-31
10,1892111-5,Bergent Oy,2024-12-31,2025-07-29,instant,,2023-12-31,x438,Saamiset,mi53,Kirjanpitoarvo,119268.24,ISO4217_EUR,2,MCY=x438;REF=x4,https://avoindata.prh.fi/opendata-xbrl-api/v3/financial?businessId=1892111-5&financialDate=2024-12-31
10,1892111-5,Bergent Oy,2024-12-31,2025-07-29,instant,,2024-12-31,x399,Rahat ja pankkisaamiset,mi53,Kirjanpitoarvo,20031.78,ISO4217_EUR,2,MCY=x399,https://avoindata.prh.fi/opendata-xbrl-api/v3/financial?businessId=1892111-5&financialDate=2024-12-31
10,1892111-5,Bergent Oy,2024-12-31,2025-07-29,instant,,2023-12-31,x399,Rahat ja pankkisaamiset,mi53,Kirjanpitoarvo,20534.47,ISO4217_EUR,2,MCY=x399;REF=x4,https://avoindata.prh.fi/opendata-xbrl-api/v3/financial?businessId=1892111-5&financialDate=2024-12-31
10,1892111-5,Bergent Oy,2024-12-31,2025-07-29,instant,,2024-12-31,x435,Vaihtuvat vastaavat,mi53,Kirjanpitoarvo,165844.39,ISO4217_EUR,2,MCY=x435,https://avoindata.prh.fi/opendata-xbrl-api/v3/financial?businessId=1892111-5&financialDate=2024-12-31
10,1892111-5,Bergent Oy,2024-12-31,2025-07-29,instant,,2023-12-31,x435,Vaihtuvat vastaavat,mi53,Kirjanpitoarvo,178161.75,ISO4217_EUR,2,MCY=x435;REF=x4,https://avoindata.prh.fi/opendata-xbrl-api/v3/financial?businessId=1892111-5&financialDate=2024-12-31
10,1892111-5,Bergent Oy,2024-12-31,2025-07-29,instant,,2024-12-31,x360,Vastaavaa,mi53,Kirjanpitoarvo,195147.31,ISO4217_EUR,2,MCY=x360,https://avoindata.prh.fi/opendata-xbrl-api/v3/financial?businessId=1892111-5&financialDate=2024-12-31
10,1892111-5,Bergent Oy,2024-12-31,2025-07-29,instant,,2023-12-31,x360,Vastaavaa,mi53,Kirjanpitoarvo,212533.77,ISO4217_EUR,2,MCY=x360;REF=x4,https://avoindata.prh.fi/opendata-xbrl-api/v3/financial?businessId=1892111-5&financialDate=2024-12-31
10,1892111-5,Bergent Oy,2024-12-31,2025-07-29,instant,,2024-12-31,x4116,"Osake-, osuus- tai muu vastaava pääoma",mi53,Kirjanpitoarvo,22980.00,ISO4217_EUR,2,MCY=x4116,https://avoindata.prh.fi/opendata-xbrl-api/v3/financial?businessId=1892111-5&financialDate=2024-12-31
10,1892111-5,Bergent Oy,2024-12-31,2025-07-29,instant,,2023-12-31,x4116,"Osake-, osuus- tai muu vastaava pääoma",mi53,Kirjanpitoarvo,22980.00,ISO4217_EUR,2,MCY=x4116;REF=x4,https://avoindata.prh.fi/opendata-xbrl-api/v3/financial?businessId=1892111-5&financialDate=2024-12-31
10,1892111-5,Bergent Oy,2024-12-31,2025-07-29,instant,,2024-12-31,x934,Ylikurssirahasto,mi53,Kirjanpitoarvo,50490.00,ISO4217_EUR,2,MCY=x934,https://avoindata.prh.fi/opendata-xbrl-api/v3/financial?businessId=1892111-5&financialDate=2024-12-31
10,1892111-5,Bergent Oy,2024-12-31,2025-07-29,instant,,2023-12-31,x934,Ylikurssirahasto,mi53,Kirjanpitoarvo,50490.00,ISO4217_EUR,2,MCY=x934;REF=x4,https://avoindata.prh.fi/opendata-xbrl-api/v3/financial?businessId=1892111-5&financialDate=2024-12-31
10,1892111-5,Bergent Oy,2024-12-31,2025-07-29,instant,,2024-12-31,x924,Sijoitetun vapaan oman pääoman rahasto,mi53,Kirjanpitoarvo,38511.67,ISO4217_EUR,2,MCY=x924,https://avoindata.prh.fi/opendata-xbrl-api/v3/financial?businessId=1892111-5&financialDate=2024-12-31
10,1892111-5,Bergent Oy,2024-12-31,2025-07-29,instant,,2023-12-31,x924,Sijoitetun vapaan oman pääoman rahasto,mi53,Kirjanpitoarvo,47660.60,ISO4217_EUR,2,MCY=x924;REF=x4,https://avoindata.prh.fi/opendata-xbrl-api/v3/financial?businessId=1892111-5&financialDate=2024-12-31
10,1892111-5,Bergent Oy,2024-12-31,2025-07-29,instant,,2024-12-31,x932,Edellisten tilikausien voitto (tappio),mi53,Kirjanpitoarvo,-14565.31,ISO4217_EUR,2,MCY=x932,https://avoindata.prh.fi/opendata-xbrl-api/v3/financial?businessId=1892111-5&financialDate=2024-12-31
10,1892111-5,Bergent Oy,2024-12-31,2025-07-29,instant,,2023-12-31,x932,Edellisten tilikausien voitto (tappio),mi53,Kirjanpitoarvo,-14842.45,ISO4217_EUR,2,MCY=x932;REF=x4,https://avoindata.prh.fi/opendata-xbrl-api/v3/financial?businessId=1892111-5&financialDate=2024-12-31
10,1892111-5,Bergent Oy,2024-12-31,2025-07-29,instant,,2024-12-31,x2895,"Tilikauden voitto (tappio), oma pääoma",mi53,Kirjanpitoarvo,-13728.74,ISO4217_EUR,2,MCY=x2895,https://avoindata.prh.fi/opendata-xbrl-api/v3/financial?businessId=1892111-5&financialDate=2024-12-31
10,1892111-5,Bergent Oy,2024-12-31,2025-07-29,instant,,2023-12-31,x2895,"Tilikauden voitto (tappio), oma pääoma",mi53,Kirjanpitoarvo,277.14,ISO4217_EUR,2,MCY=x2895;REF=x4,https://avoindata.prh.fi/opendata-xbrl-api/v3/financial?businessId=1892111-5&financialDate=2024-12-31
10,1892111-5,Bergent Oy,2024-12-31,2025-07-29,instant,,2024-12-31,x376,Oma pääoma,mi53,Kirjanpitoarvo,83687.62,ISO4217_EUR,2,MCY=x376,https://avoindata.prh.fi/opendata-xbrl-api/v3/financial?businessId=1892111-5&financialDate=2024-12-31
10,1892111-5,Bergent Oy,2024-12-31,2025-07-29,instant,,2023-12-31,x376,Oma pääoma,mi53,Kirjanpitoarvo,106565.29,ISO4217_EUR,2,MCY=x376;REF=x4,https://avoindata.prh.fi/opendata-xbrl-api/v3/financial?businessId=1892111-5&financialDate=2024-12-31
10,1892111-5,Bergent Oy,2024-12-31,2025-07-29,instant,,2024-12-31,x2934,Pitkäaikaiset lainat rahoituslaitoksilta,mi53,Kirjanpitoarvo,12338.97,ISO4217_EUR,2,MCY=x2934,https://avoindata.prh.fi/opendata-xbrl-api/v3/financial?businessId=1892111-5&financialDate=2024-12-31
10,1892111-5,Bergent Oy,2024-12-31,2025-07-29,instant,,2023-12-31,x2934,Pitkäaikaiset lainat rahoituslaitoksilta,mi53,Kirjanpitoarvo,16197.76,ISO4217_EUR,2,MCY=x2934;REF=x4,https://avoindata.prh.fi/opendata-xbrl-api/v3/financial?businessId=1892111-5&financialDate=2024-12-31
10,1892111-5,Bergent Oy,2024-12-31,2025-07-29,instant,,2024-12-31,x1830,Pitkäaikainen vieras pääoma,mi53,Kirjanpitoarvo,12338.97,ISO4217_EUR,2,MCY=x1830,https://avoindata.prh.fi/opendata-xbrl-api/v3/financial?businessId=1892111-5&financialDate=2024-12-31
10,1892111-5,Bergent Oy,2024-12-31,2025-07-29,instant,,2023-12-31,x1830,Pitkäaikainen vieras pääoma,mi53,Kirjanpitoarvo,16197.76,ISO4217_EUR,2,MCY=x1830;REF=x4,https://avoindata.prh.fi/opendata-xbrl-api/v3/financial?businessId=1892111-5&financialDate=2024-12-31
10,1892111-5,Bergent Oy,2024-12-31,2025-07-29,instant,,2024-12-31,x3023,Lyhytaikaiset lainat rahoituslaitoksilta,mi53,Kirjanpitoarvo,3561.96,ISO4217_EUR,2,MCY=x3023,https://avoindata.prh.fi/opendata-xbrl-api/v3/financial?businessId=1892111-5&financialDate=2024-12-31
10,1892111-5,Bergent Oy,2024-12-31,2025-07-29,instant,,2023-12-31,x3023,Lyhytaikaiset lainat rahoituslaitoksilta,mi53,Kirjanpitoarvo,3561.96,ISO4217_EUR,2,MCY=x3023;REF=x4,https://avoindata.prh.fi/opendata-xbrl-api/v3/financial?businessId=1892111-5&financialDate=2024-12-31
10,1892111-5,Bergent Oy,2024-12-31,2025-07-29,instant,,2024-12-31,x1819,Lyhytaikaiset ostovelat,mi53,Kirjanpitoarvo,13516.99,ISO4217_EUR,2,MCY=x1819,https://avoindata.prh.fi/opendata-xbrl-api/v3/financial?businessId=1892111-5&financialDate=2024-12-31
10,1892111-5,Bergent Oy,2024-12-31,2025-07-29,instant,,2023-12-31,x1819,Lyhytaikaiset ostovelat,mi53,Kirjanpitoarvo,7366.87,ISO4217_EUR,2,MCY=x1819;REF=x4,https://avoindata.prh.fi/opendata-xbrl-api/v3/financial?businessId=1892111-5&financialDate=2024-12-31
10,1892111-5,Bergent Oy,2024-12-31,2025-07-29,instant,,2024-12-31,x1825,Lyhytaikaiset muut velat,mi53,Kirjanpitoarvo,59681.18,ISO4217_EUR,2,MCY=x1825,https://avoindata.prh.fi/opendata-xbrl-api/v3/financial?businessId=1892111-5&financialDate=2024-12-31
10,1892111-5,Bergent Oy,2024-12-31,2025-07-29,instant,,2023-12-31,x1825,Lyhytaikaiset muut velat,mi53,Kirjanpitoarvo,60454.31,ISO4217_EUR,2,MCY=x1825;REF=x4,https://avoindata.prh.fi/opendata-xbrl-api/v3/financial?businessId=1892111-5&financialDate=2024-12-31
10,1892111-5,Bergent Oy,2024-12-31,2025-07-29,instant,,2024-12-31,x1826,Lyhytaikaiset siirtovelat,mi53,Kirjanpitoarvo,22360.59,ISO4217_EUR,2,MCY=x1826,https://avoindata.prh.fi/opendata-xbrl-api/v3/financial?businessId=1892111-5&financialDate=2024-12-31
10,1892111-5,Bergent Oy,2024-12-31,2025-07-29,instant,,2023-12-31,x1826,Lyhytaikaiset siirtovelat,mi53,Kirjanpitoarvo,18387.58,ISO4217_EUR,2,MCY=x1826;REF=x4,https://avoindata.prh.fi/opendata-xbrl-api/v3/financial?businessId=1892111-5&financialDate=2024-12-31
10,1892111-5,Bergent Oy,2024-12-31,2025-07-29,instant,,2024-12-31,x1811,Lyhytaikainen vieras pääoma,mi53,Kirjanpitoarvo,99120.72,ISO4217_EUR,2,MCY=x1811,https://avoindata.prh.fi/opendata-xbrl-api/v3/financial?businessId=1892111-5&financialDate=2024-12-31
10,1892111-5,Bergent Oy,2024-12-31,2025-07-29,instant,,2023-12-31,x1811,Lyhytaikainen vieras pääoma,mi53,Kirjanpitoarvo,89770.72,ISO4217_EUR,2,MCY=x1811;REF=x4,https://avoindata.prh.fi/opendata-xbrl-api/v3/financial?businessId=1892111-5&financialDate=2024-12-31
10,1892111-5,Bergent Oy,2024-12-31,2025-07-29,instant,,2024-12-31,x424,Vieras pääoma,mi53,Kirjanpitoarvo,111459.69,ISO4217_EUR,2,MCY=x424,https://avoindata.prh.fi/opendata-xbrl-api/v3/financial?businessId=1892111-5&financialDate=2024-12-31
10,1892111-5,Bergent Oy,2024-12-31,2025-07-29,instant,,2023-12-31,x424,Vieras pääoma,mi53,Kirjanpitoarvo,105968.48,ISO4217_EUR,2,MCY=x424;REF=x4,https://avoindata.prh.fi/opendata-xbrl-api/v3/financial?businessId=1892111-5&financialDate=2024-12-31
10,1892111-5,Bergent Oy,2024-12-31,2025-07-29,instant,,2024-12-31,x481,Vastattavaa,mi53,Kirjanpitoarvo,195147.31,ISO4217_EUR,2,MCY=x481,https://avoindata.prh.fi/opendata-xbrl-api/v3/financial?businessId=1892111-5&financialDate=2024-12-31
10,1892111-5,Bergent Oy,2024-12-31,2025-07-29,instant,,2023-12-31,x481,Vastattavaa,mi53,Kirjanpitoarvo,212533.77,ISO4217_EUR,2,MCY=x481;REF=x4,https://avoindata.prh.fi/opendata-xbrl-api/v3/financial?businessId=1892111-5&financialDate=2024-12-31
10,1892111-5,Bergent Oy,2024-12-31,2025-07-29,instant,,2024-12-31,x673,Liikevaihto,md103,Tilikauden rahallinen kertymä,703574.00,ISO4217_EUR,2,MCY=x673,https://avoindata.prh.fi/opendata-xbrl-api/v3/financial?businessId=1892111-5&financialDate=2024-12-31
10,1892111-5,Bergent Oy,2024-12-31,2025-07-29,instant,,2023-12-31,x673,Liikevaihto,md103,Tilikauden rahallinen kertymä,776737.00,ISO4217_EUR,2,MCY=x673;REF=x53,https://avoindata.prh.fi/opendata-xbrl-api/v3/financial?businessId=1892111-5&financialDate=2024-12-31
10,1892111-5,Bergent Oy,2024-12-31,2025-07-29,instant,,2024-12-31,x49,Liiketoiminnan muut tuotot,md103,Tilikauden rahallinen kertymä,260.62,ISO4217_EUR,2,MCY=x49,https://avoindata.prh.fi/opendata-xbrl-api/v3/financial?businessId=1892111-5&financialDate=2024-12-31
10,1892111-5,Bergent Oy,2024-12-31,2025-07-29,instant,,2023-12-31,x49,Liiketoiminnan muut tuotot,md103,Tilikauden rahallinen kertymä,330.00,ISO4217_EUR,2,MCY=x49;REF=x53,https://avoindata.prh.fi/opendata-xbrl-api/v3/financial?businessId=1892111-5&financialDate=2024-12-31
10,1892111-5,Bergent Oy,2024-12-31,2025-07-29,instant,,2024-12-31,x755,Ostot tilikauden aikana,md103,Tilikauden rahallinen kertymä,-114400.32,ISO4217_EUR,2,MCY=x755,https://avoindata.prh.fi/opendata-xbrl-api/v3/financial?businessId=1892111-5&financialDate=2024-12-31
10,1892111-5,Bergent Oy,2024-12-31,2025-07-29,instant,,2023-12-31,x755,Ostot tilikauden aikana,md103,Tilikauden rahallinen kertymä,-124004.95,ISO4217_EUR,2,MCY=x755;REF=x53,https://avoindata.prh.fi/opendata-xbrl-api/v3/financial?businessId=1892111-5&financialDate=2024-12-31
10,1892111-5,Bergent Oy,2024-12-31,2025-07-29,instant,,2024-12-31,x544,Varastojen lisäys (+) tai vähennys (-),md103,Tilikauden rahallinen kertymä,2185.28,ISO4217_EUR,2,MCY=x544,https://avoindata.prh.fi/opendata-xbrl-api/v3/financial?businessId=1892111-5&financialDate=2024-12-31
10,1892111-5,Bergent Oy,2024-12-31,2025-07-29,instant,,2023-12-31,x544,Varastojen lisäys (+) tai vähennys (-),md103,Tilikauden rahallinen kertymä,-22445.96,ISO4217_EUR,2,MCY=x544;REF=x53,https://avoindata.prh.fi/opendata-xbrl-api/v3/financial?businessId=1892111-5&financialDate=2024-12-31
10,1892111-5,Bergent Oy,2024-12-31,2025-07-29,instant,,2024-12-31,x10,Palvelujen ostot,md103,Tilikauden rahallinen kertymä,-4259.20,ISO4217_EUR,2,MCY=x10,https://avoindata.prh.fi/opendata-xbrl-api/v3/financial?businessId=1892111-5&financialDate=2024-12-31
10,1892111-5,Bergent Oy,2024-12-31,2025-07-29,instant,,2023-12-31,x10,Palvelujen ostot,md103,Tilikauden rahallinen kertymä,-3394.50,ISO4217_EUR,2,MCY=x10;REF=x53,https://avoindata.prh.fi/opendata-xbrl-api/v3/financial?businessId=1892111-5&financialDate=2024-12-31
10,1892111-5,Bergent Oy,2024-12-31,2025-07-29,instant,,2024-12-31,x758,Materiaalit ja palvelut,md103,Tilikauden rahallinen kertymä,-116474.24,ISO4217_EUR,2,MCY=x758,https://avoindata.prh.fi/opendata-xbrl-api/v3/financial?businessId=1892111-5&financialDate=2024-12-31
10,1892111-5,Bergent Oy,2024-12-31,2025-07-29,instant,,2023-12-31,x758,Materiaalit ja palvelut,md103,Tilikauden rahallinen kertymä,-149845.41,ISO4217_EUR,2,MCY=x758;REF=x53,https://avoindata.prh.fi/opendata-xbrl-api/v3/financial?businessId=1892111-5&financialDate=2024-12-31
10,1892111-5,Bergent Oy,2024-12-31,2025-07-29,instant,,2024-12-31,x6,Palkat ja palkkiot,md103,Tilikauden rahallinen kertymä,-356333.04,ISO4217_EUR,2,MCY=x6,https://avoindata.prh.fi/opendata-xbrl-api/v3/financial?businessId=1892111-5&financialDate=2024-12-31
10,1892111-5,Bergent Oy,2024-12-31,2025-07-29,instant,,2023-12-31,x6,Palkat ja palkkiot,md103,Tilikauden rahallinen kertymä,-371172.36,ISO4217_EUR,2,MCY=x6;REF=x53,https://avoindata.prh.fi/opendata-xbrl-api/v3/financial?businessId=1892111-5&financialDate=2024-12-31
10,1892111-5,Bergent Oy,2024-12-31,2025-07-29,instant,,2024-12-31,x8,Eläkekulut,md103,Tilikauden rahallinen kertymä,-41915.57,ISO4217_EUR,2,MCY=x8,https://avoindata.prh.fi/opendata-xbrl-api/v3/financial?businessId=1892111-5&financialDate=2024-12-31
10,1892111-5,Bergent Oy,2024-12-31,2025-07-29,instant,,2023-12-31,x8,Eläkekulut,md103,Tilikauden rahallinen kertymä,-52437.40,ISO4217_EUR,2,MCY=x8;REF=x53,https://avoindata.prh.fi/opendata-xbrl-api/v3/financial?businessId=1892111-5&financialDate=2024-12-31
10,1892111-5,Bergent Oy,2024-12-31,2025-07-29,instant,,2024-12-31,x9,Muut henkilösivukulut,md103,Tilikauden rahallinen kertymä,-14152.81,ISO4217_EUR,2,MCY=x9,https://avoindata.prh.fi/opendata-xbrl-api/v3/financial?businessId=1892111-5&financialDate=2024-12-31
10,1892111-5,Bergent Oy,2024-12-31,2025-07-29,instant,,2023-12-31,x9,Muut henkilösivukulut,md103,Tilikauden rahallinen kertymä,-17796.16,ISO4217_EUR,2,MCY=x9;REF=x53,https://avoindata.prh.fi/opendata-xbrl-api/v3/financial?businessId=1892111-5&financialDate=2024-12-31
10,1892111-5,Bergent Oy,2024-12-31,2025-07-29,instant,,2024-12-31,x5,Henkilöstökulut,md103,Tilikauden rahallinen kertymä,-412401.42,ISO4217_EUR,2,MCY=x5,https://avoindata.prh.fi/opendata-xbrl-api/v3/financial?businessId=1892111-5&financialDate=2024-12-31
10,1892111-5,Bergent Oy,2024-12-31,2025-07-29,instant,,2023-12-31,x5,Henkilöstökulut,md103,Tilikauden rahallinen kertymä,-441405.92,ISO4217_EUR,2,MCY=x5;REF=x53,https://avoindata.prh.fi/opendata-xbrl-api/v3/financial?businessId=1892111-5&financialDate=2024-12-31
10,1892111-5,Bergent Oy,2024-12-31,2025-07-29,instant,,2024-12-31,x449,Suunnitelman mukaiset poistot,md103,Tilikauden rahallinen kertymä,-4548.83,ISO4217_EUR,2,MCY=x449,https://avoindata.prh.fi/opendata-xbrl-api/v3/financial?businessId=1892111-5&financialDate=2024-12-31
10,1892111-5,Bergent Oy,2024-12-31,2025-07-29,instant,,2023-12-31,x449,Suunnitelman mukaiset poistot,md103,Tilikauden rahallinen kertymä,-5658.64,ISO4217_EUR,2,MCY=x449;REF=x53,https://avoindata.prh.fi/opendata-xbrl-api/v3/financial?businessId=1892111-5&financialDate=2024-12-31
10,1892111-5,Bergent Oy,2024-12-31,2025-07-29,instant,,2024-12-31,x448,Poistot ja arvonalentumiset,md103,Tilikauden rahallinen kertymä,-4548.83,ISO4217_EUR,2,MCY=x448,https://avoindata.prh.fi/opendata-xbrl-api/v3/financial?businessId=1892111-5&financialDate=2024-12-31
10,1892111-5,Bergent Oy,2024-12-31,2025-07-29,instant,,2023-12-31,x448,Poistot ja arvonalentumiset,md103,Tilikauden rahallinen kertymä,-5658.64,ISO4217_EUR,2,MCY=x448;REF=x53,https://avoindata.prh.fi/opendata-xbrl-api/v3/financial?businessId=1892111-5&financialDate=2024-12-31
10,1892111-5,Bergent Oy,2024-12-31,2025-07-29,instant,,2024-12-31,x1869,Liiketoiminnan muut kulut,md103,Tilikauden rahallinen kertymä,-179726.00,ISO4217_EUR,2,MCY=x1869,https://avoindata.prh.fi/opendata-xbrl-api/v3/financial?businessId=1892111-5&financialDate=2024-12-31
10,1892111-5,Bergent Oy,2024-12-31,2025-07-29,instant,,2023-12-31,x1869,Liiketoiminnan muut kulut,md103,Tilikauden rahallinen kertymä,-176204.42,ISO4217_EUR,2,MCY=x1869;REF=x53,https://avoindata.prh.fi/opendata-xbrl-api/v3/financial?businessId=1892111-5&financialDate=2024-12-31
10,1892111-5,Bergent Oy,2024-12-31,2025-07-29,instant,,2024-12-31,x689,Liikevoitto (-tappio),md103,Tilikauden rahallinen kertymä,-9315.87,ISO4217_EUR,2,MCY=x689,https://avoindata.prh.fi/opendata-xbrl-api/v3/financial?businessId=1892111-5&financialDate=2024-12-31
10,1892111-5,Bergent Oy,2024-12-31,2025-07-29,instant,,2023-12-31,x689,Liikevoitto (-tappio),md103,Tilikauden rahallinen kertymä,3952.61,ISO4217_EUR,2,MCY=x689;REF=x53,https://avoindata.prh.fi/opendata-xbrl-api/v3/financial?businessId=1892111-5&financialDate=2024-12-31
10,1892111-5,Bergent Oy,2024-12-31,2025-07-29,instant,,2024-12-31,x4014,Muut korko- ja rahoitustuotot muilta kuin saman konsernin yrityksiltä,md103,Tilikauden rahallinen kertymä,14.29,ISO4217_EUR,2,MCY=x4014,https://avoindata.prh.fi/opendata-xbrl-api/v3/financial?businessId=1892111-5&financialDate=2024-12-31
10,1892111-5,Bergent Oy,2024-12-31,2025-07-29,instant,,2023-12-31,x4014,Muut korko- ja rahoitustuotot muilta kuin saman konsernin yrityksiltä,md103,Tilikauden rahallinen kertymä,0.00,ISO4217_EUR,2,MCY=x4014;REF=x53,https://avoindata.prh.fi/opendata-xbrl-api/v3/financial?businessId=1892111-5&financialDate=2024-12-31
10,1892111-5,Bergent Oy,2024-12-31,2025-07-29,instant,,2024-12-31,x4046,Korkokulut- ja muut rahoituskulut muille kuin saman konsernin yrityksille,md103,Tilikauden rahallinen kertymä,-4427.16,ISO4217_EUR,2,MCY=x4046,https://avoindata.prh.fi/opendata-xbrl-api/v3/financial?businessId=1892111-5&financialDate=2024-12-31
10,1892111-5,Bergent Oy,2024-12-31,2025-07-29,instant,,2023-12-31,x4046,Korkokulut- ja muut rahoituskulut muille kuin saman konsernin yrityksille,md103,Tilikauden rahallinen kertymä,-3675.47,ISO4217_EUR,2,MCY=x4046;REF=x53,https://avoindata.prh.fi/opendata-xbrl-api/v3/financial?businessId=1892111-5&financialDate=2024-12-31
10,1892111-5,Bergent Oy,2024-12-31,2025-07-29,instant,,2024-12-31,x12,Rahoitustuotot ja -kulut + (-),md103,Tilikauden rahallinen kertymä,-4412.87,ISO4217_EUR,2,MCY=x12,https://avoindata.prh.fi/opendata-xbrl-api/v3/financial?businessId=1892111-5&financialDate=2024-12-31
10,1892111-5,Bergent Oy,2024-12-31,2025-07-29,instant,,2023-12-31,x12,Rahoitustuotot ja -kulut + (-),md103,Tilikauden rahallinen kertymä,-3675.47,ISO4217_EUR,2,MCY=x12;REF=x53,https://avoindata.prh.fi/opendata-xbrl-api/v3/financial?businessId=1892111-5&financialDate=2024-12-31
10,1892111-5,Bergent Oy,2024-12-31,2025-07-29,instant,,2024-12-31,x738,Voitto (tappio) ennen tilinpäätössiirtoja ja veroja,md103,Tilikauden rahallinen kertymä,-13728.74,ISO4217_EUR,2,MCY=x738,https://avoindata.prh.fi/opendata-xbrl-api/v3/financial?businessId=1892111-5&financialDate=2024-12-31
10,1892111-5,Bergent Oy,2024-12-31,2025-07-29,instant,,2023-12-31,x738,Voitto (tappio) ennen tilinpäätössiirtoja ja veroja,md103,Tilikauden rahallinen kertymä,277.14,ISO4217_EUR,2,MCY=x738;REF=x53,https://avoindata.prh.fi/opendata-xbrl-api/v3/financial?businessId=1892111-5&financialDate=2024-12-31
10,1892111-5,Bergent Oy,2024-12-31,2025-07-29,instant,,2024-12-31,x740,Tilikauden voitto (tappio),md103,Tilikauden rahallinen kertymä,-13728.74,ISO4217_EUR,2,MCY=x740,https://avoindata.prh.fi/opendata-xbrl-api/v3/financial?businessId=1892111-5&financialDate=2024-12-31
10,1892111-5,Bergent Oy,2024-12-31,2025-07-29,instant,,2023-12-31,x740,Tilikauden voitto (tappio),md103,Tilikauden rahallinen kertymä,277.14,ISO4217_EUR,2,MCY=x740;REF=x53,https://avoindata.prh.fi/opendata-xbrl-api/v3/financial?businessId=1892111-5&financialDate=2024-12-31
11,1896344-6,Proinno Oy,2025-12-31,2026-08-28,instant,,2025-12-31,x1035,Aineettomat oikeudet,mi53,Kirjanpitoarvo,753.84,ISO4217_EUR,2,MCY=x1035,https://avoindata.prh.fi/opendata-xbrl-api/v3/financial?businessId=1896344-6&financialDate=2025-12-31
11,1896344-6,Proinno Oy,2025-12-31,2026-08-28,instant,,2024-06-30,x1035,Aineettomat oikeudet,mi53,Kirjanpitoarvo,658.34,ISO4217_EUR,2,MCY=x1035;REF=x4,https://avoindata.prh.fi/opendata-xbrl-api/v3/financial?businessId=1896344-6&financialDate=2025-12-31
11,1896344-6,Proinno Oy,2025-12-31,2026-08-28,instant,,2025-12-31,x2285,Muut aineettomat hyödykkeet (KPL),mi53,Kirjanpitoarvo,12654.00,ISO4217_EUR,2,MCY=x2285,https://avoindata.prh.fi/opendata-xbrl-api/v3/financial?businessId=1896344-6&financialDate=2025-12-31
11,1896344-6,Proinno Oy,2025-12-31,2026-08-28,instant,,2024-06-30,x2285,Muut aineettomat hyödykkeet (KPL),mi53,Kirjanpitoarvo,19696.20,ISO4217_EUR,2,MCY=x2285;REF=x4,https://avoindata.prh.fi/opendata-xbrl-api/v3/financial?businessId=1896344-6&financialDate=2025-12-31
11,1896344-6,Proinno Oy,2025-12-31,2026-08-28,instant,,2025-12-31,x551,Aineettomat hyödykkeet,mi53,Kirjanpitoarvo,13407.84,ISO4217_EUR,2,MCY=x551,https://avoindata.prh.fi/opendata-xbrl-api/v3/financial?businessId=1896344-6&financialDate=2025-12-31
11,1896344-6,Proinno Oy,2025-12-31,2026-08-28,instant,,2024-06-30,x551,Aineettomat hyödykkeet,mi53,Kirjanpitoarvo,20354.54,ISO4217_EUR,2,MCY=x551;REF=x4,https://avoindata.prh.fi/opendata-xbrl-api/v3/financial?businessId=1896344-6&financialDate=2025-12-31
11,1896344-6,Proinno Oy,2025-12-31,2026-08-28,instant,,2025-12-31,x1036,Koneet ja kalusto,mi53,Kirjanpitoarvo,4460.15,ISO4217_EUR,2,MCY=x1036,https://avoindata.prh.fi/opendata-xbrl-api/v3/financial?businessId=1896344-6&financialDate=2025-12-31
11,1896344-6,Proinno Oy,2025-12-31,2026-08-28,instant,,2024-06-30,x1036,Koneet ja kalusto,mi53,Kirjanpitoarvo,5946.87,ISO4217_EUR,2,MCY=x1036;REF=x4,https://avoindata.prh.fi/opendata-xbrl-api/v3/financial?businessId=1896344-6&financialDate=2025-12-31
11,1896344-6,Proinno Oy,2025-12-31,2026-08-28,instant,,2025-12-31,x1729,Muut aineelliset hyödykkeet,mi53,Kirjanpitoarvo,2636.37,ISO4217_EUR,2,MCY=x1729,https://avoindata.prh.fi/opendata-xbrl-api/v3/financial?businessId=1896344-6&financialDate=2025-12-31
11,1896344-6,Proinno Oy,2025-12-31,2026-08-28,instant,,2024-06-30,x1729,Muut aineelliset hyödykkeet,mi53,Kirjanpitoarvo,2636.37,ISO4217_EUR,2,MCY=x1729;REF=x4,https://avoindata.prh.fi/opendata-xbrl-api/v3/financial?businessId=1896344-6&financialDate=2025-12-31
11,1896344-6,Proinno Oy,2025-12-31,2026-08-28,instant,,2025-12-31,x816,Aineelliset hyödykkeet,mi53,Kirjanpitoarvo,7096.52,ISO4217_EUR,2,MCY=x816,https://avoindata.prh.fi/opendata-xbrl-api/v3/financial?businessId=1896344-6&financialDate=2025-12-31
11,1896344-6,Proinno Oy,2025-12-31,2026-08-28,instant,,2024-06-30,x816,Aineelliset hyödykkeet,mi53,Kirjanpitoarvo,8583.24,ISO4217_EUR,2,MCY=x816;REF=x4,https://avoindata.prh.fi/opendata-xbrl-api/v3/financial?businessId=1896344-6&financialDate=2025-12-31
11,1896344-6,Proinno Oy,2025-12-31,2026-08-28,instant,,2025-12-31,x1742,Muut osakkeet ja osuudet,mi53,Kirjanpitoarvo,216137.77,ISO4217_EUR,2,MCY=x1742,https://avoindata.prh.fi/opendata-xbrl-api/v3/financial?businessId=1896344-6&financialDate=2025-12-31
11,1896344-6,Proinno Oy,2025-12-31,2026-08-28,instant,,2024-06-30,x1742,Muut osakkeet ja osuudet,mi53,Kirjanpitoarvo,260614.02,ISO4217_EUR,2,MCY=x1742;REF=x4,https://avoindata.prh.fi/opendata-xbrl-api/v3/financial?businessId=1896344-6&financialDate=2025-12-31
11,1896344-6,Proinno Oy,2025-12-31,2026-08-28,instant,,2025-12-31,x583,Sijoitukset,mi53,Kirjanpitoarvo,216137.77,ISO4217_EUR,2,MCY=x583,https://avoindata.prh.fi/opendata-xbrl-api/v3/financial?businessId=1896344-6&financialDate=2025-12-31
11,1896344-6,Proinno Oy,2025-12-31,2026-08-28,instant,,2024-06-30,x583,Sijoitukset,mi53,Kirjanpitoarvo,260614.02,ISO4217_EUR,2,MCY=x583;REF=x4,https://avoindata.prh.fi/opendata-xbrl-api/v3/financial?businessId=1896344-6&financialDate=2025-12-31
11,1896344-6,Proinno Oy,2025-12-31,2026-08-28,instant,,2025-12-31,x513,Pysyvät vastaavat,mi53,Kirjanpitoarvo,236642.13,ISO4217_EUR,2,MCY=x513,https://avoindata.prh.fi/opendata-xbrl-api/v3/financial?businessId=1896344-6&financialDate=2025-12-31
11,1896344-6,Proinno Oy,2025-12-31,2026-08-28,instant,,2024-06-30,x513,Pysyvät vastaavat,mi53,Kirjanpitoarvo,289551.80,ISO4217_EUR,2,MCY=x513;REF=x4,https://avoindata.prh.fi/opendata-xbrl-api/v3/financial?businessId=1896344-6&financialDate=2025-12-31
11,1896344-6,Proinno Oy,2025-12-31,2026-08-28,instant,,2025-12-31,x1769,Lyhytaikaiset myyntisaamiset,mi53,Kirjanpitoarvo,8609.30,ISO4217_EUR,2,MCY=x1769,https://avoindata.prh.fi/opendata-xbrl-api/v3/financial?businessId=1896344-6&financialDate=2025-12-31
11,1896344-6,Proinno Oy,2025-12-31,2026-08-28,instant,,2024-06-30,x1769,Lyhytaikaiset myyntisaamiset,mi53,Kirjanpitoarvo,23345.52,ISO4217_EUR,2,MCY=x1769;REF=x4,https://avoindata.prh.fi/opendata-xbrl-api/v3/financial?businessId=1896344-6&financialDate=2025-12-31
11,1896344-6,Proinno Oy,2025-12-31,2026-08-28,instant,,2025-12-31,x1771,Lyhytaikaiset muut saamiset,mi53,Kirjanpitoarvo,0.00,ISO4217_EUR,2,MCY=x1771,https://avoindata.prh.fi/opendata-xbrl-api/v3/financial?businessId=1896344-6&financialDate=2025-12-31
11,1896344-6,Proinno Oy,2025-12-31,2026-08-28,instant,,2024-06-30,x1771,Lyhytaikaiset muut saamiset,mi53,Kirjanpitoarvo,0.06,ISO4217_EUR,2,MCY=x1771;REF=x4,https://avoindata.prh.fi/opendata-xbrl-api/v3/financial?businessId=1896344-6&financialDate=2025-12-31
11,1896344-6,Proinno Oy,2025-12-31,2026-08-28,instant,,2025-12-31,x1775,Lyhytaikaiset siirtosaamiset,mi53,Kirjanpitoarvo,3221.98,ISO4217_EUR,2,MCY=x1775,https://avoindata.prh.fi/opendata-xbrl-api/v3/financial?businessId=1896344-6&financialDate=2025-12-31
11,1896344-6,Proinno Oy,2025-12-31,2026-08-28,instant,,2024-06-30,x1775,Lyhytaikaiset siirtosaamiset,mi53,Kirjanpitoarvo,6019.49,ISO4217_EUR,2,MCY=x1775;REF=x4,https://avoindata.prh.fi/opendata-xbrl-api/v3/financial?businessId=1896344-6&financialDate=2025-12-31
11,1896344-6,Proinno Oy,2025-12-31,2026-08-28,instant,,2025-12-31,x1768,Lyhytaikaiset saamiset,mi53,Kirjanpitoarvo,11831.28,ISO4217_EUR,2,MCY=x1768,https://avoindata.prh.fi/opendata-xbrl-api/v3/financial?businessId=1896344-6&financialDate=2025-12-31
11,1896344-6,Proinno Oy,2025-12-31,2026-08-28,instant,,2024-06-30,x1768,Lyhytaikaiset saamiset,mi53,Kirjanpitoarvo,29365.07,ISO4217_EUR,2,MCY=x1768;REF=x4,https://avoindata.prh.fi/opendata-xbrl-api/v3/financial?businessId=1896344-6&financialDate=2025-12-31
11,1896344-6,Proinno Oy,2025-12-31,2026-08-28,instant,,2025-12-31,x438,Saamiset,mi53,Kirjanpitoarvo,11831.28,ISO4217_EUR,2,MCY=x438,https://avoindata.prh.fi/opendata-xbrl-api/v3/financial?businessId=1896344-6&financialDate=2025-12-31
11,1896344-6,Proinno Oy,2025-12-31,2026-08-28,instant,,2024-06-30,x438,Saamiset,mi53,Kirjanpitoarvo,29365.07,ISO4217_EUR,2,MCY=x438;REF=x4,https://avoindata.prh.fi/opendata-xbrl-api/v3/financial?businessId=1896344-6&financialDate=2025-12-31
11,1896344-6,Proinno Oy,2025-12-31,2026-08-28,instant,,2025-12-31,x399,Rahat ja pankkisaamiset,mi53,Kirjanpitoarvo,9587.79,ISO4217_EUR,2,MCY=x399,https://avoindata.prh.fi/opendata-xbrl-api/v3/financial?businessId=1896344-6&financialDate=2025-12-31
11,1896344-6,Proinno Oy,2025-12-31,2026-08-28,instant,,2024-06-30,x399,Rahat ja pankkisaamiset,mi53,Kirjanpitoarvo,24212.77,ISO4217_EUR,2,MCY=x399;REF=x4,https://avoindata.prh.fi/opendata-xbrl-api/v3/financial?businessId=1896344-6&financialDate=2025-12-31
11,1896344-6,Proinno Oy,2025-12-31,2026-08-28,instant,,2025-12-31,x435,Vaihtuvat vastaavat,mi53,Kirjanpitoarvo,21419.07,ISO4217_EUR,2,MCY=x435,https://avoindata.prh.fi/opendata-xbrl-api/v3/financial?businessId=1896344-6&financialDate=2025-12-31
11,1896344-6,Proinno Oy,2025-12-31,2026-08-28,instant,,2024-06-30,x435,Vaihtuvat vastaavat,mi53,Kirjanpitoarvo,53577.84,ISO4217_EUR,2,MCY=x435;REF=x4,https://avoindata.prh.fi/opendata-xbrl-api/v3/financial?businessId=1896344-6&financialDate=2025-12-31
11,1896344-6,Proinno Oy,2025-12-31,2026-08-28,instant,,2025-12-31,x360,Vastaavaa,mi53,Kirjanpitoarvo,258061.20,ISO4217_EUR,2,MCY=x360,https://avoindata.prh.fi/opendata-xbrl-api/v3/financial?businessId=1896344-6&financialDate=2025-12-31
11,1896344-6,Proinno Oy,2025-12-31,2026-08-28,instant,,2024-06-30,x360,Vastaavaa,mi53,Kirjanpitoarvo,343129.64,ISO4217_EUR,2,MCY=x360;REF=x4,https://avoindata.prh.fi/opendata-xbrl-api/v3/financial?businessId=1896344-6&financialDate=2025-12-31
11,1896344-6,Proinno Oy,2025-12-31,2026-08-28,instant,,2025-12-31,x4116,"Osake-, osuus- tai muu vastaava pääoma",mi53,Kirjanpitoarvo,8000.00,ISO4217_EUR,2,MCY=x4116,https://avoindata.prh.fi/opendata-xbrl-api/v3/financial?businessId=1896344-6&financialDate=2025-12-31
11,1896344-6,Proinno Oy,2025-12-31,2026-08-28,instant,,2024-06-30,x4116,"Osake-, osuus- tai muu vastaava pääoma",mi53,Kirjanpitoarvo,8000.00,ISO4217_EUR,2,MCY=x4116;REF=x4,https://avoindata.prh.fi/opendata-xbrl-api/v3/financial?businessId=1896344-6&financialDate=2025-12-31
11,1896344-6,Proinno Oy,2025-12-31,2026-08-28,instant,,2025-12-31,x932,Edellisten tilikausien voitto (tappio),mi53,Kirjanpitoarvo,295088.33,ISO4217_EUR,2,MCY=x932,https://avoindata.prh.fi/opendata-xbrl-api/v3/financial?businessId=1896344-6&financialDate=2025-12-31
11,1896344-6,Proinno Oy,2025-12-31,2026-08-28,instant,,2024-06-30,x932,Edellisten tilikausien voitto (tappio),mi53,Kirjanpitoarvo,315562.60,ISO4217_EUR,2,MCY=x932;REF=x4,https://avoindata.prh.fi/opendata-xbrl-api/v3/financial?businessId=1896344-6&financialDate=2025-12-31
11,1896344-6,Proinno Oy,2025-12-31,2026-08-28,instant,,2025-12-31,x2895,"Tilikauden voitto (tappio), oma pääoma",mi53,Kirjanpitoarvo,-59566.72,ISO4217_EUR,2,MCY=x2895,https://avoindata.prh.fi/opendata-xbrl-api/v3/financial?businessId=1896344-6&financialDate=2025-12-31
11,1896344-6,Proinno Oy,2025-12-31,2026-08-28,instant,,2024-06-30,x2895,"Tilikauden voitto (tappio), oma pääoma",mi53,Kirjanpitoarvo,5576.13,ISO4217_EUR,2,MCY=x2895;REF=x4,https://avoindata.prh.fi/opendata-xbrl-api/v3/financial?businessId=1896344-6&financialDate=2025-12-31
11,1896344-6,Proinno Oy,2025-12-31,2026-08-28,instant,,2025-12-31,x376,Oma pääoma,mi53,Kirjanpitoarvo,243521.61,ISO4217_EUR,2,MCY=x376,https://avoindata.prh.fi/opendata-xbrl-api/v3/financial?businessId=1896344-6&financialDate=2025-12-31
11,1896344-6,Proinno Oy,2025-12-31,2026-08-28,instant,,2024-06-30,x376,Oma pääoma,mi53,Kirjanpitoarvo,329138.73,ISO4217_EUR,2,MCY=x376;REF=x4,https://avoindata.prh.fi/opendata-xbrl-api/v3/financial?businessId=1896344-6&financialDate=2025-12-31
11,1896344-6,Proinno Oy,2025-12-31,2026-08-28,instant,,2025-12-31,x1805,Pitkäaikaiset saadut ennakot,mi53,Kirjanpitoarvo,520.00,ISO4217_EUR,2,MCY=x1805,https://avoindata.prh.fi/opendata-xbrl-api/v3/financial?businessId=1896344-6&financialDate=2025-12-31
11,1896344-6,Proinno Oy,2025-12-31,2026-08-28,instant,,2024-06-30,x1805,Pitkäaikaiset saadut ennakot,mi53,Kirjanpitoarvo,520.00,ISO4217_EUR,2,MCY=x1805;REF=x4,https://avoindata.prh.fi/opendata-xbrl-api/v3/financial?businessId=1896344-6&financialDate=2025-12-31
11,1896344-6,Proinno Oy,2025-12-31,2026-08-28,instant,,2025-12-31,x1830,Pitkäaikainen vieras pääoma,mi53,Kirjanpitoarvo,520.00,ISO4217_EUR,2,MCY=x1830,https://avoindata.prh.fi/opendata-xbrl-api/v3/financial?businessId=1896344-6&financialDate=2025-12-31
11,1896344-6,Proinno Oy,2025-12-31,2026-08-28,instant,,2024-06-30,x1830,Pitkäaikainen vieras pääoma,mi53,Kirjanpitoarvo,520.00,ISO4217_EUR,2,MCY=x1830;REF=x4,https://avoindata.prh.fi/opendata-xbrl-api/v3/financial?businessId=1896344-6&financialDate=2025-12-31
11,1896344-6,Proinno Oy,2025-12-31,2026-08-28,instant,,2025-12-31,x1819,Lyhytaikaiset ostovelat,mi53,Kirjanpitoarvo,3687.63,ISO4217_EUR,2,MCY=x1819,https://avoindata.prh.fi/opendata-xbrl-api/v3/financial?businessId=1896344-6&financialDate=2025-12-31
11,1896344-6,Proinno Oy,2025-12-31,2026-08-28,instant,,2024-06-30,x1819,Lyhytaikaiset ostovelat,mi53,Kirjanpitoarvo,5756.54,ISO4217_EUR,2,MCY=x1819;REF=x4,https://avoindata.prh.fi/opendata-xbrl-api/v3/financial?businessId=1896344-6&financialDate=2025-12-31
11,1896344-6,Proinno Oy,2025-12-31,2026-08-28,instant,,2025-12-31,x1825,Lyhytaikaiset muut velat,mi53,Kirjanpitoarvo,10252.36,ISO4217_EUR,2,MCY=x1825,https://avoindata.prh.fi/opendata-xbrl-api/v3/financial?businessId=1896344-6&financialDate=2025-12-31
11,1896344-6,Proinno Oy,2025-12-31,2026-08-28,instant,,2024-06-30,x1825,Lyhytaikaiset muut velat,mi53,Kirjanpitoarvo,7559.70,ISO4217_EUR,2,MCY=x1825;REF=x4,https://avoindata.prh.fi/opendata-xbrl-api/v3/financial?businessId=1896344-6&financialDate=2025-12-31
11,1896344-6,Proinno Oy,2025-12-31,2026-08-28,instant,,2025-12-31,x1826,Lyhytaikaiset siirtovelat,mi53,Kirjanpitoarvo,79.60,ISO4217_EUR,2,MCY=x1826,https://avoindata.prh.fi/opendata-xbrl-api/v3/financial?businessId=1896344-6&financialDate=2025-12-31
11,1896344-6,Proinno Oy,2025-12-31,2026-08-28,instant,,2024-06-30,x1826,Lyhytaikaiset siirtovelat,mi53,Kirjanpitoarvo,154.67,ISO4217_EUR,2,MCY=x1826;REF=x4,https://avoindata.prh.fi/opendata-xbrl-api/v3/financial?businessId=1896344-6&financialDate=2025-12-31
11,1896344-6,Proinno Oy,2025-12-31,2026-08-28,instant,,2025-12-31,x1811,Lyhytaikainen vieras pääoma,mi53,Kirjanpitoarvo,14019.59,ISO4217_EUR,2,MCY=x1811,https://avoindata.prh.fi/opendata-xbrl-api/v3/financial?businessId=1896344-6&financialDate=2025-12-31
11,1896344-6,Proinno Oy,2025-12-31,2026-08-28,instant,,2024-06-30,x1811,Lyhytaikainen vieras pääoma,mi53,Kirjanpitoarvo,13470.91,ISO4217_EUR,2,MCY=x1811;REF=x4,https://avoindata.prh.fi/opendata-xbrl-api/v3/financial?businessId=1896344-6&financialDate=2025-12-31
11,1896344-6,Proinno Oy,2025-12-31,2026-08-28,instant,,2025-12-31,x424,Vieras pääoma,mi53,Kirjanpitoarvo,14539.59,ISO4217_EUR,2,MCY=x424,https://avoindata.prh.fi/opendata-xbrl-api/v3/financial?businessId=1896344-6&financialDate=2025-12-31
11,1896344-6,Proinno Oy,2025-12-31,2026-08-28,instant,,2024-06-30,x424,Vieras pääoma,mi53,Kirjanpitoarvo,13990.91,ISO4217_EUR,2,MCY=x424;REF=x4,https://avoindata.prh.fi/opendata-xbrl-api/v3/financial?businessId=1896344-6&financialDate=2025-12-31
11,1896344-6,Proinno Oy,2025-12-31,2026-08-28,instant,,2025-12-31,x481,Vastattavaa,mi53,Kirjanpitoarvo,258061.20,ISO4217_EUR,2,MCY=x481,https://avoindata.prh.fi/opendata-xbrl-api/v3/financial?businessId=1896344-6&financialDate=2025-12-31
11,1896344-6,Proinno Oy,2025-12-31,2026-08-28,instant,,2024-06-30,x481,Vastattavaa,mi53,Kirjanpitoarvo,343129.64,ISO4217_EUR,2,MCY=x481;REF=x4,https://avoindata.prh.fi/opendata-xbrl-api/v3/financial?businessId=1896344-6&financialDate=2025-12-31
11,1896344-6,Proinno Oy,2025-12-31,2026-08-28,instant,,2025-12-31,x673,Liikevaihto,md103,Tilikauden rahallinen kertymä,146537.12,ISO4217_EUR,2,MCY=x673,https://avoindata.prh.fi/opendata-xbrl-api/v3/financial?businessId=1896344-6&financialDate=2025-12-31
11,1896344-6,Proinno Oy,2025-12-31,2026-08-28,instant,,2024-06-30,x673,Liikevaihto,md103,Tilikauden rahallinen kertymä,159603.02,ISO4217_EUR,2,MCY=x673;REF=x53,https://avoindata.prh.fi/opendata-xbrl-api/v3/financial?businessId=1896344-6&financialDate=2025-12-31
11,1896344-6,Proinno Oy,2025-12-31,2026-08-28,instant,,2025-12-31,x755,Ostot tilikauden aikana,md103,Tilikauden rahallinen kertymä,2777.98,ISO4217_EUR,2,MCY=x755,https://avoindata.prh.fi/opendata-xbrl-api/v3/financial?businessId=1896344-6&financialDate=2025-12-31
11,1896344-6,Proinno Oy,2025-12-31,2026-08-28,instant,,2024-06-30,x755,Ostot tilikauden aikana,md103,Tilikauden rahallinen kertymä,0.00,ISO4217_EUR,2,MCY=x755;REF=x53,https://avoindata.prh.fi/opendata-xbrl-api/v3/financial?businessId=1896344-6&financialDate=2025-12-31
11,1896344-6,Proinno Oy,2025-12-31,2026-08-28,instant,,2025-12-31,x10,Palvelujen ostot,md103,Tilikauden rahallinen kertymä,8034.24,ISO4217_EUR,2,MCY=x10,https://avoindata.prh.fi/opendata-xbrl-api/v3/financial?businessId=1896344-6&financialDate=2025-12-31
11,1896344-6,Proinno Oy,2025-12-31,2026-08-28,instant,,2024-06-30,x10,Palvelujen ostot,md103,Tilikauden rahallinen kertymä,16029.23,ISO4217_EUR,2,MCY=x10;REF=x53,https://avoindata.prh.fi/opendata-xbrl-api/v3/financial?businessId=1896344-6&financialDate=2025-12-31
11,1896344-6,Proinno Oy,2025-12-31,2026-08-28,instant,,2025-12-31,x758,Materiaalit ja palvelut,md103,Tilikauden rahallinen kertymä,10812.22,ISO4217_EUR,2,MCY=x758,https://avoindata.prh.fi/opendata-xbrl-api/v3/financial?businessId=1896344-6&financialDate=2025-12-31
11,1896344-6,Proinno Oy,2025-12-31,2026-08-28,instant,,2024-06-30,x758,Materiaalit ja palvelut,md103,Tilikauden rahallinen kertymä,16029.23,ISO4217_EUR,2,MCY=x758;REF=x53,https://avoindata.prh.fi/opendata-xbrl-api/v3/financial?businessId=1896344-6&financialDate=2025-12-31
11,1896344-6,Proinno Oy,2025-12-31,2026-08-28,instant,,2025-12-31,x6,Palkat ja palkkiot,md103,Tilikauden rahallinen kertymä,30960.00,ISO4217_EUR,2,MCY=x6,https://avoindata.prh.fi/opendata-xbrl-api/v3/financial?businessId=1896344-6&financialDate=2025-12-31
11,1896344-6,Proinno Oy,2025-12-31,2026-08-28,instant,,2024-06-30,x6,Palkat ja palkkiot,md103,Tilikauden rahallinen kertymä,28800.00,ISO4217_EUR,2,MCY=x6;REF=x53,https://avoindata.prh.fi/opendata-xbrl-api/v3/financial?businessId=1896344-6&financialDate=2025-12-31
11,1896344-6,Proinno Oy,2025-12-31,2026-08-28,instant,,2025-12-31,x8,Eläkekulut,md103,Tilikauden rahallinen kertymä,28624.00,ISO4217_EUR,2,MCY=x8,https://avoindata.prh.fi/opendata-xbrl-api/v3/financial?businessId=1896344-6&financialDate=2025-12-31
11,1896344-6,Proinno Oy,2025-12-31,2026-08-28,instant,,2024-06-30,x8,Eläkekulut,md103,Tilikauden rahallinen kertymä,19824.73,ISO4217_EUR,2,MCY=x8;REF=x53,https://avoindata.prh.fi/opendata-xbrl-api/v3/financial?businessId=1896344-6&financialDate=2025-12-31
11,1896344-6,Proinno Oy,2025-12-31,2026-08-28,instant,,2025-12-31,x9,Muut henkilösivukulut,md103,Tilikauden rahallinen kertymä,15334.74,ISO4217_EUR,2,MCY=x9,https://avoindata.prh.fi/opendata-xbrl-api/v3/financial?businessId=1896344-6&financialDate=2025-12-31
11,1896344-6,Proinno Oy,2025-12-31,2026-08-28,instant,,2024-06-30,x9,Muut henkilösivukulut,md103,Tilikauden rahallinen kertymä,9405.54,ISO4217_EUR,2,MCY=x9;REF=x53,https://avoindata.prh.fi/opendata-xbrl-api/v3/financial?businessId=1896344-6&financialDate=2025-12-31
11,1896344-6,Proinno Oy,2025-12-31,2026-08-28,instant,,2025-12-31,x5,Henkilöstökulut,md103,Tilikauden rahallinen kertymä,74918.74,ISO4217_EUR,2,MCY=x5,https://avoindata.prh.fi/opendata-xbrl-api/v3/financial?businessId=1896344-6&financialDate=2025-12-31
11,1896344-6,Proinno Oy,2025-12-31,2026-08-28,instant,,2024-06-30,x5,Henkilöstökulut,md103,Tilikauden rahallinen kertymä,58030.27,ISO4217_EUR,2,MCY=x5;REF=x53,https://avoindata.prh.fi/opendata-xbrl-api/v3/financial?businessId=1896344-6&financialDate=2025-12-31
11,1896344-6,Proinno Oy,2025-12-31,2026-08-28,instant,,2025-12-31,x449,Suunnitelman mukaiset poistot,md103,Tilikauden rahallinen kertymä,8773.42,ISO4217_EUR,2,MCY=x449,https://avoindata.prh.fi/opendata-xbrl-api/v3/financial?businessId=1896344-6&financialDate=2025-12-31
11,1896344-6,Proinno Oy,2025-12-31,2026-08-28,instant,,2024-06-30,x449,Suunnitelman mukaiset poistot,md103,Tilikauden rahallinen kertymä,5860.75,ISO4217_EUR,2,MCY=x449;REF=x53,https://avoindata.prh.fi/opendata-xbrl-api/v3/financial?businessId=1896344-6&financialDate=2025-12-31
11,1896344-6,Proinno Oy,2025-12-31,2026-08-28,instant,,2025-12-31,x448,Poistot ja arvonalentumiset,md103,Tilikauden rahallinen kertymä,8773.42,ISO4217_EUR,2,MCY=x448,https://avoindata.prh.fi/opendata-xbrl-api/v3/financial?businessId=1896344-6&financialDate=2025-12-31
11,1896344-6,Proinno Oy,2025-12-31,2026-08-28,instant,,2024-06-30,x448,Poistot ja arvonalentumiset,md103,Tilikauden rahallinen kertymä,5860.75,ISO4217_EUR,2,MCY=x448;REF=x53,https://avoindata.prh.fi/opendata-xbrl-api/v3/financial?businessId=1896344-6&financialDate=2025-12-31
11,1896344-6,Proinno Oy,2025-12-31,2026-08-28,instant,,2025-12-31,x1869,Liiketoiminnan muut kulut,md103,Tilikauden rahallinen kertymä,132941.18,ISO4217_EUR,2,MCY=x1869,https://avoindata.prh.fi/opendata-xbrl-api/v3/financial?businessId=1896344-6&financialDate=2025-12-31
11,1896344-6,Proinno Oy,2025-12-31,2026-08-28,instant,,2024-06-30,x1869,Liiketoiminnan muut kulut,md103,Tilikauden rahallinen kertymä,81487.37,ISO4217_EUR,2,MCY=x1869;REF=x53,https://avoindata.prh.fi/opendata-xbrl-api/v3/financial?businessId=1896344-6&financialDate=2025-12-31
11,1896344-6,Proinno Oy,2025-12-31,2026-08-28,instant,,2025-12-31,x689,Liikevoitto (-tappio),md103,Tilikauden rahallinen kertymä,-80908.44,ISO4217_EUR,2,MCY=x689,https://avoindata.prh.fi/opendata-xbrl-api/v3/financial?businessId=1896344-6&financialDate=2025-12-31
11,1896344-6,Proinno Oy,2025-12-31,2026-08-28,instant,,2024-06-30,x689,Liikevoitto (-tappio),md103,Tilikauden rahallinen kertymä,-1804.60,ISO4217_EUR,2,MCY=x689;REF=x53,https://avoindata.prh.fi/opendata-xbrl-api/v3/financial?businessId=1896344-6&financialDate=2025-12-31
11,1896344-6,Proinno Oy,2025-12-31,2026-08-28,instant,,2025-12-31,x4133,"Tuotot muista pysyvien vastaavien sijoituksista, muilta yrityksiltä saadut",md103,Tilikauden rahallinen kertymä,19215.42,ISO4217_EUR,2,MCY=x4133,https://avoindata.prh.fi/opendata-xbrl-api/v3/financial?businessId=1896344-6&financialDate=2025-12-31
11,1896344-6,Proinno Oy,2025-12-31,2026-08-28,instant,,2024-06-30,x4133,"Tuotot muista pysyvien vastaavien sijoituksista, muilta yrityksiltä saadut",md103,Tilikauden rahallinen kertymä,1726.57,ISO4217_EUR,2,MCY=x4133;REF=x53,https://avoindata.prh.fi/opendata-xbrl-api/v3/financial?businessId=1896344-6&financialDate=2025-12-31
11,1896344-6,Proinno Oy,2025-12-31,2026-08-28,instant,,2025-12-31,x4014,Muut korko- ja rahoitustuotot muilta kuin saman konsernin yrityksiltä,md103,Tilikauden rahallinen kertymä,0.31,ISO4217_EUR,2,MCY=x4014,https://avoindata.prh.fi/opendata-xbrl-api/v3/financial?businessId=1896344-6&financialDate=2025-12-31
11,1896344-6,Proinno Oy,2025-12-31,2026-08-28,instant,,2024-06-30,x4014,Muut korko- ja rahoitustuotot muilta kuin saman konsernin yrityksiltä,md103,Tilikauden rahallinen kertymä,0.08,ISO4217_EUR,2,MCY=x4014;REF=x53,https://avoindata.prh.fi/opendata-xbrl-api/v3/financial?businessId=1896344-6&financialDate=2025-12-31
11,1896344-6,Proinno Oy,2025-12-31,2026-08-28,instant,,2025-12-31,x1117,Arvonalentumiset pysyvien vastaavien sijoituksista,md103,Tilikauden rahallinen kertymä,-2350.58,ISO4217_EUR,2,MCY=x1117,https://avoindata.prh.fi/opendata-xbrl-api/v3/financial?businessId=1896344-6&financialDate=2025-12-31
11,1896344-6,Proinno Oy,2025-12-31,2026-08-28,instant,,2024-06-30,x1117,Arvonalentumiset pysyvien vastaavien sijoituksista,md103,Tilikauden rahallinen kertymä,-5977.55,ISO4217_EUR,2,MCY=x1117;REF=x53,https://avoindata.prh.fi/opendata-xbrl-api/v3/financial?businessId=1896344-6&financialDate=2025-12-31
11,1896344-6,Proinno Oy,2025-12-31,2026-08-28,instant,,2025-12-31,x4046,Korkokulut- ja muut rahoituskulut muille kuin saman konsernin yrityksille,md103,Tilikauden rahallinen kertymä,219.29,ISO4217_EUR,2,MCY=x4046,https://avoindata.prh.fi/opendata-xbrl-api/v3/financial?businessId=1896344-6&financialDate=2025-12-31
11,1896344-6,Proinno Oy,2025-12-31,2026-08-28,instant,,2024-06-30,x4046,Korkokulut- ja muut rahoituskulut muille kuin saman konsernin yrityksille,md103,Tilikauden rahallinen kertymä,320.04,ISO4217_EUR,2,MCY=x4046;REF=x53,https://avoindata.prh.fi/opendata-xbrl-api/v3/financial?businessId=1896344-6&financialDate=2025-12-31
11,1896344-6,Proinno Oy,2025-12-31,2026-08-28,instant,,2025-12-31,x12,Rahoitustuotot ja -kulut + (-),md103,Tilikauden rahallinen kertymä,-21347.02,ISO4217_EUR,2,MCY=x12,https://avoindata.prh.fi/opendata-xbrl-api/v3/financial?businessId=1896344-6&financialDate=2025-12-31
11,1896344-6,Proinno Oy,2025-12-31,2026-08-28,instant,,2024-06-30,x12,Rahoitustuotot ja -kulut + (-),md103,Tilikauden rahallinen kertymä,-7384.16,ISO4217_EUR,2,MCY=x12;REF=x53,https://avoindata.prh.fi/opendata-xbrl-api/v3/financial?businessId=1896344-6&financialDate=2025-12-31
11,1896344-6,Proinno Oy,2025-12-31,2026-08-28,instant,,2025-12-31,x738,Voitto (tappio) ennen tilinpäätössiirtoja ja veroja,md103,Tilikauden rahallinen kertymä,-59561.42,ISO4217_EUR,2,MCY=x738,https://avoindata.prh.fi/opendata-xbrl-api/v3/financial?businessId=1896344-6&financialDate=2025-12-31
11,1896344-6,Proinno Oy,2025-12-31,2026-08-28,instant,,2024-06-30,x738,Voitto (tappio) ennen tilinpäätössiirtoja ja veroja,md103,Tilikauden rahallinen kertymä,5579.56,ISO4217_EUR,2,MCY=x738;REF=x53,https://avoindata.prh.fi/opendata-xbrl-api/v3/financial?businessId=1896344-6&financialDate=2025-12-31
11,1896344-6,Proinno Oy,2025-12-31,2026-08-28,instant,,2025-12-31,x541,Tuloverot,md103,Tilikauden rahallinen kertymä,5.30,ISO4217_EUR,2,MCY=x541,https://avoindata.prh.fi/opendata-xbrl-api/v3/financial?businessId=1896344-6&financialDate=2025-12-31
11,1896344-6,Proinno Oy,2025-12-31,2026-08-28,instant,,2024-06-30,x541,Tuloverot,md103,Tilikauden rahallinen kertymä,3.43,ISO4217_EUR,2,MCY=x541;REF=x53,https://avoindata.prh.fi/opendata-xbrl-api/v3/financial?businessId=1896344-6&financialDate=2025-12-31
11,1896344-6,Proinno Oy,2025-12-31,2026-08-28,instant,,2025-12-31,x740,Tilikauden voitto (tappio),md103,Tilikauden rahallinen kertymä,-59566.72,ISO4217_EUR,2,MCY=x740,https://avoindata.prh.fi/opendata-xbrl-api/v3/financial?businessId=1896344-6&financialDate=2025-12-31
11,1896344-6,Proinno Oy,2025-12-31,2026-08-28,instant,,2024-06-30,x740,Tilikauden voitto (tappio),md103,Tilikauden rahallinen kertymä,5576.13,ISO4217_EUR,2,MCY=x740;REF=x53,https://avoindata.prh.fi/opendata-xbrl-api/v3/financial?businessId=1896344-6&financialDate=2025-12-31
12,1899403-1,Kiinteistö Oy Kuopion Kolmisopentie 18,2021-12-31,2024-01-16,instant,,2021-12-31,x2308,"Maa- ja vesialueet, Omistetut",mi53,Kirjanpitoarvo,18518.56,ISO4217_EUR,2,MCY=x2308,https://avoindata.prh.fi/opendata-xbrl-api/v3/financial?businessId=1899403-1&financialDate=2021-12-31
12,1899403-1,Kiinteistö Oy Kuopion Kolmisopentie 18,2021-12-31,2024-01-16,instant,,2020-12-31,x2308,"Maa- ja vesialueet, Omistetut",mi53,Kirjanpitoarvo,18518.56,ISO4217_EUR,2,MCY=x2308;REF=x4,https://avoindata.prh.fi/opendata-xbrl-api/v3/financial?businessId=1899403-1&financialDate=2021-12-31
12,1899403-1,Kiinteistö Oy Kuopion Kolmisopentie 18,2021-12-31,2024-01-16,instant,,2021-12-31,x2334,"Rakennukset ja rakennelmat, Omistetut",mi53,Kirjanpitoarvo,282142.23,ISO4217_EUR,2,MCY=x2334,https://avoindata.prh.fi/opendata-xbrl-api/v3/financial?businessId=1899403-1&financialDate=2021-12-31
12,1899403-1,Kiinteistö Oy Kuopion Kolmisopentie 18,2021-12-31,2024-01-16,instant,,2020-12-31,x2334,"Rakennukset ja rakennelmat, Omistetut",mi53,Kirjanpitoarvo,304037.23,ISO4217_EUR,2,MCY=x2334;REF=x4,https://avoindata.prh.fi/opendata-xbrl-api/v3/financial?businessId=1899403-1&financialDate=2021-12-31
12,1899403-1,Kiinteistö Oy Kuopion Kolmisopentie 18,2021-12-31,2024-01-16,instant,,2021-12-31,x1729,Muut aineelliset hyödykkeet,mi53,Kirjanpitoarvo,22096.42,ISO4217_EUR,2,MCY=x1729,https://avoindata.prh.fi/opendata-xbrl-api/v3/financial?businessId=1899403-1&financialDate=2021-12-31
12,1899403-1,Kiinteistö Oy Kuopion Kolmisopentie 18,2021-12-31,2024-01-16,instant,,2020-12-31,x1729,Muut aineelliset hyödykkeet,mi53,Kirjanpitoarvo,23759.42,ISO4217_EUR,2,MCY=x1729;REF=x4,https://avoindata.prh.fi/opendata-xbrl-api/v3/financial?businessId=1899403-1&financialDate=2021-12-31
12,1899403-1,Kiinteistö Oy Kuopion Kolmisopentie 18,2021-12-31,2024-01-16,instant,,2021-12-31,x816,Aineelliset hyödykkeet,mi53,Kirjanpitoarvo,322757.21,ISO4217_EUR,2,MCY=x816,https://avoindata.prh.fi/opendata-xbrl-api/v3/financial?businessId=1899403-1&financialDate=2021-12-31
12,1899403-1,Kiinteistö Oy Kuopion Kolmisopentie 18,2021-12-31,2024-01-16,instant,,2020-12-31,x816,Aineelliset hyödykkeet,mi53,Kirjanpitoarvo,346315.21,ISO4217_EUR,2,MCY=x816;REF=x4,https://avoindata.prh.fi/opendata-xbrl-api/v3/financial?businessId=1899403-1&financialDate=2021-12-31
12,1899403-1,Kiinteistö Oy Kuopion Kolmisopentie 18,2021-12-31,2024-01-16,instant,,2021-12-31,x513,Pysyvät vastaavat,mi53,Kirjanpitoarvo,322757.21,ISO4217_EUR,2,MCY=x513,https://avoindata.prh.fi/opendata-xbrl-api/v3/financial?businessId=1899403-1&financialDate=2021-12-31
12,1899403-1,Kiinteistö Oy Kuopion Kolmisopentie 18,2021-12-31,2024-01-16,instant,,2020-12-31,x513,Pysyvät vastaavat,mi53,Kirjanpitoarvo,346315.21,ISO4217_EUR,2,MCY=x513;REF=x4,https://avoindata.prh.fi/opendata-xbrl-api/v3/financial?businessId=1899403-1&financialDate=2021-12-31
12,1899403-1,Kiinteistö Oy Kuopion Kolmisopentie 18,2021-12-31,2024-01-16,instant,,2021-12-31,x1771,Lyhytaikaiset muut saamiset,mi53,Kirjanpitoarvo,500.00,ISO4217_EUR,2,MCY=x1771,https://avoindata.prh.fi/opendata-xbrl-api/v3/financial?businessId=1899403-1&financialDate=2021-12-31
12,1899403-1,Kiinteistö Oy Kuopion Kolmisopentie 18,2021-12-31,2024-01-16,instant,,2020-12-31,x1771,Lyhytaikaiset muut saamiset,mi53,Kirjanpitoarvo,500.00,ISO4217_EUR,2,MCY=x1771;REF=x4,https://avoindata.prh.fi/opendata-xbrl-api/v3/financial?businessId=1899403-1&financialDate=2021-12-31
12,1899403-1,Kiinteistö Oy Kuopion Kolmisopentie 18,2021-12-31,2024-01-16,instant,,2021-12-31,x1775,Lyhytaikaiset siirtosaamiset,mi53,Kirjanpitoarvo,117.00,ISO4217_EUR,2,MCY=x1775,https://avoindata.prh.fi/opendata-xbrl-api/v3/financial?businessId=1899403-1&financialDate=2021-12-31
12,1899403-1,Kiinteistö Oy Kuopion Kolmisopentie 18,2021-12-31,2024-01-16,instant,,2020-12-31,x1775,Lyhytaikaiset siirtosaamiset,mi53,Kirjanpitoarvo,0.00,ISO4217_EUR,2,MCY=x1775;REF=x4,https://avoindata.prh.fi/opendata-xbrl-api/v3/financial?businessId=1899403-1&financialDate=2021-12-31
12,1899403-1,Kiinteistö Oy Kuopion Kolmisopentie 18,2021-12-31,2024-01-16,instant,,2021-12-31,x1768,Lyhytaikaiset saamiset,mi53,Kirjanpitoarvo,617.00,ISO4217_EUR,2,MCY=x1768,https://avoindata.prh.fi/opendata-xbrl-api/v3/financial?businessId=1899403-1&financialDate=2021-12-31
12,1899403-1,Kiinteistö Oy Kuopion Kolmisopentie 18,2021-12-31,2024-01-16,instant,,2020-12-31,x1768,Lyhytaikaiset saamiset,mi53,Kirjanpitoarvo,500.00,ISO4217_EUR,2,MCY=x1768;REF=x4,https://avoindata.prh.fi/opendata-xbrl-api/v3/financial?businessId=1899403-1&financialDate=2021-12-31
12,1899403-1,Kiinteistö Oy Kuopion Kolmisopentie 18,2021-12-31,2024-01-16,instant,,2021-12-31,x438,Saamiset,mi53,Kirjanpitoarvo,617.00,ISO4217_EUR,2,MCY=x438,https://avoindata.prh.fi/opendata-xbrl-api/v3/financial?businessId=1899403-1&financialDate=2021-12-31
12,1899403-1,Kiinteistö Oy Kuopion Kolmisopentie 18,2021-12-31,2024-01-16,instant,,2020-12-31,x438,Saamiset,mi53,Kirjanpitoarvo,500.00,ISO4217_EUR,2,MCY=x438;REF=x4,https://avoindata.prh.fi/opendata-xbrl-api/v3/financial?businessId=1899403-1&financialDate=2021-12-31
12,1899403-1,Kiinteistö Oy Kuopion Kolmisopentie 18,2021-12-31,2024-01-16,instant,,2021-12-31,x399,Rahat ja pankkisaamiset,mi53,Kirjanpitoarvo,34705.99,ISO4217_EUR,2,MCY=x399,https://avoindata.prh.fi/opendata-xbrl-api/v3/financial?businessId=1899403-1&financialDate=2021-12-31
12,1899403-1,Kiinteistö Oy Kuopion Kolmisopentie 18,2021-12-31,2024-01-16,instant,,2020-12-31,x399,Rahat ja pankkisaamiset,mi53,Kirjanpitoarvo,31546.15,ISO4217_EUR,2,MCY=x399;REF=x4,https://avoindata.prh.fi/opendata-xbrl-api/v3/financial?businessId=1899403-1&financialDate=2021-12-31
12,1899403-1,Kiinteistö Oy Kuopion Kolmisopentie 18,2021-12-31,2024-01-16,instant,,2021-12-31,x435,Vaihtuvat vastaavat,mi53,Kirjanpitoarvo,35322.99,ISO4217_EUR,2,MCY=x435,https://avoindata.prh.fi/opendata-xbrl-api/v3/financial?businessId=1899403-1&financialDate=2021-12-31
12,1899403-1,Kiinteistö Oy Kuopion Kolmisopentie 18,2021-12-31,2024-01-16,instant,,2020-12-31,x435,Vaihtuvat vastaavat,mi53,Kirjanpitoarvo,32046.15,ISO4217_EUR,2,MCY=x435;REF=x4,https://avoindata.prh.fi/opendata-xbrl-api/v3/financial?businessId=1899403-1&financialDate=2021-12-31
12,1899403-1,Kiinteistö Oy Kuopion Kolmisopentie 18,2021-12-31,2024-01-16,instant,,2021-12-31,x360,Vastaavaa,mi53,Kirjanpitoarvo,358080.20,ISO4217_EUR,2,MCY=x360,https://avoindata.prh.fi/opendata-xbrl-api/v3/financial?businessId=1899403-1&financialDate=2021-12-31
12,1899403-1,Kiinteistö Oy Kuopion Kolmisopentie 18,2021-12-31,2024-01-16,instant,,2020-12-31,x360,Vastaavaa,mi53,Kirjanpitoarvo,378361.36,ISO4217_EUR,2,MCY=x360;REF=x4,https://avoindata.prh.fi/opendata-xbrl-api/v3/financial?businessId=1899403-1&financialDate=2021-12-31
12,1899403-1,Kiinteistö Oy Kuopion Kolmisopentie 18,2021-12-31,2024-01-16,instant,,2021-12-31,x4116,"Osake-, osuus- tai muu vastaava pääoma",mi53,Kirjanpitoarvo,8784.00,ISO4217_EUR,2,MCY=x4116,https://avoindata.prh.fi/opendata-xbrl-api/v3/financial?businessId=1899403-1&financialDate=2021-12-31
12,1899403-1,Kiinteistö Oy Kuopion Kolmisopentie 18,2021-12-31,2024-01-16,instant,,2020-12-31,x4116,"Osake-, osuus- tai muu vastaava pääoma",mi53,Kirjanpitoarvo,8784.00,ISO4217_EUR,2,MCY=x4116;REF=x4,https://avoindata.prh.fi/opendata-xbrl-api/v3/financial?businessId=1899403-1&financialDate=2021-12-31
12,1899403-1,Kiinteistö Oy Kuopion Kolmisopentie 18,2021-12-31,2024-01-16,instant,,2021-12-31,x2894,"Muut erittelemättömät rahastot (oy, osk)",mi53,Kirjanpitoarvo,10874.50,ISO4217_EUR,2,MCY=x2894,https://avoindata.prh.fi/opendata-xbrl-api/v3/financial?businessId=1899403-1&financialDate=2021-12-31
12,1899403-1,Kiinteistö Oy Kuopion Kolmisopentie 18,2021-12-31,2024-01-16,instant,,2020-12-31,x2894,"Muut erittelemättömät rahastot (oy, osk)",mi53,Kirjanpitoarvo,10874.50,ISO4217_EUR,2,MCY=x2894;REF=x4,https://avoindata.prh.fi/opendata-xbrl-api/v3/financial?businessId=1899403-1&financialDate=2021-12-31
12,1899403-1,Kiinteistö Oy Kuopion Kolmisopentie 18,2021-12-31,2024-01-16,instant,,2021-12-31,x932,Edellisten tilikausien voitto (tappio),mi53,Kirjanpitoarvo,99034.06,ISO4217_EUR,2,MCY=x932,https://avoindata.prh.fi/opendata-xbrl-api/v3/financial?businessId=1899403-1&financialDate=2021-12-31
12,1899403-1,Kiinteistö Oy Kuopion Kolmisopentie 18,2021-12-31,2024-01-16,instant,,2020-12-31,x932,Edellisten tilikausien voitto (tappio),mi53,Kirjanpitoarvo,76557.28,ISO4217_EUR,2,MCY=x932;REF=x4,https://avoindata.prh.fi/opendata-xbrl-api/v3/financial?businessId=1899403-1&financialDate=2021-12-31
12,1899403-1,Kiinteistö Oy Kuopion Kolmisopentie 18,2021-12-31,2024-01-16,instant,,2021-12-31,x2895,"Tilikauden voitto (tappio), oma pääoma",mi53,Kirjanpitoarvo,23531.94,ISO4217_EUR,2,MCY=x2895,https://avoindata.prh.fi/opendata-xbrl-api/v3/financial?businessId=1899403-1&financialDate=2021-12-31
12,1899403-1,Kiinteistö Oy Kuopion Kolmisopentie 18,2021-12-31,2024-01-16,instant,,2020-12-31,x2895,"Tilikauden voitto (tappio), oma pääoma",mi53,Kirjanpitoarvo,22476.78,ISO4217_EUR,2,MCY=x2895;REF=x4,https://avoindata.prh.fi/opendata-xbrl-api/v3/financial?businessId=1899403-1&financialDate=2021-12-31
12,1899403-1,Kiinteistö Oy Kuopion Kolmisopentie 18,2021-12-31,2024-01-16,instant,,2021-12-31,x376,Oma pääoma,mi53,Kirjanpitoarvo,142224.50,ISO4217_EUR,2,MCY=x376,https://avoindata.prh.fi/opendata-xbrl-api/v3/financial?businessId=1899403-1&financialDate=2021-12-31
12,1899403-1,Kiinteistö Oy Kuopion Kolmisopentie 18,2021-12-31,2024-01-16,instant,,2020-12-31,x376,Oma pääoma,mi53,Kirjanpitoarvo,118692.56,ISO4217_EUR,2,MCY=x376;REF=x4,https://avoindata.prh.fi/opendata-xbrl-api/v3/financial?businessId=1899403-1&financialDate=2021-12-31
12,1899403-1,Kiinteistö Oy Kuopion Kolmisopentie 18,2021-12-31,2024-01-16,instant,,2021-12-31,x2934,Pitkäaikaiset lainat rahoituslaitoksilta,mi53,Kirjanpitoarvo,95340.00,ISO4217_EUR,2,MCY=x2934,https://avoindata.prh.fi/opendata-xbrl-api/v3/financial?businessId=1899403-1&financialDate=2021-12-31
12,1899403-1,Kiinteistö Oy Kuopion Kolmisopentie 18,2021-12-31,2024-01-16,instant,,2020-12-31,x2934,Pitkäaikaiset lainat rahoituslaitoksilta,mi53,Kirjanpitoarvo,138960.00,ISO4217_EUR,2,MCY=x2934;REF=x4,https://avoindata.prh.fi/opendata-xbrl-api/v3/financial?businessId=1899403-1&financialDate=2021-12-31
12,1899403-1,Kiinteistö Oy Kuopion Kolmisopentie 18,2021-12-31,2024-01-16,instant,,2021-12-31,x1830,Pitkäaikainen vieras pääoma,mi53,Kirjanpitoarvo,95340.00,ISO4217_EUR,2,MCY=x1830,https://avoindata.prh.fi/opendata-xbrl-api/v3/financial?businessId=1899403-1&financialDate=2021-12-31
12,1899403-1,Kiinteistö Oy Kuopion Kolmisopentie 18,2021-12-31,2024-01-16,instant,,2020-12-31,x1830,Pitkäaikainen vieras pääoma,mi53,Kirjanpitoarvo,138960.00,ISO4217_EUR,2,MCY=x1830;REF=x4,https://avoindata.prh.fi/opendata-xbrl-api/v3/financial?businessId=1899403-1&financialDate=2021-12-31
12,1899403-1,Kiinteistö Oy Kuopion Kolmisopentie 18,2021-12-31,2024-01-16,instant,,2021-12-31,x3023,Lyhytaikaiset lainat rahoituslaitoksilta,mi53,Kirjanpitoarvo,43620.00,ISO4217_EUR,2,MCY=x3023,https://avoindata.prh.fi/opendata-xbrl-api/v3/financial?businessId=1899403-1&financialDate=2021-12-31
12,1899403-1,Kiinteistö Oy Kuopion Kolmisopentie 18,2021-12-31,2024-01-16,instant,,2020-12-31,x3023,Lyhytaikaiset lainat rahoituslaitoksilta,mi53,Kirjanpitoarvo,43620.00,ISO4217_EUR,2,MCY=x3023;REF=x4,https://avoindata.prh.fi/opendata-xbrl-api/v3/financial?businessId=1899403-1&financialDate=2021-12-31
12,1899403-1,Kiinteistö Oy Kuopion Kolmisopentie 18,2021-12-31,2024-01-16,instant,,2021-12-31,x1819,Lyhytaikaiset ostovelat,mi53,Kirjanpitoarvo,2011.75,ISO4217_EUR,2,MCY=x1819,https://avoindata.prh.fi/opendata-xbrl-api/v3/financial?businessId=1899403-1&financialDate=2021-12-31
12,1899403-1,Kiinteistö Oy Kuopion Kolmisopentie 18,2021-12-31,2024-01-16,instant,,2020-12-31,x1819,Lyhytaikaiset ostovelat,mi53,Kirjanpitoarvo,4224.26,ISO4217_EUR,2,MCY=x1819;REF=x4,https://avoindata.prh.fi/opendata-xbrl-api/v3/financial?businessId=1899403-1&financialDate=2021-12-31
12,1899403-1,Kiinteistö Oy Kuopion Kolmisopentie 18,2021-12-31,2024-01-16,instant,,2021-12-31,x1825,Lyhytaikaiset muut velat,mi53,Kirjanpitoarvo,74883.95,ISO4217_EUR,2,MCY=x1825,https://avoindata.prh.fi/opendata-xbrl-api/v3/financial?businessId=1899403-1&financialDate=2021-12-31
12,1899403-1,Kiinteistö Oy Kuopion Kolmisopentie 18,2021-12-31,2024-01-16,instant,,2020-12-31,x1825,Lyhytaikaiset muut velat,mi53,Kirjanpitoarvo,72864.54,ISO4217_EUR,2,MCY=x1825;REF=x4,https://avoindata.prh.fi/opendata-xbrl-api/v3/financial?businessId=1899403-1&financialDate=2021-12-31
12,1899403-1,Kiinteistö Oy Kuopion Kolmisopentie 18,2021-12-31,2024-01-16,instant,,2021-12-31,x1811,Lyhytaikainen vieras pääoma,mi53,Kirjanpitoarvo,120515.70,ISO4217_EUR,2,MCY=x1811,https://avoindata.prh.fi/opendata-xbrl-api/v3/financial?businessId=1899403-1&financialDate=2021-12-31
12,1899403-1,Kiinteistö Oy Kuopion Kolmisopentie 18,2021-12-31,2024-01-16,instant,,2020-12-31,x1811,Lyhytaikainen vieras pääoma,mi53,Kirjanpitoarvo,120708.80,ISO4217_EUR,2,MCY=x1811;REF=x4,https://avoindata.prh.fi/opendata-xbrl-api/v3/financial?businessId=1899403-1&financialDate=2021-12-31
12,1899403-1,Kiinteistö Oy Kuopion Kolmisopentie 18,2021-12-31,2024-01-16,instant,,2021-12-31,x424,Vieras pääoma,mi53,Kirjanpitoarvo,215855.70,ISO4217_EUR,2,MCY=x424,https://avoindata.prh.fi/opendata-xbrl-api/v3/financial?businessId=1899403-1&financialDate=2021-12-31
12,1899403-1,Kiinteistö Oy Kuopion Kolmisopentie 18,2021-12-31,2024-01-16,instant,,2020-12-31,x424,Vieras pääoma,mi53,Kirjanpitoarvo,259668.80,ISO4217_EUR,2,MCY=x424;REF=x4,https://avoindata.prh.fi/opendata-xbrl-api/v3/financial?businessId=1899403-1&financialDate=2021-12-31
12,1899403-1,Kiinteistö Oy Kuopion Kolmisopentie 18,2021-12-31,2024-01-16,instant,,2021-12-31,x481,Vastattavaa,mi53,Kirjanpitoarvo,358080.20,ISO4217_EUR,2,MCY=x481,https://avoindata.prh.fi/opendata-xbrl-api/v3/financial?businessId=1899403-1&financialDate=2021-12-31
12,1899403-1,Kiinteistö Oy Kuopion Kolmisopentie 18,2021-12-31,2024-01-16,instant,,2020-12-31,x481,Vastattavaa,mi53,Kirjanpitoarvo,378361.36,ISO4217_EUR,2,MCY=x481;REF=x4,https://avoindata.prh.fi/opendata-xbrl-api/v3/financial?businessId=1899403-1&financialDate=2021-12-31
12,1899403-1,Kiinteistö Oy Kuopion Kolmisopentie 18,2021-12-31,2024-01-16,instant,,2021-12-31,x673,Liikevaihto,md103,Tilikauden rahallinen kertymä,44099.16,ISO4217_EUR,2,MCY=x673,https://avoindata.prh.fi/opendata-xbrl-api/v3/financial?businessId=1899403-1&financialDate=2021-12-31
12,1899403-1,Kiinteistö Oy Kuopion Kolmisopentie 18,2021-12-31,2024-01-16,instant,,2020-12-31,x673,Liikevaihto,md103,Tilikauden rahallinen kertymä,43719.38,ISO4217_EUR,2,MCY=x673;REF=x53,https://avoindata.prh.fi/opendata-xbrl-api/v3/financial?businessId=1899403-1&financialDate=2021-12-31
12,1899403-1,Kiinteistö Oy Kuopion Kolmisopentie 18,2021-12-31,2024-01-16,instant,,2021-12-31,x49,Liiketoiminnan muut tuotot,md103,Tilikauden rahallinen kertymä,1500.00,ISO4217_EUR,2,MCY=x49,https://avoindata.prh.fi/opendata-xbrl-api/v3/financial?businessId=1899403-1&financialDate=2021-12-31
12,1899403-1,Kiinteistö Oy Kuopion Kolmisopentie 18,2021-12-31,2024-01-16,instant,,2020-12-31,x49,Liiketoiminnan muut tuotot,md103,Tilikauden rahallinen kertymä,0.00,ISO4217_EUR,2,MCY=x49;REF=x53,https://avoindata.prh.fi/opendata-xbrl-api/v3/financial?businessId=1899403-1&financialDate=2021-12-31
12,1899403-1,Kiinteistö Oy Kuopion Kolmisopentie 18,2021-12-31,2024-01-16,instant,,2021-12-31,x449,Suunnitelman mukaiset poistot,md103,Tilikauden rahallinen kertymä,-23558.00,ISO4217_EUR,2,MCY=x449,https://avoindata.prh.fi/opendata-xbrl-api/v3/financial?businessId=1899403-1&financialDate=2021-12-31
12,1899403-1,Kiinteistö Oy Kuopion Kolmisopentie 18,2021-12-31,2024-01-16,instant,,2020-12-31,x449,Suunnitelman mukaiset poistot,md103,Tilikauden rahallinen kertymä,-25496.00,ISO4217_EUR,2,MCY=x449;REF=x53,https://avoindata.prh.fi/opendata-xbrl-api/v3/financial?businessId=1899403-1&financialDate=2021-12-31
12,1899403-1,Kiinteistö Oy Kuopion Kolmisopentie 18,2021-12-31,2024-01-16,instant,,2021-12-31,x448,Poistot ja arvonalentumiset,md103,Tilikauden rahallinen kertymä,-23558.00,ISO4217_EUR,2,MCY=x448,https://avoindata.prh.fi/opendata-xbrl-api/v3/financial?businessId=1899403-1&financialDate=2021-12-31
12,1899403-1,Kiinteistö Oy Kuopion Kolmisopentie 18,2021-12-31,2024-01-16,instant,,2020-12-31,x448,Poistot ja arvonalentumiset,md103,Tilikauden rahallinen kertymä,-25496.00,ISO4217_EUR,2,MCY=x448;REF=x53,https://avoindata.prh.fi/opendata-xbrl-api/v3/financial?businessId=1899403-1&financialDate=2021-12-31
12,1899403-1,Kiinteistö Oy Kuopion Kolmisopentie 18,2021-12-31,2024-01-16,instant,,2021-12-31,x1869,Liiketoiminnan muut kulut,md103,Tilikauden rahallinen kertymä,-43537.24,ISO4217_EUR,2,MCY=x1869,https://avoindata.prh.fi/opendata-xbrl-api/v3/financial?businessId=1899403-1&financialDate=2021-12-31
12,1899403-1,Kiinteistö Oy Kuopion Kolmisopentie 18,2021-12-31,2024-01-16,instant,,2020-12-31,x1869,Liiketoiminnan muut kulut,md103,Tilikauden rahallinen kertymä,-40002.15,ISO4217_EUR,2,MCY=x1869;REF=x53,https://avoindata.prh.fi/opendata-xbrl-api/v3/financial?businessId=1899403-1&financialDate=2021-12-31
12,1899403-1,Kiinteistö Oy Kuopion Kolmisopentie 18,2021-12-31,2024-01-16,instant,,2021-12-31,x689,Liikevoitto (-tappio),md103,Tilikauden rahallinen kertymä,-21496.08,ISO4217_EUR,2,MCY=x689,https://avoindata.prh.fi/opendata-xbrl-api/v3/financial?businessId=1899403-1&financialDate=2021-12-31
12,1899403-1,Kiinteistö Oy Kuopion Kolmisopentie 18,2021-12-31,2024-01-16,instant,,2020-12-31,x689,Liikevoitto (-tappio),md103,Tilikauden rahallinen kertymä,-21778.77,ISO4217_EUR,2,MCY=x689;REF=x53,https://avoindata.prh.fi/opendata-xbrl-api/v3/financial?businessId=1899403-1&financialDate=2021-12-31
12,1899403-1,Kiinteistö Oy Kuopion Kolmisopentie 18,2021-12-31,2024-01-16,instant,,2021-12-31,x4014,Muut korko- ja rahoitustuotot muilta kuin saman konsernin yrityksiltä,md103,Tilikauden rahallinen kertymä,52309.34,ISO4217_EUR,2,MCY=x4014,https://avoindata.prh.fi/opendata-xbrl-api/v3/financial?businessId=1899403-1&financialDate=2021-12-31
12,1899403-1,Kiinteistö Oy Kuopion Kolmisopentie 18,2021-12-31,2024-01-16,instant,,2020-12-31,x4014,Muut korko- ja rahoitustuotot muilta kuin saman konsernin yrityksiltä,md103,Tilikauden rahallinen kertymä,52309.02,ISO4217_EUR,2,MCY=x4014;REF=x53,https://avoindata.prh.fi/opendata-xbrl-api/v3/financial?businessId=1899403-1&financialDate=2021-12-31
12,1899403-1,Kiinteistö Oy Kuopion Kolmisopentie 18,2021-12-31,2024-01-16,instant,,2021-12-31,x4046,Korkokulut- ja muut rahoituskulut muille kuin saman konsernin yrityksille,md103,Tilikauden rahallinen kertymä,-1398.32,ISO4217_EUR,2,MCY=x4046,https://avoindata.prh.fi/opendata-xbrl-api/v3/financial?businessId=1899403-1&financialDate=2021-12-31
12,1899403-1,Kiinteistö Oy Kuopion Kolmisopentie 18,2021-12-31,2024-01-16,instant,,2020-12-31,x4046,Korkokulut- ja muut rahoituskulut muille kuin saman konsernin yrityksille,md103,Tilikauden rahallinen kertymä,-2388.47,ISO4217_EUR,2,MCY=x4046;REF=x53,https://avoindata.prh.fi/opendata-xbrl-api/v3/financial?businessId=1899403-1&financialDate=2021-12-31
12,1899403-1,Kiinteistö Oy Kuopion Kolmisopentie 18,2021-12-31,2024-01-16,instant,,2021-12-31,x12,Rahoitustuotot ja -kulut + (-),md103,Tilikauden rahallinen kertymä,50911.02,ISO4217_EUR,2,MCY=x12,https://avoindata.prh.fi/opendata-xbrl-api/v3/financial?businessId=1899403-1&financialDate=2021-12-31
12,1899403-1,Kiinteistö Oy Kuopion Kolmisopentie 18,2021-12-31,2024-01-16,instant,,2020-12-31,x12,Rahoitustuotot ja -kulut + (-),md103,Tilikauden rahallinen kertymä,49920.55,ISO4217_EUR,2,MCY=x12;REF=x53,https://avoindata.prh.fi/opendata-xbrl-api/v3/financial?businessId=1899403-1&financialDate=2021-12-31
12,1899403-1,Kiinteistö Oy Kuopion Kolmisopentie 18,2021-12-31,2024-01-16,instant,,2021-12-31,x738,Voitto (tappio) ennen tilinpäätössiirtoja ja veroja,md103,Tilikauden rahallinen kertymä,29414.94,ISO4217_EUR,2,MCY=x738,https://avoindata.prh.fi/opendata-xbrl-api/v3/financial?businessId=1899403-1&financialDate=2021-12-31
12,1899403-1,Kiinteistö Oy Kuopion Kolmisopentie 18,2021-12-31,2024-01-16,instant,,2020-12-31,x738,Voitto (tappio) ennen tilinpäätössiirtoja ja veroja,md103,Tilikauden rahallinen kertymä,28141.78,ISO4217_EUR,2,MCY=x738;REF=x53,https://avoindata.prh.fi/opendata-xbrl-api/v3/financial?businessId=1899403-1&financialDate=2021-12-31
12,1899403-1,Kiinteistö Oy Kuopion Kolmisopentie 18,2021-12-31,2024-01-16,instant,,2021-12-31,x541,Tuloverot,md103,Tilikauden rahallinen kertymä,-5883.00,ISO4217_EUR,2,MCY=x541,https://avoindata.prh.fi/opendata-xbrl-api/v3/financial?businessId=1899403-1&financialDate=2021-12-31
12,1899403-1,Kiinteistö Oy Kuopion Kolmisopentie 18,2021-12-31,2024-01-16,instant,,2020-12-31,x541,Tuloverot,md103,Tilikauden rahallinen kertymä,-5665.00,ISO4217_EUR,2,MCY=x541;REF=x53,https://avoindata.prh.fi/opendata-xbrl-api/v3/financial?businessId=1899403-1&financialDate=2021-12-31
12,1899403-1,Kiinteistö Oy Kuopion Kolmisopentie 18,2021-12-31,2024-01-16,instant,,2021-12-31,x740,Tilikauden voitto (tappio),md103,Tilikauden rahallinen kertymä,23531.94,ISO4217_EUR,2,MCY=x740,https://avoindata.prh.fi/opendata-xbrl-api/v3/financial?businessId=1899403-1&financialDate=2021-12-31
12,1899403-1,Kiinteistö Oy Kuopion Kolmisopentie 18,2021-12-31,2024-01-16,instant,,2020-12-31,x740,Tilikauden voitto (tappio),md103,Tilikauden rahallinen kertymä,22476.78,ISO4217_EUR,2,MCY=x740;REF=x53,https://avoindata.prh.fi/opendata-xbrl-api/v3/financial?businessId=1899403-1&financialDate=2021-12-31
13,2322943-0,Vuokatinranta Oy,2025-12-31,2026-05-28,instant,,2025-12-31,x2325,"Maa- ja vesialueet, Vuokraoikeudet",mi53,Kirjanpitoarvo,24112.90,ISO4217_EUR,2,MCY=x2325,https://avoindata.prh.fi/opendata-xbrl-api/v3/financial?businessId=2322943-0&financialDate=2025-12-31
13,2322943-0,Vuokatinranta Oy,2025-12-31,2026-05-28,instant,,2024-12-31,x2325,"Maa- ja vesialueet, Vuokraoikeudet",mi53,Kirjanpitoarvo,24112.90,ISO4217_EUR,2,MCY=x2325;REF=x4,https://avoindata.prh.fi/opendata-xbrl-api/v3/financial?businessId=2322943-0&financialDate=2025-12-31
13,2322943-0,Vuokatinranta Oy,2025-12-31,2026-05-28,instant,,2025-12-31,x2334,"Rakennukset ja rakennelmat, Omistetut",mi53,Kirjanpitoarvo,740028.32,ISO4217_EUR,2,MCY=x2334,https://avoindata.prh.fi/opendata-xbrl-api/v3/financial?businessId=2322943-0&financialDate=2025-12-31
13,2322943-0,Vuokatinranta Oy,2025-12-31,2026-05-28,instant,,2024-12-31,x2334,"Rakennukset ja rakennelmat, Omistetut",mi53,Kirjanpitoarvo,770862.83,ISO4217_EUR,2,MCY=x2334;REF=x4,https://avoindata.prh.fi/opendata-xbrl-api/v3/financial?businessId=2322943-0&financialDate=2025-12-31
13,2322943-0,Vuokatinranta Oy,2025-12-31,2026-05-28,instant,,2025-12-31,x1036,Koneet ja kalusto,mi53,Kirjanpitoarvo,5578.57,ISO4217_EUR,2,MCY=x1036,https://avoindata.prh.fi/opendata-xbrl-api/v3/financial?businessId=2322943-0&financialDate=2025-12-31
13,2322943-0,Vuokatinranta Oy,2025-12-31,2026-05-28,instant,,2024-12-31,x1036,Koneet ja kalusto,mi53,Kirjanpitoarvo,7438.10,ISO4217_EUR,2,MCY=x1036;REF=x4,https://avoindata.prh.fi/opendata-xbrl-api/v3/financial?businessId=2322943-0&financialDate=2025-12-31
13,2322943-0,Vuokatinranta Oy,2025-12-31,2026-05-28,instant,,2025-12-31,x816,Aineelliset hyödykkeet,mi53,Kirjanpitoarvo,769719.79,ISO4217_EUR,2,MCY=x816,https://avoindata.prh.fi/opendata-xbrl-api/v3/financial?businessId=2322943-0&financialDate=2025-12-31
13,2322943-0,Vuokatinranta Oy,2025-12-31,2026-05-28,instant,,2024-12-31,x816,Aineelliset hyödykkeet,mi53,Kirjanpitoarvo,802413.83,ISO4217_EUR,2,MCY=x816;REF=x4,https://avoindata.prh.fi/opendata-xbrl-api/v3/financial?businessId=2322943-0&financialDate=2025-12-31
13,2322943-0,Vuokatinranta Oy,2025-12-31,2026-05-28,instant,,2025-12-31,x1028,Muut saamiset (sijoitukset),mi53,Kirjanpitoarvo,2385.16,ISO4217_EUR,2,MCY=x1028,https://avoindata.prh.fi/opendata-xbrl-api/v3/financial?businessId=2322943-0&financialDate=2025-12-31
13,2322943-0,Vuokatinranta Oy,2025-12-31,2026-05-28,instant,,2024-12-31,x1028,Muut saamiset (sijoitukset),mi53,Kirjanpitoarvo,2385.16,ISO4217_EUR,2,MCY=x1028;REF=x4,https://avoindata.prh.fi/opendata-xbrl-api/v3/financial?businessId=2322943-0&financialDate=2025-12-31
13,2322943-0,Vuokatinranta Oy,2025-12-31,2026-05-28,instant,,2025-12-31,x583,Sijoitukset,mi53,Kirjanpitoarvo,2385.16,ISO4217_EUR,2,MCY=x583,https://avoindata.prh.fi/opendata-xbrl-api/v3/financial?businessId=2322943-0&financialDate=2025-12-31
13,2322943-0,Vuokatinranta Oy,2025-12-31,2026-05-28,instant,,2024-12-31,x583,Sijoitukset,mi53,Kirjanpitoarvo,2385.16,ISO4217_EUR,2,MCY=x583;REF=x4,https://avoindata.prh.fi/opendata-xbrl-api/v3/financial?businessId=2322943-0&financialDate=2025-12-31
13,2322943-0,Vuokatinranta Oy,2025-12-31,2026-05-28,instant,,2025-12-31,x513,Pysyvät vastaavat,mi53,Kirjanpitoarvo,772104.95,ISO4217_EUR,2,MCY=x513,https://avoindata.prh.fi/opendata-xbrl-api/v3/financial?businessId=2322943-0&financialDate=2025-12-31
13,2322943-0,Vuokatinranta Oy,2025-12-31,2026-05-28,instant,,2024-12-31,x513,Pysyvät vastaavat,mi53,Kirjanpitoarvo,804798.99,ISO4217_EUR,2,MCY=x513;REF=x4,https://avoindata.prh.fi/opendata-xbrl-api/v3/financial?businessId=2322943-0&financialDate=2025-12-31
13,2322943-0,Vuokatinranta Oy,2025-12-31,2026-05-28,instant,,2025-12-31,x1769,Lyhytaikaiset myyntisaamiset,mi53,Kirjanpitoarvo,3414.84,ISO4217_EUR,2,MCY=x1769,https://avoindata.prh.fi/opendata-xbrl-api/v3/financial?businessId=2322943-0&financialDate=2025-12-31
13,2322943-0,Vuokatinranta Oy,2025-12-31,2026-05-28,instant,,2024-12-31,x1769,Lyhytaikaiset myyntisaamiset,mi53,Kirjanpitoarvo,0.00,ISO4217_EUR,2,MCY=x1769;REF=x4,https://avoindata.prh.fi/opendata-xbrl-api/v3/financial?businessId=2322943-0&financialDate=2025-12-31
13,2322943-0,Vuokatinranta Oy,2025-12-31,2026-05-28,instant,,2025-12-31,x2600,Lyhytaikaiset saamiset saman konsernin yrityksiltä,mi53,Kirjanpitoarvo,39914.17,ISO4217_EUR,2,MCY=x2600,https://avoindata.prh.fi/opendata-xbrl-api/v3/financial?businessId=2322943-0&financialDate=2025-12-31
13,2322943-0,Vuokatinranta Oy,2025-12-31,2026-05-28,instant,,2024-12-31,x2600,Lyhytaikaiset saamiset saman konsernin yrityksiltä,mi53,Kirjanpitoarvo,19297.50,ISO4217_EUR,2,MCY=x2600;REF=x4,https://avoindata.prh.fi/opendata-xbrl-api/v3/financial?businessId=2322943-0&financialDate=2025-12-31
13,2322943-0,Vuokatinranta Oy,2025-12-31,2026-05-28,instant,,2025-12-31,x1771,Lyhytaikaiset muut saamiset,mi53,Kirjanpitoarvo,1216.17,ISO4217_EUR,2,MCY=x1771,https://avoindata.prh.fi/opendata-xbrl-api/v3/financial?businessId=2322943-0&financialDate=2025-12-31
13,2322943-0,Vuokatinranta Oy,2025-12-31,2026-05-28,instant,,2024-12-31,x1771,Lyhytaikaiset muut saamiset,mi53,Kirjanpitoarvo,1449.54,ISO4217_EUR,2,MCY=x1771;REF=x4,https://avoindata.prh.fi/opendata-xbrl-api/v3/financial?businessId=2322943-0&financialDate=2025-12-31
13,2322943-0,Vuokatinranta Oy,2025-12-31,2026-05-28,instant,,2025-12-31,x1768,Lyhytaikaiset saamiset,mi53,Kirjanpitoarvo,44545.18,ISO4217_EUR,2,MCY=x1768,https://avoindata.prh.fi/opendata-xbrl-api/v3/financial?businessId=2322943-0&financialDate=2025-12-31
13,2322943-0,Vuokatinranta Oy,2025-12-31,2026-05-28,instant,,2024-12-31,x1768,Lyhytaikaiset saamiset,mi53,Kirjanpitoarvo,20747.04,ISO4217_EUR,2,MCY=x1768;REF=x4,https://avoindata.prh.fi/opendata-xbrl-api/v3/financial?businessId=2322943-0&financialDate=2025-12-31
13,2322943-0,Vuokatinranta Oy,2025-12-31,2026-05-28,instant,,2025-12-31,x438,Saamiset,mi53,Kirjanpitoarvo,44545.18,ISO4217_EUR,2,MCY=x438,https://avoindata.prh.fi/opendata-xbrl-api/v3/financial?businessId=2322943-0&financialDate=2025-12-31
13,2322943-0,Vuokatinranta Oy,2025-12-31,2026-05-28,instant,,2024-12-31,x438,Saamiset,mi53,Kirjanpitoarvo,20747.04,ISO4217_EUR,2,MCY=x438;REF=x4,https://avoindata.prh.fi/opendata-xbrl-api/v3/financial?businessId=2322943-0&financialDate=2025-12-31
13,2322943-0,Vuokatinranta Oy,2025-12-31,2026-05-28,instant,,2025-12-31,x399,Rahat ja pankkisaamiset,mi53,Kirjanpitoarvo,19031.68,ISO4217_EUR,2,MCY=x399,https://avoindata.prh.fi/opendata-xbrl-api/v3/financial?businessId=2322943-0&financialDate=2025-12-31
13,2322943-0,Vuokatinranta Oy,2025-12-31,2026-05-28,instant,,2024-12-31,x399,Rahat ja pankkisaamiset,mi53,Kirjanpitoarvo,39063.98,ISO4217_EUR,2,MCY=x399;REF=x4,https://avoindata.prh.fi/opendata-xbrl-api/v3/financial?businessId=2322943-0&financialDate=2025-12-31
13,2322943-0,Vuokatinranta Oy,2025-12-31,2026-05-28,instant,,2025-12-31,x435,Vaihtuvat vastaavat,mi53,Kirjanpitoarvo,63576.86,ISO4217_EUR,2,MCY=x435,https://avoindata.prh.fi/opendata-xbrl-api/v3/financial?businessId=2322943-0&financialDate=2025-12-31
13,2322943-0,Vuokatinranta Oy,2025-12-31,2026-05-28,instant,,2024-12-31,x435,Vaihtuvat vastaavat,mi53,Kirjanpitoarvo,59811.02,ISO4217_EUR,2,MCY=x435;REF=x4,https://avoindata.prh.fi/opendata-xbrl-api/v3/financial?businessId=2322943-0&financialDate=2025-12-31
13,2322943-0,Vuokatinranta Oy,2025-12-31,2026-05-28,instant,,2025-12-31,x360,Vastaavaa,mi53,Kirjanpitoarvo,835681.81,ISO4217_EUR,2,MCY=x360,https://avoindata.prh.fi/opendata-xbrl-api/v3/financial?businessId=2322943-0&financialDate=2025-12-31
13,2322943-0,Vuokatinranta Oy,2025-12-31,2026-05-28,instant,,2024-12-31,x360,Vastaavaa,mi53,Kirjanpitoarvo,864610.01,ISO4217_EUR,2,MCY=x360;REF=x4,https://avoindata.prh.fi/opendata-xbrl-api/v3/financial?businessId=2322943-0&financialDate=2025-12-31
13,2322943-0,Vuokatinranta Oy,2025-12-31,2026-05-28,instant,,2025-12-31,x4116,"Osake-, osuus- tai muu vastaava pääoma",mi53,Kirjanpitoarvo,77500.00,ISO4217_EUR,2,MCY=x4116,https://avoindata.prh.fi/opendata-xbrl-api/v3/financial?businessId=2322943-0&financialDate=2025-12-31
13,2322943-0,Vuokatinranta Oy,2025-12-31,2026-05-28,instant,,2024-12-31,x4116,"Osake-, osuus- tai muu vastaava pääoma",mi53,Kirjanpitoarvo,77500.00,ISO4217_EUR,2,MCY=x4116;REF=x4,https://avoindata.prh.fi/opendata-xbrl-api/v3/financial?businessId=2322943-0&financialDate=2025-12-31
13,2322943-0,Vuokatinranta Oy,2025-12-31,2026-05-28,instant,,2025-12-31,x924,Sijoitetun vapaan oman pääoman rahasto,mi53,Kirjanpitoarvo,494595.82,ISO4217_EUR,2,MCY=x924,https://avoindata.prh.fi/opendata-xbrl-api/v3/financial?businessId=2322943-0&financialDate=2025-12-31
13,2322943-0,Vuokatinranta Oy,2025-12-31,2026-05-28,instant,,2024-12-31,x924,Sijoitetun vapaan oman pääoman rahasto,mi53,Kirjanpitoarvo,494595.82,ISO4217_EUR,2,MCY=x924;REF=x4,https://avoindata.prh.fi/opendata-xbrl-api/v3/financial?businessId=2322943-0&financialDate=2025-12-31
13,2322943-0,Vuokatinranta Oy,2025-12-31,2026-05-28,instant,,2025-12-31,x932,Edellisten tilikausien voitto (tappio),mi53,Kirjanpitoarvo,-532139.86,ISO4217_EUR,2,MCY=x932,https://avoindata.prh.fi/opendata-xbrl-api/v3/financial?businessId=2322943-0&financialDate=2025-12-31
13,2322943-0,Vuokatinranta Oy,2025-12-31,2026-05-28,instant,,2024-12-31,x932,Edellisten tilikausien voitto (tappio),mi53,Kirjanpitoarvo,-501695.52,ISO4217_EUR,2,MCY=x932;REF=x4,https://avoindata.prh.fi/opendata-xbrl-api/v3/financial?businessId=2322943-0&financialDate=2025-12-31
13,2322943-0,Vuokatinranta Oy,2025-12-31,2026-05-28,instant,,2025-12-31,x2895,"Tilikauden voitto (tappio), oma pääoma",mi53,Kirjanpitoarvo,-16896.59,ISO4217_EUR,2,MCY=x2895,https://avoindata.prh.fi/opendata-xbrl-api/v3/financial?businessId=2322943-0&financialDate=2025-12-31
13,2322943-0,Vuokatinranta Oy,2025-12-31,2026-05-28,instant,,2024-12-31,x2895,"Tilikauden voitto (tappio), oma pääoma",mi53,Kirjanpitoarvo,-30444.34,ISO4217_EUR,2,MCY=x2895;REF=x4,https://avoindata.prh.fi/opendata-xbrl-api/v3/financial?businessId=2322943-0&financialDate=2025-12-31
13,2322943-0,Vuokatinranta Oy,2025-12-31,2026-05-28,instant,,2025-12-31,x376,Oma pääoma,mi53,Kirjanpitoarvo,23059.37,ISO4217_EUR,2,MCY=x376,https://avoindata.prh.fi/opendata-xbrl-api/v3/financial?businessId=2322943-0&financialDate=2025-12-31
13,2322943-0,Vuokatinranta Oy,2025-12-31,2026-05-28,instant,,2024-12-31,x376,Oma pääoma,mi53,Kirjanpitoarvo,39955.96,ISO4217_EUR,2,MCY=x376;REF=x4,https://avoindata.prh.fi/opendata-xbrl-api/v3/financial?businessId=2322943-0&financialDate=2025-12-31
13,2322943-0,Vuokatinranta Oy,2025-12-31,2026-05-28,instant,,2025-12-31,x2963,Pitkäaikaiset velat saman konsernin yrityksille,mi53,Kirjanpitoarvo,344593.72,ISO4217_EUR,2,MCY=x2963,https://avoindata.prh.fi/opendata-xbrl-api/v3/financial?businessId=2322943-0&financialDate=2025-12-31
13,2322943-0,Vuokatinranta Oy,2025-12-31,2026-05-28,instant,,2024-12-31,x2963,Pitkäaikaiset velat saman konsernin yrityksille,mi53,Kirjanpitoarvo,417512.47,ISO4217_EUR,2,MCY=x2963;REF=x4,https://avoindata.prh.fi/opendata-xbrl-api/v3/financial?businessId=2322943-0&financialDate=2025-12-31
13,2322943-0,Vuokatinranta Oy,2025-12-31,2026-05-28,instant,,2025-12-31,x1830,Pitkäaikainen vieras pääoma,mi53,Kirjanpitoarvo,344593.72,ISO4217_EUR,2,MCY=x1830,https://avoindata.prh.fi/opendata-xbrl-api/v3/financial?businessId=2322943-0&financialDate=2025-12-31
13,2322943-0,Vuokatinranta Oy,2025-12-31,2026-05-28,instant,,2024-12-31,x1830,Pitkäaikainen vieras pääoma,mi53,Kirjanpitoarvo,417512.47,ISO4217_EUR,2,MCY=x1830;REF=x4,https://avoindata.prh.fi/opendata-xbrl-api/v3/financial?businessId=2322943-0&financialDate=2025-12-31
13,2322943-0,Vuokatinranta Oy,2025-12-31,2026-05-28,instant,,2025-12-31,x3051,Lyhytaikaiset velat saman konsernin yrityksille,mi53,Kirjanpitoarvo,446618.05,ISO4217_EUR,2,MCY=x3051,https://avoindata.prh.fi/opendata-xbrl-api/v3/financial?businessId=2322943-0&financialDate=2025-12-31
13,2322943-0,Vuokatinranta Oy,2025-12-31,2026-05-28,instant,,2024-12-31,x3051,Lyhytaikaiset velat saman konsernin yrityksille,mi53,Kirjanpitoarvo,378924.04,ISO4217_EUR,2,MCY=x3051;REF=x4,https://avoindata.prh.fi/opendata-xbrl-api/v3/financial?businessId=2322943-0&financialDate=2025-12-31
13,2322943-0,Vuokatinranta Oy,2025-12-31,2026-05-28,instant,,2025-12-31,x1819,Lyhytaikaiset ostovelat,mi53,Kirjanpitoarvo,983.16,ISO4217_EUR,2,MCY=x1819,https://avoindata.prh.fi/opendata-xbrl-api/v3/financial?businessId=2322943-0&financialDate=2025-12-31
13,2322943-0,Vuokatinranta Oy,2025-12-31,2026-05-28,instant,,2024-12-31,x1819,Lyhytaikaiset ostovelat,mi53,Kirjanpitoarvo,8477.54,ISO4217_EUR,2,MCY=x1819;REF=x4,https://avoindata.prh.fi/opendata-xbrl-api/v3/financial?businessId=2322943-0&financialDate=2025-12-31
13,2322943-0,Vuokatinranta Oy,2025-12-31,2026-05-28,instant,,2025-12-31,x1825,Lyhytaikaiset muut velat,mi53,Kirjanpitoarvo,20427.51,ISO4217_EUR,2,MCY=x1825,https://avoindata.prh.fi/opendata-xbrl-api/v3/financial?businessId=2322943-0&financialDate=2025-12-31
13,2322943-0,Vuokatinranta Oy,2025-12-31,2026-05-28,instant,,2024-12-31,x1825,Lyhytaikaiset muut velat,mi53,Kirjanpitoarvo,19740.00,ISO4217_EUR,2,MCY=x1825;REF=x4,https://avoindata.prh.fi/opendata-xbrl-api/v3/financial?businessId=2322943-0&financialDate=2025-12-31
13,2322943-0,Vuokatinranta Oy,2025-12-31,2026-05-28,instant,,2025-12-31,x1811,Lyhytaikainen vieras pääoma,mi53,Kirjanpitoarvo,468028.72,ISO4217_EUR,2,MCY=x1811,https://avoindata.prh.fi/opendata-xbrl-api/v3/financial?businessId=2322943-0&financialDate=2025-12-31
13,2322943-0,Vuokatinranta Oy,2025-12-31,2026-05-28,instant,,2024-12-31,x1811,Lyhytaikainen vieras pääoma,mi53,Kirjanpitoarvo,407141.58,ISO4217_EUR,2,MCY=x1811;REF=x4,https://avoindata.prh.fi/opendata-xbrl-api/v3/financial?businessId=2322943-0&financialDate=2025-12-31
13,2322943-0,Vuokatinranta Oy,2025-12-31,2026-05-28,instant,,2025-12-31,x424,Vieras pääoma,mi53,Kirjanpitoarvo,812622.44,ISO4217_EUR,2,MCY=x424,https://avoindata.prh.fi/opendata-xbrl-api/v3/financial?businessId=2322943-0&financialDate=2025-12-31
13,2322943-0,Vuokatinranta Oy,2025-12-31,2026-05-28,instant,,2024-12-31,x424,Vieras pääoma,mi53,Kirjanpitoarvo,824654.05,ISO4217_EUR,2,MCY=x424;REF=x4,https://avoindata.prh.fi/opendata-xbrl-api/v3/financial?businessId=2322943-0&financialDate=2025-12-31
13,2322943-0,Vuokatinranta Oy,2025-12-31,2026-05-28,instant,,2025-12-31,x481,Vastattavaa,mi53,Kirjanpitoarvo,835681.81,ISO4217_EUR,2,MCY=x481,https://avoindata.prh.fi/opendata-xbrl-api/v3/financial?businessId=2322943-0&financialDate=2025-12-31
13,2322943-0,Vuokatinranta Oy,2025-12-31,2026-05-28,instant,,2024-12-31,x481,Vastattavaa,mi53,Kirjanpitoarvo,864610.01,ISO4217_EUR,2,MCY=x481;REF=x4,https://avoindata.prh.fi/opendata-xbrl-api/v3/financial?businessId=2322943-0&financialDate=2025-12-31
13,2322943-0,Vuokatinranta Oy,2025-12-31,2026-05-28,instant,,2025-12-31,x520,Bruttotulos,md103,Tilikauden rahallinen kertymä,161962.29,ISO4217_EUR,2,MCY=x520,https://avoindata.prh.fi/opendata-xbrl-api/v3/financial?businessId=2322943-0&financialDate=2025-12-31
13,2322943-0,Vuokatinranta Oy,2025-12-31,2026-05-28,instant,,2024-12-31,x520,Bruttotulos,md103,Tilikauden rahallinen kertymä,78346.00,ISO4217_EUR,2,MCY=x520,https://avoindata.prh.fi/opendata-xbrl-api/v3/financial?businessId=2322943-0&financialDate=2025-12-31
13,2322943-0,Vuokatinranta Oy,2025-12-31,2026-05-28,instant,,2025-12-31,x449,Suunnitelman mukaiset poistot,md103,Tilikauden rahallinen kertymä,32694.04,ISO4217_EUR,2,MCY=x449,https://avoindata.prh.fi/opendata-xbrl-api/v3/financial?businessId=2322943-0&financialDate=2025-12-31
13,2322943-0,Vuokatinranta Oy,2025-12-31,2026-05-28,instant,,2024-12-31,x449,Suunnitelman mukaiset poistot,md103,Tilikauden rahallinen kertymä,34598.66,ISO4217_EUR,2,MCY=x449,https://avoindata.prh.fi/opendata-xbrl-api/v3/financial?businessId=2322943-0&financialDate=2025-12-31
13,2322943-0,Vuokatinranta Oy,2025-12-31,2026-05-28,instant,,2025-12-31,x448,Poistot ja arvonalentumiset,md103,Tilikauden rahallinen kertymä,32694.04,ISO4217_EUR,2,MCY=x448,https://avoindata.prh.fi/opendata-xbrl-api/v3/financial?businessId=2322943-0&financialDate=2025-12-31
13,2322943-0,Vuokatinranta Oy,2025-12-31,2026-05-28,instant,,2024-12-31,x448,Poistot ja arvonalentumiset,md103,Tilikauden rahallinen kertymä,34598.66,ISO4217_EUR,2,MCY=x448,https://avoindata.prh.fi/opendata-xbrl-api/v3/financial?businessId=2322943-0&financialDate=2025-12-31
13,2322943-0,Vuokatinranta Oy,2025-12-31,2026-05-28,instant,,2025-12-31,x1869,Liiketoiminnan muut kulut,md103,Tilikauden rahallinen kertymä,146074.67,ISO4217_EUR,2,MCY=x1869,https://avoindata.prh.fi/opendata-xbrl-api/v3/financial?businessId=2322943-0&financialDate=2025-12-31
13,2322943-0,Vuokatinranta Oy,2025-12-31,2026-05-28,instant,,2024-12-31,x1869,Liiketoiminnan muut kulut,md103,Tilikauden rahallinen kertymä,55813.69,ISO4217_EUR,2,MCY=x1869,https://avoindata.prh.fi/opendata-xbrl-api/v3/financial?businessId=2322943-0&financialDate=2025-12-31
13,2322943-0,Vuokatinranta Oy,2025-12-31,2026-05-28,instant,,2025-12-31,x689,Liikevoitto (-tappio),md103,Tilikauden rahallinen kertymä,-16806.42,ISO4217_EUR,2,MCY=x689,https://avoindata.prh.fi/opendata-xbrl-api/v3/financial?businessId=2322943-0&financialDate=2025-12-31
13,2322943-0,Vuokatinranta Oy,2025-12-31,2026-05-28,instant,,2024-12-31,x689,Liikevoitto (-tappio),md103,Tilikauden rahallinen kertymä,-12066.35,ISO4217_EUR,2,MCY=x689,https://avoindata.prh.fi/opendata-xbrl-api/v3/financial?businessId=2322943-0&financialDate=2025-12-31
13,2322943-0,Vuokatinranta Oy,2025-12-31,2026-05-28,instant,,2025-12-31,x4014,Muut korko- ja rahoitustuotot muilta kuin saman konsernin yrityksiltä,md103,Tilikauden rahallinen kertymä,0.61,ISO4217_EUR,2,MCY=x4014,https://avoindata.prh.fi/opendata-xbrl-api/v3/financial?businessId=2322943-0&financialDate=2025-12-31
13,2322943-0,Vuokatinranta Oy,2025-12-31,2026-05-28,instant,,2024-12-31,x4014,Muut korko- ja rahoitustuotot muilta kuin saman konsernin yrityksiltä,md103,Tilikauden rahallinen kertymä,5.82,ISO4217_EUR,2,MCY=x4014,https://avoindata.prh.fi/opendata-xbrl-api/v3/financial?businessId=2322943-0&financialDate=2025-12-31
13,2322943-0,Vuokatinranta Oy,2025-12-31,2026-05-28,instant,,2025-12-31,x4029,Korkokulut ja muut rahoituskulut saman konsernin yrityksille,md103,Tilikauden rahallinen kertymä,0.00,ISO4217_EUR,2,MCY=x4029,https://avoindata.prh.fi/opendata-xbrl-api/v3/financial?businessId=2322943-0&financialDate=2025-12-31
13,2322943-0,Vuokatinranta Oy,2025-12-31,2026-05-28,instant,,2024-12-31,x4029,Korkokulut ja muut rahoituskulut saman konsernin yrityksille,md103,Tilikauden rahallinen kertymä,18229.69,ISO4217_EUR,2,MCY=x4029,https://avoindata.prh.fi/opendata-xbrl-api/v3/financial?businessId=2322943-0&financialDate=2025-12-31
13,2322943-0,Vuokatinranta Oy,2025-12-31,2026-05-28,instant,,2025-12-31,x4046,Korkokulut- ja muut rahoituskulut muille kuin saman konsernin yrityksille,md103,Tilikauden rahallinen kertymä,90.78,ISO4217_EUR,2,MCY=x4046,https://avoindata.prh.fi/opendata-xbrl-api/v3/financial?businessId=2322943-0&financialDate=2025-12-31
13,2322943-0,Vuokatinranta Oy,2025-12-31,2026-05-28,instant,,2024-12-31,x4046,Korkokulut- ja muut rahoituskulut muille kuin saman konsernin yrityksille,md103,Tilikauden rahallinen kertymä,154.12,ISO4217_EUR,2,MCY=x4046,https://avoindata.prh.fi/opendata-xbrl-api/v3/financial?businessId=2322943-0&financialDate=2025-12-31
13,2322943-0,Vuokatinranta Oy,2025-12-31,2026-05-28,instant,,2025-12-31,x12,Rahoitustuotot ja -kulut + (-),md103,Tilikauden rahallinen kertymä,90.17,ISO4217_EUR,2,MCY=x12,https://avoindata.prh.fi/opendata-xbrl-api/v3/financial?businessId=2322943-0&financialDate=2025-12-31
13,2322943-0,Vuokatinranta Oy,2025-12-31,2026-05-28,instant,,2024-12-31,x12,Rahoitustuotot ja -kulut + (-),md103,Tilikauden rahallinen kertymä,18377.99,ISO4217_EUR,2,MCY=x12,https://avoindata.prh.fi/opendata-xbrl-api/v3/financial?businessId=2322943-0&financialDate=2025-12-31
13,2322943-0,Vuokatinranta Oy,2025-12-31,2026-05-28,instant,,2025-12-31,x738,Voitto (tappio) ennen tilinpäätössiirtoja ja veroja,md103,Tilikauden rahallinen kertymä,-16896.59,ISO4217_EUR,2,MCY=x738,https://avoindata.prh.fi/opendata-xbrl-api/v3/financial?businessId=2322943-0&financialDate=2025-12-31
13,2322943-0,Vuokatinranta Oy,2025-12-31,2026-05-28,instant,,2024-12-31,x738,Voitto (tappio) ennen tilinpäätössiirtoja ja veroja,md103,Tilikauden rahallinen kertymä,-30444.34,ISO4217_EUR,2,MCY=x738,https://avoindata.prh.fi/opendata-xbrl-api/v3/financial?businessId=2322943-0&financialDate=2025-12-31
13,2322943-0,Vuokatinranta Oy,2025-12-31,2026-05-28,instant,,2025-12-31,x740,Tilikauden voitto (tappio),md103,Tilikauden rahallinen kertymä,-16896.59,ISO4217_EUR,2,MCY=x740,https://avoindata.prh.fi/opendata-xbrl-api/v3/financial?businessId=2322943-0&financialDate=2025-12-31
13,2322943-0,Vuokatinranta Oy,2025-12-31,2026-05-28,instant,,2024-12-31,x740,Tilikauden voitto (tappio),md103,Tilikauden rahallinen kertymä,-30444.34,ISO4217_EUR,2,MCY=x740,https://avoindata.prh.fi/opendata-xbrl-api/v3/financial?businessId=2322943-0&financialDate=2025-12-31
14,2325071-5,LWK-Tekniikka Oy,2025-12-31,2026-03-20,instant,,2025-12-31,x1036,Koneet ja kalusto,mi53,Kirjanpitoarvo,11899.90,ISO4217_EUR,2,MCY=x1036,https://avoindata.prh.fi/opendata-xbrl-api/v3/financial?businessId=2325071-5&financialDate=2025-12-31
14,2325071-5,LWK-Tekniikka Oy,2025-12-31,2026-03-20,instant,,2024-12-31,x1036,Koneet ja kalusto,mi53,Kirjanpitoarvo,15646.60,ISO4217_EUR,2,MCY=x1036;REF=x4,https://avoindata.prh.fi/opendata-xbrl-api/v3/financial?businessId=2325071-5&financialDate=2025-12-31
14,2325071-5,LWK-Tekniikka Oy,2025-12-31,2026-03-20,instant,,2025-12-31,x816,Aineelliset hyödykkeet,mi53,Kirjanpitoarvo,11899.90,ISO4217_EUR,2,MCY=x816,https://avoindata.prh.fi/opendata-xbrl-api/v3/financial?businessId=2325071-5&financialDate=2025-12-31
14,2325071-5,LWK-Tekniikka Oy,2025-12-31,2026-03-20,instant,,2024-12-31,x816,Aineelliset hyödykkeet,mi53,Kirjanpitoarvo,15646.60,ISO4217_EUR,2,MCY=x816;REF=x4,https://avoindata.prh.fi/opendata-xbrl-api/v3/financial?businessId=2325071-5&financialDate=2025-12-31
14,2325071-5,LWK-Tekniikka Oy,2025-12-31,2026-03-20,instant,,2025-12-31,x513,Pysyvät vastaavat,mi53,Kirjanpitoarvo,11899.90,ISO4217_EUR,2,MCY=x513,https://avoindata.prh.fi/opendata-xbrl-api/v3/financial?businessId=2325071-5&financialDate=2025-12-31
14,2325071-5,LWK-Tekniikka Oy,2025-12-31,2026-03-20,instant,,2024-12-31,x513,Pysyvät vastaavat,mi53,Kirjanpitoarvo,15646.60,ISO4217_EUR,2,MCY=x513;REF=x4,https://avoindata.prh.fi/opendata-xbrl-api/v3/financial?businessId=2325071-5&financialDate=2025-12-31
14,2325071-5,LWK-Tekniikka Oy,2025-12-31,2026-03-20,instant,,2025-12-31,x1757,Aineet ja tarvikkeet,mi53,Kirjanpitoarvo,33381.11,ISO4217_EUR,2,MCY=x1757,https://avoindata.prh.fi/opendata-xbrl-api/v3/financial?businessId=2325071-5&financialDate=2025-12-31
14,2325071-5,LWK-Tekniikka Oy,2025-12-31,2026-03-20,instant,,2024-12-31,x1757,Aineet ja tarvikkeet,mi53,Kirjanpitoarvo,37244.10,ISO4217_EUR,2,MCY=x1757;REF=x4,https://avoindata.prh.fi/opendata-xbrl-api/v3/financial?businessId=2325071-5&financialDate=2025-12-31
14,2325071-5,LWK-Tekniikka Oy,2025-12-31,2026-03-20,instant,,2025-12-31,x1760,Muu vaihto-omaisuus,mi53,Kirjanpitoarvo,64709.92,ISO4217_EUR,2,MCY=x1760,https://avoindata.prh.fi/opendata-xbrl-api/v3/financial?businessId=2325071-5&financialDate=2025-12-31
14,2325071-5,LWK-Tekniikka Oy,2025-12-31,2026-03-20,instant,,2024-12-31,x1760,Muu vaihto-omaisuus,mi53,Kirjanpitoarvo,64709.92,ISO4217_EUR,2,MCY=x1760;REF=x4,https://avoindata.prh.fi/opendata-xbrl-api/v3/financial?businessId=2325071-5&financialDate=2025-12-31
14,2325071-5,LWK-Tekniikka Oy,2025-12-31,2026-03-20,instant,,2025-12-31,x807,Vaihto-omaisuus,mi53,Kirjanpitoarvo,98091.03,ISO4217_EUR,2,MCY=x807,https://avoindata.prh.fi/opendata-xbrl-api/v3/financial?businessId=2325071-5&financialDate=2025-12-31
14,2325071-5,LWK-Tekniikka Oy,2025-12-31,2026-03-20,instant,,2024-12-31,x807,Vaihto-omaisuus,mi53,Kirjanpitoarvo,101954.02,ISO4217_EUR,2,MCY=x807;REF=x4,https://avoindata.prh.fi/opendata-xbrl-api/v3/financial?businessId=2325071-5&financialDate=2025-12-31
14,2325071-5,LWK-Tekniikka Oy,2025-12-31,2026-03-20,instant,,2025-12-31,x1769,Lyhytaikaiset myyntisaamiset,mi53,Kirjanpitoarvo,7841.74,ISO4217_EUR,2,MCY=x1769,https://avoindata.prh.fi/opendata-xbrl-api/v3/financial?businessId=2325071-5&financialDate=2025-12-31
14,2325071-5,LWK-Tekniikka Oy,2025-12-31,2026-03-20,instant,,2024-12-31,x1769,Lyhytaikaiset myyntisaamiset,mi53,Kirjanpitoarvo,5895.69,ISO4217_EUR,2,MCY=x1769;REF=x4,https://avoindata.prh.fi/opendata-xbrl-api/v3/financial?businessId=2325071-5&financialDate=2025-12-31
14,2325071-5,LWK-Tekniikka Oy,2025-12-31,2026-03-20,instant,,2025-12-31,x1771,Lyhytaikaiset muut saamiset,mi53,Kirjanpitoarvo,0.00,ISO4217_EUR,2,MCY=x1771,https://avoindata.prh.fi/opendata-xbrl-api/v3/financial?businessId=2325071-5&financialDate=2025-12-31
14,2325071-5,LWK-Tekniikka Oy,2025-12-31,2026-03-20,instant,,2024-12-31,x1771,Lyhytaikaiset muut saamiset,mi53,Kirjanpitoarvo,11.71,ISO4217_EUR,2,MCY=x1771;REF=x4,https://avoindata.prh.fi/opendata-xbrl-api/v3/financial?businessId=2325071-5&financialDate=2025-12-31
14,2325071-5,LWK-Tekniikka Oy,2025-12-31,2026-03-20,instant,,2025-12-31,x1768,Lyhytaikaiset saamiset,mi53,Kirjanpitoarvo,7841.74,ISO4217_EUR,2,MCY=x1768,https://avoindata.prh.fi/opendata-xbrl-api/v3/financial?businessId=2325071-5&financialDate=2025-12-31
14,2325071-5,LWK-Tekniikka Oy,2025-12-31,2026-03-20,instant,,2024-12-31,x1768,Lyhytaikaiset saamiset,mi53,Kirjanpitoarvo,5907.40,ISO4217_EUR,2,MCY=x1768;REF=x4,https://avoindata.prh.fi/opendata-xbrl-api/v3/financial?businessId=2325071-5&financialDate=2025-12-31
14,2325071-5,LWK-Tekniikka Oy,2025-12-31,2026-03-20,instant,,2025-12-31,x438,Saamiset,mi53,Kirjanpitoarvo,7841.74,ISO4217_EUR,2,MCY=x438,https://avoindata.prh.fi/opendata-xbrl-api/v3/financial?businessId=2325071-5&financialDate=2025-12-31
14,2325071-5,LWK-Tekniikka Oy,2025-12-31,2026-03-20,instant,,2024-12-31,x438,Saamiset,mi53,Kirjanpitoarvo,5907.40,ISO4217_EUR,2,MCY=x438;REF=x4,https://avoindata.prh.fi/opendata-xbrl-api/v3/financial?businessId=2325071-5&financialDate=2025-12-31
14,2325071-5,LWK-Tekniikka Oy,2025-12-31,2026-03-20,instant,,2025-12-31,x399,Rahat ja pankkisaamiset,mi53,Kirjanpitoarvo,9092.50,ISO4217_EUR,2,MCY=x399,https://avoindata.prh.fi/opendata-xbrl-api/v3/financial?businessId=2325071-5&financialDate=2025-12-31
14,2325071-5,LWK-Tekniikka Oy,2025-12-31,2026-03-20,instant,,2024-12-31,x399,Rahat ja pankkisaamiset,mi53,Kirjanpitoarvo,0.00,ISO4217_EUR,2,MCY=x399;REF=x4,https://avoindata.prh.fi/opendata-xbrl-api/v3/financial?businessId=2325071-5&financialDate=2025-12-31
14,2325071-5,LWK-Tekniikka Oy,2025-12-31,2026-03-20,instant,,2025-12-31,x435,Vaihtuvat vastaavat,mi53,Kirjanpitoarvo,115025.27,ISO4217_EUR,2,MCY=x435,https://avoindata.prh.fi/opendata-xbrl-api/v3/financial?businessId=2325071-5&financialDate=2025-12-31
14,2325071-5,LWK-Tekniikka Oy,2025-12-31,2026-03-20,instant,,2024-12-31,x435,Vaihtuvat vastaavat,mi53,Kirjanpitoarvo,107861.42,ISO4217_EUR,2,MCY=x435;REF=x4,https://avoindata.prh.fi/opendata-xbrl-api/v3/financial?businessId=2325071-5&financialDate=2025-12-31
14,2325071-5,LWK-Tekniikka Oy,2025-12-31,2026-03-20,instant,,2025-12-31,x360,Vastaavaa,mi53,Kirjanpitoarvo,126925.17,ISO4217_EUR,2,MCY=x360,https://avoindata.prh.fi/opendata-xbrl-api/v3/financial?businessId=2325071-5&financialDate=2025-12-31
14,2325071-5,LWK-Tekniikka Oy,2025-12-31,2026-03-20,instant,,2024-12-31,x360,Vastaavaa,mi53,Kirjanpitoarvo,123508.02,ISO4217_EUR,2,MCY=x360;REF=x4,https://avoindata.prh.fi/opendata-xbrl-api/v3/financial?businessId=2325071-5&financialDate=2025-12-31
14,2325071-5,LWK-Tekniikka Oy,2025-12-31,2026-03-20,instant,,2025-12-31,x4116,"Osake-, osuus- tai muu vastaava pääoma",mi53,Kirjanpitoarvo,2500.00,ISO4217_EUR,2,MCY=x4116,https://avoindata.prh.fi/opendata-xbrl-api/v3/financial?businessId=2325071-5&financialDate=2025-12-31
14,2325071-5,LWK-Tekniikka Oy,2025-12-31,2026-03-20,instant,,2024-12-31,x4116,"Osake-, osuus- tai muu vastaava pääoma",mi53,Kirjanpitoarvo,2500.00,ISO4217_EUR,2,MCY=x4116;REF=x4,https://avoindata.prh.fi/opendata-xbrl-api/v3/financial?businessId=2325071-5&financialDate=2025-12-31
14,2325071-5,LWK-Tekniikka Oy,2025-12-31,2026-03-20,instant,,2025-12-31,x924,Sijoitetun vapaan oman pääoman rahasto,mi53,Kirjanpitoarvo,165000.00,ISO4217_EUR,2,MCY=x924,https://avoindata.prh.fi/opendata-xbrl-api/v3/financial?businessId=2325071-5&financialDate=2025-12-31
14,2325071-5,LWK-Tekniikka Oy,2025-12-31,2026-03-20,instant,,2024-12-31,x924,Sijoitetun vapaan oman pääoman rahasto,mi53,Kirjanpitoarvo,165000.00,ISO4217_EUR,2,MCY=x924;REF=x4,https://avoindata.prh.fi/opendata-xbrl-api/v3/financial?businessId=2325071-5&financialDate=2025-12-31
14,2325071-5,LWK-Tekniikka Oy,2025-12-31,2026-03-20,instant,,2025-12-31,x932,Edellisten tilikausien voitto (tappio),mi53,Kirjanpitoarvo,-151959.89,ISO4217_EUR,2,MCY=x932,https://avoindata.prh.fi/opendata-xbrl-api/v3/financial?businessId=2325071-5&financialDate=2025-12-31
14,2325071-5,LWK-Tekniikka Oy,2025-12-31,2026-03-20,instant,,2024-12-31,x932,Edellisten tilikausien voitto (tappio),mi53,Kirjanpitoarvo,-140316.04,ISO4217_EUR,2,MCY=x932;REF=x4,https://avoindata.prh.fi/opendata-xbrl-api/v3/financial?businessId=2325071-5&financialDate=2025-12-31
14,2325071-5,LWK-Tekniikka Oy,2025-12-31,2026-03-20,instant,,2025-12-31,x2895,"Tilikauden voitto (tappio), oma pääoma",mi53,Kirjanpitoarvo,22346.37,ISO4217_EUR,2,MCY=x2895,https://avoindata.prh.fi/opendata-xbrl-api/v3/financial?businessId=2325071-5&financialDate=2025-12-31
14,2325071-5,LWK-Tekniikka Oy,2025-12-31,2026-03-20,instant,,2024-12-31,x2895,"Tilikauden voitto (tappio), oma pääoma",mi53,Kirjanpitoarvo,-11643.85,ISO4217_EUR,2,MCY=x2895;REF=x4,https://avoindata.prh.fi/opendata-xbrl-api/v3/financial?businessId=2325071-5&financialDate=2025-12-31
14,2325071-5,LWK-Tekniikka Oy,2025-12-31,2026-03-20,instant,,2025-12-31,x376,Oma pääoma,mi53,Kirjanpitoarvo,37886.48,ISO4217_EUR,2,MCY=x376,https://avoindata.prh.fi/opendata-xbrl-api/v3/financial?businessId=2325071-5&financialDate=2025-12-31
14,2325071-5,LWK-Tekniikka Oy,2025-12-31,2026-03-20,instant,,2024-12-31,x376,Oma pääoma,mi53,Kirjanpitoarvo,15540.11,ISO4217_EUR,2,MCY=x376;REF=x4,https://avoindata.prh.fi/opendata-xbrl-api/v3/financial?businessId=2325071-5&financialDate=2025-12-31
14,2325071-5,LWK-Tekniikka Oy,2025-12-31,2026-03-20,instant,,2025-12-31,x2934,Pitkäaikaiset lainat rahoituslaitoksilta,mi53,Kirjanpitoarvo,0.00,ISO4217_EUR,2,MCY=x2934,https://avoindata.prh.fi/opendata-xbrl-api/v3/financial?businessId=2325071-5&financialDate=2025-12-31
14,2325071-5,LWK-Tekniikka Oy,2025-12-31,2026-03-20,instant,,2024-12-31,x2934,Pitkäaikaiset lainat rahoituslaitoksilta,mi53,Kirjanpitoarvo,18999.34,ISO4217_EUR,2,MCY=x2934;REF=x4,https://avoindata.prh.fi/opendata-xbrl-api/v3/financial?businessId=2325071-5&financialDate=2025-12-31
14,2325071-5,LWK-Tekniikka Oy,2025-12-31,2026-03-20,instant,,2025-12-31,x2233,Pitkäaikaiset muut velat,mi53,Kirjanpitoarvo,50000.00,ISO4217_EUR,2,MCY=x2233,https://avoindata.prh.fi/opendata-xbrl-api/v3/financial?businessId=2325071-5&financialDate=2025-12-31
14,2325071-5,LWK-Tekniikka Oy,2025-12-31,2026-03-20,instant,,2024-12-31,x2233,Pitkäaikaiset muut velat,mi53,Kirjanpitoarvo,50000.00,ISO4217_EUR,2,MCY=x2233;REF=x4,https://avoindata.prh.fi/opendata-xbrl-api/v3/financial?businessId=2325071-5&financialDate=2025-12-31
14,2325071-5,LWK-Tekniikka Oy,2025-12-31,2026-03-20,instant,,2025-12-31,x1830,Pitkäaikainen vieras pääoma,mi53,Kirjanpitoarvo,50000.00,ISO4217_EUR,2,MCY=x1830,https://avoindata.prh.fi/opendata-xbrl-api/v3/financial?businessId=2325071-5&financialDate=2025-12-31
14,2325071-5,LWK-Tekniikka Oy,2025-12-31,2026-03-20,instant,,2024-12-31,x1830,Pitkäaikainen vieras pääoma,mi53,Kirjanpitoarvo,68999.34,ISO4217_EUR,2,MCY=x1830;REF=x4,https://avoindata.prh.fi/opendata-xbrl-api/v3/financial?businessId=2325071-5&financialDate=2025-12-31
14,2325071-5,LWK-Tekniikka Oy,2025-12-31,2026-03-20,instant,,2025-12-31,x3023,Lyhytaikaiset lainat rahoituslaitoksilta,mi53,Kirjanpitoarvo,0.00,ISO4217_EUR,2,MCY=x3023,https://avoindata.prh.fi/opendata-xbrl-api/v3/financial?businessId=2325071-5&financialDate=2025-12-31
14,2325071-5,LWK-Tekniikka Oy,2025-12-31,2026-03-20,instant,,2024-12-31,x3023,Lyhytaikaiset lainat rahoituslaitoksilta,mi53,Kirjanpitoarvo,5742.00,ISO4217_EUR,2,MCY=x3023;REF=x4,https://avoindata.prh.fi/opendata-xbrl-api/v3/financial?businessId=2325071-5&financialDate=2025-12-31
14,2325071-5,LWK-Tekniikka Oy,2025-12-31,2026-03-20,instant,,2025-12-31,x1819,Lyhytaikaiset ostovelat,mi53,Kirjanpitoarvo,1645.85,ISO4217_EUR,2,MCY=x1819,https://avoindata.prh.fi/opendata-xbrl-api/v3/financial?businessId=2325071-5&financialDate=2025-12-31
14,2325071-5,LWK-Tekniikka Oy,2025-12-31,2026-03-20,instant,,2024-12-31,x1819,Lyhytaikaiset ostovelat,mi53,Kirjanpitoarvo,436.96,ISO4217_EUR,2,MCY=x1819;REF=x4,https://avoindata.prh.fi/opendata-xbrl-api/v3/financial?businessId=2325071-5&financialDate=2025-12-31
14,2325071-5,LWK-Tekniikka Oy,2025-12-31,2026-03-20,instant,,2025-12-31,x1825,Lyhytaikaiset muut velat,mi53,Kirjanpitoarvo,12845.19,ISO4217_EUR,2,MCY=x1825,https://avoindata.prh.fi/opendata-xbrl-api/v3/financial?businessId=2325071-5&financialDate=2025-12-31
14,2325071-5,LWK-Tekniikka Oy,2025-12-31,2026-03-20,instant,,2024-12-31,x1825,Lyhytaikaiset muut velat,mi53,Kirjanpitoarvo,10027.48,ISO4217_EUR,2,MCY=x1825;REF=x4,https://avoindata.prh.fi/opendata-xbrl-api/v3/financial?businessId=2325071-5&financialDate=2025-12-31
14,2325071-5,LWK-Tekniikka Oy,2025-12-31,2026-03-20,instant,,2025-12-31,x1826,Lyhytaikaiset siirtovelat,mi53,Kirjanpitoarvo,24547.65,ISO4217_EUR,2,MCY=x1826,https://avoindata.prh.fi/opendata-xbrl-api/v3/financial?businessId=2325071-5&financialDate=2025-12-31
14,2325071-5,LWK-Tekniikka Oy,2025-12-31,2026-03-20,instant,,2024-12-31,x1826,Lyhytaikaiset siirtovelat,mi53,Kirjanpitoarvo,22762.13,ISO4217_EUR,2,MCY=x1826;REF=x4,https://avoindata.prh.fi/opendata-xbrl-api/v3/financial?businessId=2325071-5&financialDate=2025-12-31
14,2325071-5,LWK-Tekniikka Oy,2025-12-31,2026-03-20,instant,,2025-12-31,x1811,Lyhytaikainen vieras pääoma,mi53,Kirjanpitoarvo,39038.69,ISO4217_EUR,2,MCY=x1811,https://avoindata.prh.fi/opendata-xbrl-api/v3/financial?businessId=2325071-5&financialDate=2025-12-31
14,2325071-5,LWK-Tekniikka Oy,2025-12-31,2026-03-20,instant,,2024-12-31,x1811,Lyhytaikainen vieras pääoma,mi53,Kirjanpitoarvo,38968.57,ISO4217_EUR,2,MCY=x1811;REF=x4,https://avoindata.prh.fi/opendata-xbrl-api/v3/financial?businessId=2325071-5&financialDate=2025-12-31
14,2325071-5,LWK-Tekniikka Oy,2025-12-31,2026-03-20,instant,,2025-12-31,x424,Vieras pääoma,mi53,Kirjanpitoarvo,89038.69,ISO4217_EUR,2,MCY=x424,https://avoindata.prh.fi/opendata-xbrl-api/v3/financial?businessId=2325071-5&financialDate=2025-12-31
14,2325071-5,LWK-Tekniikka Oy,2025-12-31,2026-03-20,instant,,2024-12-31,x424,Vieras pääoma,mi53,Kirjanpitoarvo,107967.91,ISO4217_EUR,2,MCY=x424;REF=x4,https://avoindata.prh.fi/opendata-xbrl-api/v3/financial?businessId=2325071-5&financialDate=2025-12-31
14,2325071-5,LWK-Tekniikka Oy,2025-12-31,2026-03-20,instant,,2025-12-31,x481,Vastattavaa,mi53,Kirjanpitoarvo,126925.17,ISO4217_EUR,2,MCY=x481,https://avoindata.prh.fi/opendata-xbrl-api/v3/financial?businessId=2325071-5&financialDate=2025-12-31
14,2325071-5,LWK-Tekniikka Oy,2025-12-31,2026-03-20,instant,,2024-12-31,x481,Vastattavaa,mi53,Kirjanpitoarvo,123508.02,ISO4217_EUR,2,MCY=x481;REF=x4,https://avoindata.prh.fi/opendata-xbrl-api/v3/financial?businessId=2325071-5&financialDate=2025-12-31
14,2325071-5,LWK-Tekniikka Oy,2025-12-31,2026-03-20,instant,,2025-12-31,x673,Liikevaihto,md103,Tilikauden rahallinen kertymä,271327.45,ISO4217_EUR,2,MCY=x673,https://avoindata.prh.fi/opendata-xbrl-api/v3/financial?businessId=2325071-5&financialDate=2025-12-31
14,2325071-5,LWK-Tekniikka Oy,2025-12-31,2026-03-20,instant,,2024-12-31,x673,Liikevaihto,md103,Tilikauden rahallinen kertymä,308503.07,ISO4217_EUR,2,MCY=x673;REF=x53,https://avoindata.prh.fi/opendata-xbrl-api/v3/financial?businessId=2325071-5&financialDate=2025-12-31
14,2325071-5,LWK-Tekniikka Oy,2025-12-31,2026-03-20,instant,,2025-12-31,x755,Ostot tilikauden aikana,md103,Tilikauden rahallinen kertymä,63223.99,ISO4217_EUR,2,MCY=x755,https://avoindata.prh.fi/opendata-xbrl-api/v3/financial?businessId=2325071-5&financialDate=2025-12-31
14,2325071-5,LWK-Tekniikka Oy,2025-12-31,2026-03-20,instant,,2024-12-31,x755,Ostot tilikauden aikana,md103,Tilikauden rahallinen kertymä,125562.35,ISO4217_EUR,2,MCY=x755;REF=x53,https://avoindata.prh.fi/opendata-xbrl-api/v3/financial?businessId=2325071-5&financialDate=2025-12-31
14,2325071-5,LWK-Tekniikka Oy,2025-12-31,2026-03-20,instant,,2025-12-31,x544,Varastojen lisäys (+) tai vähennys (-),md103,Tilikauden rahallinen kertymä,6523.20,ISO4217_EUR,2,MCY=x544,https://avoindata.prh.fi/opendata-xbrl-api/v3/financial?businessId=2325071-5&financialDate=2025-12-31
14,2325071-5,LWK-Tekniikka Oy,2025-12-31,2026-03-20,instant,,2024-12-31,x544,Varastojen lisäys (+) tai vähennys (-),md103,Tilikauden rahallinen kertymä,-1746.93,ISO4217_EUR,2,MCY=x544;REF=x53,https://avoindata.prh.fi/opendata-xbrl-api/v3/financial?businessId=2325071-5&financialDate=2025-12-31
14,2325071-5,LWK-Tekniikka Oy,2025-12-31,2026-03-20,instant,,2025-12-31,x10,Palvelujen ostot,md103,Tilikauden rahallinen kertymä,65138.87,ISO4217_EUR,2,MCY=x10,https://avoindata.prh.fi/opendata-xbrl-api/v3/financial?businessId=2325071-5&financialDate=2025-12-31
14,2325071-5,LWK-Tekniikka Oy,2025-12-31,2026-03-20,instant,,2024-12-31,x10,Palvelujen ostot,md103,Tilikauden rahallinen kertymä,35958.47,ISO4217_EUR,2,MCY=x10;REF=x53,https://avoindata.prh.fi/opendata-xbrl-api/v3/financial?businessId=2325071-5&financialDate=2025-12-31
14,2325071-5,LWK-Tekniikka Oy,2025-12-31,2026-03-20,instant,,2025-12-31,x758,Materiaalit ja palvelut,md103,Tilikauden rahallinen kertymä,134886.06,ISO4217_EUR,2,MCY=x758,https://avoindata.prh.fi/opendata-xbrl-api/v3/financial?businessId=2325071-5&financialDate=2025-12-31
14,2325071-5,LWK-Tekniikka Oy,2025-12-31,2026-03-20,instant,,2024-12-31,x758,Materiaalit ja palvelut,md103,Tilikauden rahallinen kertymä,159773.89,ISO4217_EUR,2,MCY=x758;REF=x53,https://avoindata.prh.fi/opendata-xbrl-api/v3/financial?businessId=2325071-5&financialDate=2025-12-31
14,2325071-5,LWK-Tekniikka Oy,2025-12-31,2026-03-20,instant,,2025-12-31,x6,Palkat ja palkkiot,md103,Tilikauden rahallinen kertymä,42864.77,ISO4217_EUR,2,MCY=x6,https://avoindata.prh.fi/opendata-xbrl-api/v3/financial?businessId=2325071-5&financialDate=2025-12-31
14,2325071-5,LWK-Tekniikka Oy,2025-12-31,2026-03-20,instant,,2024-12-31,x6,Palkat ja palkkiot,md103,Tilikauden rahallinen kertymä,63523.05,ISO4217_EUR,2,MCY=x6;REF=x53,https://avoindata.prh.fi/opendata-xbrl-api/v3/financial?businessId=2325071-5&financialDate=2025-12-31
14,2325071-5,LWK-Tekniikka Oy,2025-12-31,2026-03-20,instant,,2025-12-31,x8,Eläkekulut,md103,Tilikauden rahallinen kertymä,11248.88,ISO4217_EUR,2,MCY=x8,https://avoindata.prh.fi/opendata-xbrl-api/v3/financial?businessId=2325071-5&financialDate=2025-12-31
14,2325071-5,LWK-Tekniikka Oy,2025-12-31,2026-03-20,instant,,2024-12-31,x8,Eläkekulut,md103,Tilikauden rahallinen kertymä,9791.08,ISO4217_EUR,2,MCY=x8;REF=x53,https://avoindata.prh.fi/opendata-xbrl-api/v3/financial?businessId=2325071-5&financialDate=2025-12-31
14,2325071-5,LWK-Tekniikka Oy,2025-12-31,2026-03-20,instant,,2025-12-31,x9,Muut henkilösivukulut,md103,Tilikauden rahallinen kertymä,822.02,ISO4217_EUR,2,MCY=x9,https://avoindata.prh.fi/opendata-xbrl-api/v3/financial?businessId=2325071-5&financialDate=2025-12-31
14,2325071-5,LWK-Tekniikka Oy,2025-12-31,2026-03-20,instant,,2024-12-31,x9,Muut henkilösivukulut,md103,Tilikauden rahallinen kertymä,1515.64,ISO4217_EUR,2,MCY=x9;REF=x53,https://avoindata.prh.fi/opendata-xbrl-api/v3/financial?businessId=2325071-5&financialDate=2025-12-31
14,2325071-5,LWK-Tekniikka Oy,2025-12-31,2026-03-20,instant,,2025-12-31,x5,Henkilöstökulut,md103,Tilikauden rahallinen kertymä,54935.67,ISO4217_EUR,2,MCY=x5,https://avoindata.prh.fi/opendata-xbrl-api/v3/financial?businessId=2325071-5&financialDate=2025-12-31
14,2325071-5,LWK-Tekniikka Oy,2025-12-31,2026-03-20,instant,,2024-12-31,x5,Henkilöstökulut,md103,Tilikauden rahallinen kertymä,74829.77,ISO4217_EUR,2,MCY=x5;REF=x53,https://avoindata.prh.fi/opendata-xbrl-api/v3/financial?businessId=2325071-5&financialDate=2025-12-31
14,2325071-5,LWK-Tekniikka Oy,2025-12-31,2026-03-20,instant,,2025-12-31,x449,Suunnitelman mukaiset poistot,md103,Tilikauden rahallinen kertymä,3086.88,ISO4217_EUR,2,MCY=x449,https://avoindata.prh.fi/opendata-xbrl-api/v3/financial?businessId=2325071-5&financialDate=2025-12-31
14,2325071-5,LWK-Tekniikka Oy,2025-12-31,2026-03-20,instant,,2024-12-31,x449,Suunnitelman mukaiset poistot,md103,Tilikauden rahallinen kertymä,5215.53,ISO4217_EUR,2,MCY=x449;REF=x53,https://avoindata.prh.fi/opendata-xbrl-api/v3/financial?businessId=2325071-5&financialDate=2025-12-31
14,2325071-5,LWK-Tekniikka Oy,2025-12-31,2026-03-20,instant,,2025-12-31,x448,Poistot ja arvonalentumiset,md103,Tilikauden rahallinen kertymä,3086.88,ISO4217_EUR,2,MCY=x448,https://avoindata.prh.fi/opendata-xbrl-api/v3/financial?businessId=2325071-5&financialDate=2025-12-31
14,2325071-5,LWK-Tekniikka Oy,2025-12-31,2026-03-20,instant,,2024-12-31,x448,Poistot ja arvonalentumiset,md103,Tilikauden rahallinen kertymä,5215.53,ISO4217_EUR,2,MCY=x448;REF=x53,https://avoindata.prh.fi/opendata-xbrl-api/v3/financial?businessId=2325071-5&financialDate=2025-12-31
14,2325071-5,LWK-Tekniikka Oy,2025-12-31,2026-03-20,instant,,2025-12-31,x1869,Liiketoiminnan muut kulut,md103,Tilikauden rahallinen kertymä,55497.99,ISO4217_EUR,2,MCY=x1869,https://avoindata.prh.fi/opendata-xbrl-api/v3/financial?businessId=2325071-5&financialDate=2025-12-31
14,2325071-5,LWK-Tekniikka Oy,2025-12-31,2026-03-20,instant,,2024-12-31,x1869,Liiketoiminnan muut kulut,md103,Tilikauden rahallinen kertymä,70893.87,ISO4217_EUR,2,MCY=x1869;REF=x53,https://avoindata.prh.fi/opendata-xbrl-api/v3/financial?businessId=2325071-5&financialDate=2025-12-31
14,2325071-5,LWK-Tekniikka Oy,2025-12-31,2026-03-20,instant,,2025-12-31,x689,Liikevoitto (-tappio),md103,Tilikauden rahallinen kertymä,22920.85,ISO4217_EUR,2,MCY=x689,https://avoindata.prh.fi/opendata-xbrl-api/v3/financial?businessId=2325071-5&financialDate=2025-12-31
14,2325071-5,LWK-Tekniikka Oy,2025-12-31,2026-03-20,instant,,2024-12-31,x689,Liikevoitto (-tappio),md103,Tilikauden rahallinen kertymä,-2209.99,ISO4217_EUR,2,MCY=x689;REF=x53,https://avoindata.prh.fi/opendata-xbrl-api/v3/financial?businessId=2325071-5&financialDate=2025-12-31
14,2325071-5,LWK-Tekniikka Oy,2025-12-31,2026-03-20,instant,,2025-12-31,x4014,Muut korko- ja rahoitustuotot muilta kuin saman konsernin yrityksiltä,md103,Tilikauden rahallinen kertymä,957.00,ISO4217_EUR,2,MCY=x4014,https://avoindata.prh.fi/opendata-xbrl-api/v3/financial?businessId=2325071-5&financialDate=2025-12-31
14,2325071-5,LWK-Tekniikka Oy,2025-12-31,2026-03-20,instant,,2024-12-31,x4014,Muut korko- ja rahoitustuotot muilta kuin saman konsernin yrityksiltä,md103,Tilikauden rahallinen kertymä,430.68,ISO4217_EUR,2,MCY=x4014;REF=x53,https://avoindata.prh.fi/opendata-xbrl-api/v3/financial?businessId=2325071-5&financialDate=2025-12-31
14,2325071-5,LWK-Tekniikka Oy,2025-12-31,2026-03-20,instant,,2025-12-31,x4046,Korkokulut- ja muut rahoituskulut muille kuin saman konsernin yrityksille,md103,Tilikauden rahallinen kertymä,1531.48,ISO4217_EUR,2,MCY=x4046,https://avoindata.prh.fi/opendata-xbrl-api/v3/financial?businessId=2325071-5&financialDate=2025-12-31
14,2325071-5,LWK-Tekniikka Oy,2025-12-31,2026-03-20,instant,,2024-12-31,x4046,Korkokulut- ja muut rahoituskulut muille kuin saman konsernin yrityksille,md103,Tilikauden rahallinen kertymä,9864.54,ISO4217_EUR,2,MCY=x4046;REF=x53,https://avoindata.prh.fi/opendata-xbrl-api/v3/financial?businessId=2325071-5&financialDate=2025-12-31
14,2325071-5,LWK-Tekniikka Oy,2025-12-31,2026-03-20,instant,,2025-12-31,x12,Rahoitustuotot ja -kulut + (-),md103,Tilikauden rahallinen kertymä,574.48,ISO4217_EUR,2,MCY=x12,https://avoindata.prh.fi/opendata-xbrl-api/v3/financial?businessId=2325071-5&financialDate=2025-12-31
14,2325071-5,LWK-Tekniikka Oy,2025-12-31,2026-03-20,instant,,2024-12-31,x12,Rahoitustuotot ja -kulut + (-),md103,Tilikauden rahallinen kertymä,9433.86,ISO4217_EUR,2,MCY=x12;REF=x53,https://avoindata.prh.fi/opendata-xbrl-api/v3/financial?businessId=2325071-5&financialDate=2025-12-31
14,2325071-5,LWK-Tekniikka Oy,2025-12-31,2026-03-20,instant,,2025-12-31,x738,Voitto (tappio) ennen tilinpäätössiirtoja ja veroja,md103,Tilikauden rahallinen kertymä,22346.37,ISO4217_EUR,2,MCY=x738,https://avoindata.prh.fi/opendata-xbrl-api/v3/financial?businessId=2325071-5&financialDate=2025-12-31
14,2325071-5,LWK-Tekniikka Oy,2025-12-31,2026-03-20,instant,,2024-12-31,x738,Voitto (tappio) ennen tilinpäätössiirtoja ja veroja,md103,Tilikauden rahallinen kertymä,-11643.85,ISO4217_EUR,2,MCY=x738;REF=x53,https://avoindata.prh.fi/opendata-xbrl-api/v3/financial?businessId=2325071-5&financialDate=2025-12-31
14,2325071-5,LWK-Tekniikka Oy,2025-12-31,2026-03-20,instant,,2025-12-31,x740,Tilikauden voitto (tappio),md103,Tilikauden rahallinen kertymä,22346.37,ISO4217_EUR,2,MCY=x740,https://avoindata.prh.fi/opendata-xbrl-api/v3/financial?businessId=2325071-5&financialDate=2025-12-31
14,2325071-5,LWK-Tekniikka Oy,2025-12-31,2026-03-20,instant,,2024-12-31,x740,Tilikauden voitto (tappio),md103,Tilikauden rahallinen kertymä,-11643.85,ISO4217_EUR,2,MCY=x740;REF=x53,https://avoindata.prh.fi/opendata-xbrl-api/v3/financial?businessId=2325071-5&financialDate=2025-12-31
15,2327074-0,Clearone Finland Oy,2025-12-31,2026-01-29,instant,,2025-12-31,x1036,Koneet ja kalusto,mi53,Kirjanpitoarvo,5951.93,ISO4217_EUR,2,MCY=x1036,https://avoindata.prh.fi/opendata-xbrl-api/v3/financial?businessId=2327074-0&financialDate=2025-12-31
15,2327074-0,Clearone Finland Oy,2025-12-31,2026-01-29,instant,,2024-12-31,x1036,Koneet ja kalusto,mi53,Kirjanpitoarvo,7935.90,ISO4217_EUR,2,MCY=x1036;REF=x4,https://avoindata.prh.fi/opendata-xbrl-api/v3/financial?businessId=2327074-0&financialDate=2025-12-31
15,2327074-0,Clearone Finland Oy,2025-12-31,2026-01-29,instant,,2025-12-31,x816,Aineelliset hyödykkeet,mi53,Kirjanpitoarvo,5951.93,ISO4217_EUR,2,MCY=x816,https://avoindata.prh.fi/opendata-xbrl-api/v3/financial?businessId=2327074-0&financialDate=2025-12-31
15,2327074-0,Clearone Finland Oy,2025-12-31,2026-01-29,instant,,2024-12-31,x816,Aineelliset hyödykkeet,mi53,Kirjanpitoarvo,7935.90,ISO4217_EUR,2,MCY=x816;REF=x4,https://avoindata.prh.fi/opendata-xbrl-api/v3/financial?businessId=2327074-0&financialDate=2025-12-31
15,2327074-0,Clearone Finland Oy,2025-12-31,2026-01-29,instant,,2025-12-31,x513,Pysyvät vastaavat,mi53,Kirjanpitoarvo,5951.93,ISO4217_EUR,2,MCY=x513,https://avoindata.prh.fi/opendata-xbrl-api/v3/financial?businessId=2327074-0&financialDate=2025-12-31
15,2327074-0,Clearone Finland Oy,2025-12-31,2026-01-29,instant,,2024-12-31,x513,Pysyvät vastaavat,mi53,Kirjanpitoarvo,7935.90,ISO4217_EUR,2,MCY=x513;REF=x4,https://avoindata.prh.fi/opendata-xbrl-api/v3/financial?businessId=2327074-0&financialDate=2025-12-31
15,2327074-0,Clearone Finland Oy,2025-12-31,2026-01-29,instant,,2025-12-31,x1769,Lyhytaikaiset myyntisaamiset,mi53,Kirjanpitoarvo,3597.84,ISO4217_EUR,2,MCY=x1769,https://avoindata.prh.fi/opendata-xbrl-api/v3/financial?businessId=2327074-0&financialDate=2025-12-31
15,2327074-0,Clearone Finland Oy,2025-12-31,2026-01-29,instant,,2024-12-31,x1769,Lyhytaikaiset myyntisaamiset,mi53,Kirjanpitoarvo,1086.58,ISO4217_EUR,2,MCY=x1769;REF=x4,https://avoindata.prh.fi/opendata-xbrl-api/v3/financial?businessId=2327074-0&financialDate=2025-12-31
15,2327074-0,Clearone Finland Oy,2025-12-31,2026-01-29,instant,,2025-12-31,x1771,Lyhytaikaiset muut saamiset,mi53,Kirjanpitoarvo,7.20,ISO4217_EUR,2,MCY=x1771,https://avoindata.prh.fi/opendata-xbrl-api/v3/financial?businessId=2327074-0&financialDate=2025-12-31
15,2327074-0,Clearone Finland Oy,2025-12-31,2026-01-29,instant,,2024-12-31,x1771,Lyhytaikaiset muut saamiset,mi53,Kirjanpitoarvo,0.00,ISO4217_EUR,2,MCY=x1771;REF=x4,https://avoindata.prh.fi/opendata-xbrl-api/v3/financial?businessId=2327074-0&financialDate=2025-12-31
15,2327074-0,Clearone Finland Oy,2025-12-31,2026-01-29,instant,,2025-12-31,x1775,Lyhytaikaiset siirtosaamiset,mi53,Kirjanpitoarvo,1409.10,ISO4217_EUR,2,MCY=x1775,https://avoindata.prh.fi/opendata-xbrl-api/v3/financial?businessId=2327074-0&financialDate=2025-12-31
15,2327074-0,Clearone Finland Oy,2025-12-31,2026-01-29,instant,,2024-12-31,x1775,Lyhytaikaiset siirtosaamiset,mi53,Kirjanpitoarvo,3079.49,ISO4217_EUR,2,MCY=x1775;REF=x4,https://avoindata.prh.fi/opendata-xbrl-api/v3/financial?businessId=2327074-0&financialDate=2025-12-31
15,2327074-0,Clearone Finland Oy,2025-12-31,2026-01-29,instant,,2025-12-31,x1768,Lyhytaikaiset saamiset,mi53,Kirjanpitoarvo,5014.14,ISO4217_EUR,2,MCY=x1768,https://avoindata.prh.fi/opendata-xbrl-api/v3/financial?businessId=2327074-0&financialDate=2025-12-31
15,2327074-0,Clearone Finland Oy,2025-12-31,2026-01-29,instant,,2024-12-31,x1768,Lyhytaikaiset saamiset,mi53,Kirjanpitoarvo,4166.07,ISO4217_EUR,2,MCY=x1768;REF=x4,https://avoindata.prh.fi/opendata-xbrl-api/v3/financial?businessId=2327074-0&financialDate=2025-12-31
15,2327074-0,Clearone Finland Oy,2025-12-31,2026-01-29,instant,,2025-12-31,x438,Saamiset,mi53,Kirjanpitoarvo,5014.14,ISO4217_EUR,2,MCY=x438,https://avoindata.prh.fi/opendata-xbrl-api/v3/financial?businessId=2327074-0&financialDate=2025-12-31
15,2327074-0,Clearone Finland Oy,2025-12-31,2026-01-29,instant,,2024-12-31,x438,Saamiset,mi53,Kirjanpitoarvo,4166.07,ISO4217_EUR,2,MCY=x438;REF=x4,https://avoindata.prh.fi/opendata-xbrl-api/v3/financial?businessId=2327074-0&financialDate=2025-12-31
15,2327074-0,Clearone Finland Oy,2025-12-31,2026-01-29,instant,,2025-12-31,x399,Rahat ja pankkisaamiset,mi53,Kirjanpitoarvo,36980.14,ISO4217_EUR,2,MCY=x399,https://avoindata.prh.fi/opendata-xbrl-api/v3/financial?businessId=2327074-0&financialDate=2025-12-31
15,2327074-0,Clearone Finland Oy,2025-12-31,2026-01-29,instant,,2024-12-31,x399,Rahat ja pankkisaamiset,mi53,Kirjanpitoarvo,46002.85,ISO4217_EUR,2,MCY=x399;REF=x4,https://avoindata.prh.fi/opendata-xbrl-api/v3/financial?businessId=2327074-0&financialDate=2025-12-31
15,2327074-0,Clearone Finland Oy,2025-12-31,2026-01-29,instant,,2025-12-31,x435,Vaihtuvat vastaavat,mi53,Kirjanpitoarvo,41994.28,ISO4217_EUR,2,MCY=x435,https://avoindata.prh.fi/opendata-xbrl-api/v3/financial?businessId=2327074-0&financialDate=2025-12-31
15,2327074-0,Clearone Finland Oy,2025-12-31,2026-01-29,instant,,2024-12-31,x435,Vaihtuvat vastaavat,mi53,Kirjanpitoarvo,50168.92,ISO4217_EUR,2,MCY=x435;REF=x4,https://avoindata.prh.fi/opendata-xbrl-api/v3/financial?businessId=2327074-0&financialDate=2025-12-31
15,2327074-0,Clearone Finland Oy,2025-12-31,2026-01-29,instant,,2025-12-31,x360,Vastaavaa,mi53,Kirjanpitoarvo,47946.21,ISO4217_EUR,2,MCY=x360,https://avoindata.prh.fi/opendata-xbrl-api/v3/financial?businessId=2327074-0&financialDate=2025-12-31
15,2327074-0,Clearone Finland Oy,2025-12-31,2026-01-29,instant,,2024-12-31,x360,Vastaavaa,mi53,Kirjanpitoarvo,58104.82,ISO4217_EUR,2,MCY=x360;REF=x4,https://avoindata.prh.fi/opendata-xbrl-api/v3/financial?businessId=2327074-0&financialDate=2025-12-31
15,2327074-0,Clearone Finland Oy,2025-12-31,2026-01-29,instant,,2025-12-31,x4116,"Osake-, osuus- tai muu vastaava pääoma",mi53,Kirjanpitoarvo,2500.00,ISO4217_EUR,2,MCY=x4116,https://avoindata.prh.fi/opendata-xbrl-api/v3/financial?businessId=2327074-0&financialDate=2025-12-31
15,2327074-0,Clearone Finland Oy,2025-12-31,2026-01-29,instant,,2024-12-31,x4116,"Osake-, osuus- tai muu vastaava pääoma",mi53,Kirjanpitoarvo,2500.00,ISO4217_EUR,2,MCY=x4116;REF=x4,https://avoindata.prh.fi/opendata-xbrl-api/v3/financial?businessId=2327074-0&financialDate=2025-12-31
15,2327074-0,Clearone Finland Oy,2025-12-31,2026-01-29,instant,,2025-12-31,x932,Edellisten tilikausien voitto (tappio),mi53,Kirjanpitoarvo,44809.78,ISO4217_EUR,2,MCY=x932,https://avoindata.prh.fi/opendata-xbrl-api/v3/financial?businessId=2327074-0&financialDate=2025-12-31
15,2327074-0,Clearone Finland Oy,2025-12-31,2026-01-29,instant,,2024-12-31,x932,Edellisten tilikausien voitto (tappio),mi53,Kirjanpitoarvo,57027.19,ISO4217_EUR,2,MCY=x932;REF=x4,https://avoindata.prh.fi/opendata-xbrl-api/v3/financial?businessId=2327074-0&financialDate=2025-12-31
15,2327074-0,Clearone Finland Oy,2025-12-31,2026-01-29,instant,,2025-12-31,x2895,"Tilikauden voitto (tappio), oma pääoma",mi53,Kirjanpitoarvo,-2302.27,ISO4217_EUR,2,MCY=x2895,https://avoindata.prh.fi/opendata-xbrl-api/v3/financial?businessId=2327074-0&financialDate=2025-12-31
15,2327074-0,Clearone Finland Oy,2025-12-31,2026-01-29,instant,,2024-12-31,x2895,"Tilikauden voitto (tappio), oma pääoma",mi53,Kirjanpitoarvo,-9217.41,ISO4217_EUR,2,MCY=x2895;REF=x4,https://avoindata.prh.fi/opendata-xbrl-api/v3/financial?businessId=2327074-0&financialDate=2025-12-31
15,2327074-0,Clearone Finland Oy,2025-12-31,2026-01-29,instant,,2025-12-31,x376,Oma pääoma,mi53,Kirjanpitoarvo,45007.51,ISO4217_EUR,2,MCY=x376,https://avoindata.prh.fi/opendata-xbrl-api/v3/financial?businessId=2327074-0&financialDate=2025-12-31
15,2327074-0,Clearone Finland Oy,2025-12-31,2026-01-29,instant,,2024-12-31,x376,Oma pääoma,mi53,Kirjanpitoarvo,50309.78,ISO4217_EUR,2,MCY=x376;REF=x4,https://avoindata.prh.fi/opendata-xbrl-api/v3/financial?businessId=2327074-0&financialDate=2025-12-31
15,2327074-0,Clearone Finland Oy,2025-12-31,2026-01-29,instant,,2025-12-31,x1819,Lyhytaikaiset ostovelat,mi53,Kirjanpitoarvo,313.75,ISO4217_EUR,2,MCY=x1819,https://avoindata.prh.fi/opendata-xbrl-api/v3/financial?businessId=2327074-0&financialDate=2025-12-31
15,2327074-0,Clearone Finland Oy,2025-12-31,2026-01-29,instant,,2024-12-31,x1819,Lyhytaikaiset ostovelat,mi53,Kirjanpitoarvo,0.00,ISO4217_EUR,2,MCY=x1819;REF=x4,https://avoindata.prh.fi/opendata-xbrl-api/v3/financial?businessId=2327074-0&financialDate=2025-12-31
15,2327074-0,Clearone Finland Oy,2025-12-31,2026-01-29,instant,,2025-12-31,x1825,Lyhytaikaiset muut velat,mi53,Kirjanpitoarvo,1043.46,ISO4217_EUR,2,MCY=x1825,https://avoindata.prh.fi/opendata-xbrl-api/v3/financial?businessId=2327074-0&financialDate=2025-12-31
15,2327074-0,Clearone Finland Oy,2025-12-31,2026-01-29,instant,,2024-12-31,x1825,Lyhytaikaiset muut velat,mi53,Kirjanpitoarvo,5933.51,ISO4217_EUR,2,MCY=x1825;REF=x4,https://avoindata.prh.fi/opendata-xbrl-api/v3/financial?businessId=2327074-0&financialDate=2025-12-31
15,2327074-0,Clearone Finland Oy,2025-12-31,2026-01-29,instant,,2025-12-31,x1826,Lyhytaikaiset siirtovelat,mi53,Kirjanpitoarvo,1581.49,ISO4217_EUR,2,MCY=x1826,https://avoindata.prh.fi/opendata-xbrl-api/v3/financial?businessId=2327074-0&financialDate=2025-12-31
15,2327074-0,Clearone Finland Oy,2025-12-31,2026-01-29,instant,,2024-12-31,x1826,Lyhytaikaiset siirtovelat,mi53,Kirjanpitoarvo,1861.53,ISO4217_EUR,2,MCY=x1826;REF=x4,https://avoindata.prh.fi/opendata-xbrl-api/v3/financial?businessId=2327074-0&financialDate=2025-12-31
15,2327074-0,Clearone Finland Oy,2025-12-31,2026-01-29,instant,,2025-12-31,x1811,Lyhytaikainen vieras pääoma,mi53,Kirjanpitoarvo,2938.70,ISO4217_EUR,2,MCY=x1811,https://avoindata.prh.fi/opendata-xbrl-api/v3/financial?businessId=2327074-0&financialDate=2025-12-31
15,2327074-0,Clearone Finland Oy,2025-12-31,2026-01-29,instant,,2024-12-31,x1811,Lyhytaikainen vieras pääoma,mi53,Kirjanpitoarvo,7795.04,ISO4217_EUR,2,MCY=x1811;REF=x4,https://avoindata.prh.fi/opendata-xbrl-api/v3/financial?businessId=2327074-0&financialDate=2025-12-31
15,2327074-0,Clearone Finland Oy,2025-12-31,2026-01-29,instant,,2025-12-31,x424,Vieras pääoma,mi53,Kirjanpitoarvo,2938.70,ISO4217_EUR,2,MCY=x424,https://avoindata.prh.fi/opendata-xbrl-api/v3/financial?businessId=2327074-0&financialDate=2025-12-31
15,2327074-0,Clearone Finland Oy,2025-12-31,2026-01-29,instant,,2024-12-31,x424,Vieras pääoma,mi53,Kirjanpitoarvo,7795.04,ISO4217_EUR,2,MCY=x424;REF=x4,https://avoindata.prh.fi/opendata-xbrl-api/v3/financial?businessId=2327074-0&financialDate=2025-12-31
15,2327074-0,Clearone Finland Oy,2025-12-31,2026-01-29,instant,,2025-12-31,x481,Vastattavaa,mi53,Kirjanpitoarvo,47946.21,ISO4217_EUR,2,MCY=x481,https://avoindata.prh.fi/opendata-xbrl-api/v3/financial?businessId=2327074-0&financialDate=2025-12-31
15,2327074-0,Clearone Finland Oy,2025-12-31,2026-01-29,instant,,2024-12-31,x481,Vastattavaa,mi53,Kirjanpitoarvo,58104.82,ISO4217_EUR,2,MCY=x481;REF=x4,https://avoindata.prh.fi/opendata-xbrl-api/v3/financial?businessId=2327074-0&financialDate=2025-12-31
15,2327074-0,Clearone Finland Oy,2025-12-31,2026-01-29,instant,,2025-12-31,x673,Liikevaihto,md103,Tilikauden rahallinen kertymä,52766.76,ISO4217_EUR,2,MCY=x673,https://avoindata.prh.fi/opendata-xbrl-api/v3/financial?businessId=2327074-0&financialDate=2025-12-31
15,2327074-0,Clearone Finland Oy,2025-12-31,2026-01-29,instant,,2024-12-31,x673,Liikevaihto,md103,Tilikauden rahallinen kertymä,97501.62,ISO4217_EUR,2,MCY=x673;REF=x53,https://avoindata.prh.fi/opendata-xbrl-api/v3/financial?businessId=2327074-0&financialDate=2025-12-31
15,2327074-0,Clearone Finland Oy,2025-12-31,2026-01-29,instant,,2025-12-31,x49,Liiketoiminnan muut tuotot,md103,Tilikauden rahallinen kertymä,0.00,ISO4217_EUR,2,MCY=x49,https://avoindata.prh.fi/opendata-xbrl-api/v3/financial?businessId=2327074-0&financialDate=2025-12-31
15,2327074-0,Clearone Finland Oy,2025-12-31,2026-01-29,instant,,2024-12-31,x49,Liiketoiminnan muut tuotot,md103,Tilikauden rahallinen kertymä,11800.00,ISO4217_EUR,2,MCY=x49;REF=x53,https://avoindata.prh.fi/opendata-xbrl-api/v3/financial?businessId=2327074-0&financialDate=2025-12-31
15,2327074-0,Clearone Finland Oy,2025-12-31,2026-01-29,instant,,2025-12-31,x755,Ostot tilikauden aikana,md103,Tilikauden rahallinen kertymä,6309.52,ISO4217_EUR,2,MCY=x755,https://avoindata.prh.fi/opendata-xbrl-api/v3/financial?businessId=2327074-0&financialDate=2025-12-31
15,2327074-0,Clearone Finland Oy,2025-12-31,2026-01-29,instant,,2024-12-31,x755,Ostot tilikauden aikana,md103,Tilikauden rahallinen kertymä,12099.89,ISO4217_EUR,2,MCY=x755;REF=x53,https://avoindata.prh.fi/opendata-xbrl-api/v3/financial?businessId=2327074-0&financialDate=2025-12-31
15,2327074-0,Clearone Finland Oy,2025-12-31,2026-01-29,instant,,2025-12-31,x10,Palvelujen ostot,md103,Tilikauden rahallinen kertymä,0.00,ISO4217_EUR,2,MCY=x10,https://avoindata.prh.fi/opendata-xbrl-api/v3/financial?businessId=2327074-0&financialDate=2025-12-31
15,2327074-0,Clearone Finland Oy,2025-12-31,2026-01-29,instant,,2024-12-31,x10,Palvelujen ostot,md103,Tilikauden rahallinen kertymä,12756.20,ISO4217_EUR,2,MCY=x10;REF=x53,https://avoindata.prh.fi/opendata-xbrl-api/v3/financial?businessId=2327074-0&financialDate=2025-12-31
15,2327074-0,Clearone Finland Oy,2025-12-31,2026-01-29,instant,,2025-12-31,x758,Materiaalit ja palvelut,md103,Tilikauden rahallinen kertymä,6309.52,ISO4217_EUR,2,MCY=x758,https://avoindata.prh.fi/opendata-xbrl-api/v3/financial?businessId=2327074-0&financialDate=2025-12-31
15,2327074-0,Clearone Finland Oy,2025-12-31,2026-01-29,instant,,2024-12-31,x758,Materiaalit ja palvelut,md103,Tilikauden rahallinen kertymä,24856.09,ISO4217_EUR,2,MCY=x758;REF=x53,https://avoindata.prh.fi/opendata-xbrl-api/v3/financial?businessId=2327074-0&financialDate=2025-12-31
15,2327074-0,Clearone Finland Oy,2025-12-31,2026-01-29,instant,,2025-12-31,x6,Palkat ja palkkiot,md103,Tilikauden rahallinen kertymä,0.00,ISO4217_EUR,2,MCY=x6,https://avoindata.prh.fi/opendata-xbrl-api/v3/financial?businessId=2327074-0&financialDate=2025-12-31
15,2327074-0,Clearone Finland Oy,2025-12-31,2026-01-29,instant,,2024-12-31,x6,Palkat ja palkkiot,md103,Tilikauden rahallinen kertymä,33600.00,ISO4217_EUR,2,MCY=x6;REF=x53,https://avoindata.prh.fi/opendata-xbrl-api/v3/financial?businessId=2327074-0&financialDate=2025-12-31
15,2327074-0,Clearone Finland Oy,2025-12-31,2026-01-29,instant,,2025-12-31,x8,Eläkekulut,md103,Tilikauden rahallinen kertymä,4523.88,ISO4217_EUR,2,MCY=x8,https://avoindata.prh.fi/opendata-xbrl-api/v3/financial?businessId=2327074-0&financialDate=2025-12-31
15,2327074-0,Clearone Finland Oy,2025-12-31,2026-01-29,instant,,2024-12-31,x8,Eläkekulut,md103,Tilikauden rahallinen kertymä,4422.72,ISO4217_EUR,2,MCY=x8;REF=x53,https://avoindata.prh.fi/opendata-xbrl-api/v3/financial?businessId=2327074-0&financialDate=2025-12-31
15,2327074-0,Clearone Finland Oy,2025-12-31,2026-01-29,instant,,2025-12-31,x9,Muut henkilösivukulut,md103,Tilikauden rahallinen kertymä,946.19,ISO4217_EUR,2,MCY=x9,https://avoindata.prh.fi/opendata-xbrl-api/v3/financial?businessId=2327074-0&financialDate=2025-12-31
15,2327074-0,Clearone Finland Oy,2025-12-31,2026-01-29,instant,,2024-12-31,x9,Muut henkilösivukulut,md103,Tilikauden rahallinen kertymä,625.16,ISO4217_EUR,2,MCY=x9;REF=x53,https://avoindata.prh.fi/opendata-xbrl-api/v3/financial?businessId=2327074-0&financialDate=2025-12-31
15,2327074-0,Clearone Finland Oy,2025-12-31,2026-01-29,instant,,2025-12-31,x5,Henkilöstökulut,md103,Tilikauden rahallinen kertymä,5470.07,ISO4217_EUR,2,MCY=x5,https://avoindata.prh.fi/opendata-xbrl-api/v3/financial?businessId=2327074-0&financialDate=2025-12-31
15,2327074-0,Clearone Finland Oy,2025-12-31,2026-01-29,instant,,2024-12-31,x5,Henkilöstökulut,md103,Tilikauden rahallinen kertymä,38647.88,ISO4217_EUR,2,MCY=x5;REF=x53,https://avoindata.prh.fi/opendata-xbrl-api/v3/financial?businessId=2327074-0&financialDate=2025-12-31
15,2327074-0,Clearone Finland Oy,2025-12-31,2026-01-29,instant,,2025-12-31,x449,Suunnitelman mukaiset poistot,md103,Tilikauden rahallinen kertymä,1983.97,ISO4217_EUR,2,MCY=x449,https://avoindata.prh.fi/opendata-xbrl-api/v3/financial?businessId=2327074-0&financialDate=2025-12-31
15,2327074-0,Clearone Finland Oy,2025-12-31,2026-01-29,instant,,2024-12-31,x449,Suunnitelman mukaiset poistot,md103,Tilikauden rahallinen kertymä,2645.29,ISO4217_EUR,2,MCY=x449;REF=x53,https://avoindata.prh.fi/opendata-xbrl-api/v3/financial?businessId=2327074-0&financialDate=2025-12-31
15,2327074-0,Clearone Finland Oy,2025-12-31,2026-01-29,instant,,2025-12-31,x448,Poistot ja arvonalentumiset,md103,Tilikauden rahallinen kertymä,1983.97,ISO4217_EUR,2,MCY=x448,https://avoindata.prh.fi/opendata-xbrl-api/v3/financial?businessId=2327074-0&financialDate=2025-12-31
15,2327074-0,Clearone Finland Oy,2025-12-31,2026-01-29,instant,,2024-12-31,x448,Poistot ja arvonalentumiset,md103,Tilikauden rahallinen kertymä,2645.29,ISO4217_EUR,2,MCY=x448;REF=x53,https://avoindata.prh.fi/opendata-xbrl-api/v3/financial?businessId=2327074-0&financialDate=2025-12-31
15,2327074-0,Clearone Finland Oy,2025-12-31,2026-01-29,instant,,2025-12-31,x1869,Liiketoiminnan muut kulut,md103,Tilikauden rahallinen kertymä,41178.70,ISO4217_EUR,2,MCY=x1869,https://avoindata.prh.fi/opendata-xbrl-api/v3/financial?businessId=2327074-0&financialDate=2025-12-31
15,2327074-0,Clearone Finland Oy,2025-12-31,2026-01-29,instant,,2024-12-31,x1869,Liiketoiminnan muut kulut,md103,Tilikauden rahallinen kertymä,52311.29,ISO4217_EUR,2,MCY=x1869;REF=x53,https://avoindata.prh.fi/opendata-xbrl-api/v3/financial?businessId=2327074-0&financialDate=2025-12-31
15,2327074-0,Clearone Finland Oy,2025-12-31,2026-01-29,instant,,2025-12-31,x689,Liikevoitto (-tappio),md103,Tilikauden rahallinen kertymä,-2175.50,ISO4217_EUR,2,MCY=x689,https://avoindata.prh.fi/opendata-xbrl-api/v3/financial?businessId=2327074-0&financialDate=2025-12-31
15,2327074-0,Clearone Finland Oy,2025-12-31,2026-01-29,instant,,2024-12-31,x689,Liikevoitto (-tappio),md103,Tilikauden rahallinen kertymä,-9158.93,ISO4217_EUR,2,MCY=x689;REF=x53,https://avoindata.prh.fi/opendata-xbrl-api/v3/financial?businessId=2327074-0&financialDate=2025-12-31
15,2327074-0,Clearone Finland Oy,2025-12-31,2026-01-29,instant,,2025-12-31,x4014,Muut korko- ja rahoitustuotot muilta kuin saman konsernin yrityksiltä,md103,Tilikauden rahallinen kertymä,25.81,ISO4217_EUR,2,MCY=x4014,https://avoindata.prh.fi/opendata-xbrl-api/v3/financial?businessId=2327074-0&financialDate=2025-12-31
15,2327074-0,Clearone Finland Oy,2025-12-31,2026-01-29,instant,,2024-12-31,x4014,Muut korko- ja rahoitustuotot muilta kuin saman konsernin yrityksiltä,md103,Tilikauden rahallinen kertymä,46.19,ISO4217_EUR,2,MCY=x4014;REF=x53,https://avoindata.prh.fi/opendata-xbrl-api/v3/financial?businessId=2327074-0&financialDate=2025-12-31
15,2327074-0,Clearone Finland Oy,2025-12-31,2026-01-29,instant,,2025-12-31,x4046,Korkokulut- ja muut rahoituskulut muille kuin saman konsernin yrityksille,md103,Tilikauden rahallinen kertymä,152.58,ISO4217_EUR,2,MCY=x4046,https://avoindata.prh.fi/opendata-xbrl-api/v3/financial?businessId=2327074-0&financialDate=2025-12-31
15,2327074-0,Clearone Finland Oy,2025-12-31,2026-01-29,instant,,2024-12-31,x4046,Korkokulut- ja muut rahoituskulut muille kuin saman konsernin yrityksille,md103,Tilikauden rahallinen kertymä,104.67,ISO4217_EUR,2,MCY=x4046;REF=x53,https://avoindata.prh.fi/opendata-xbrl-api/v3/financial?businessId=2327074-0&financialDate=2025-12-31
15,2327074-0,Clearone Finland Oy,2025-12-31,2026-01-29,instant,,2025-12-31,x12,Rahoitustuotot ja -kulut + (-),md103,Tilikauden rahallinen kertymä,126.77,ISO4217_EUR,2,MCY=x12,https://avoindata.prh.fi/opendata-xbrl-api/v3/financial?businessId=2327074-0&financialDate=2025-12-31
15,2327074-0,Clearone Finland Oy,2025-12-31,2026-01-29,instant,,2024-12-31,x12,Rahoitustuotot ja -kulut + (-),md103,Tilikauden rahallinen kertymä,58.48,ISO4217_EUR,2,MCY=x12;REF=x53,https://avoindata.prh.fi/opendata-xbrl-api/v3/financial?businessId=2327074-0&financialDate=2025-12-31
15,2327074-0,Clearone Finland Oy,2025-12-31,2026-01-29,instant,,2025-12-31,x738,Voitto (tappio) ennen tilinpäätössiirtoja ja veroja,md103,Tilikauden rahallinen kertymä,-2302.27,ISO4217_EUR,2,MCY=x738,https://avoindata.prh.fi/opendata-xbrl-api/v3/financial?businessId=2327074-0&financialDate=2025-12-31
15,2327074-0,Clearone Finland Oy,2025-12-31,2026-01-29,instant,,2024-12-31,x738,Voitto (tappio) ennen tilinpäätössiirtoja ja veroja,md103,Tilikauden rahallinen kertymä,-9217.41,ISO4217_EUR,2,MCY=x738;REF=x53,https://avoindata.prh.fi/opendata-xbrl-api/v3/financial?businessId=2327074-0&financialDate=2025-12-31
15,2327074-0,Clearone Finland Oy,2025-12-31,2026-01-29,instant,,2025-12-31,x740,Tilikauden voitto (tappio),md103,Tilikauden rahallinen kertymä,-2302.27,ISO4217_EUR,2,MCY=x740,https://avoindata.prh.fi/opendata-xbrl-api/v3/financial?businessId=2327074-0&financialDate=2025-12-31
15,2327074-0,Clearone Finland Oy,2025-12-31,2026-01-29,instant,,2024-12-31,x740,Tilikauden voitto (tappio),md103,Tilikauden rahallinen kertymä,-9217.41,ISO4217_EUR,2,MCY=x740;REF=x53,https://avoindata.prh.fi/opendata-xbrl-api/v3/financial?businessId=2327074-0&financialDate=2025-12-31
16,2328418-1,EP:n Apuvälinekeskus Oy,2023-03-31,2023-08-23,instant,,2023-03-31,x1036,Koneet ja kalusto,mi53,Kirjanpitoarvo,11009.61,ISO4217_EUR,2,MCY=x1036,https://avoindata.prh.fi/opendata-xbrl-api/v3/financial?businessId=2328418-1&financialDate=2023-03-31
16,2328418-1,EP:n Apuvälinekeskus Oy,2023-03-31,2023-08-23,instant,,2022-03-31,x1036,Koneet ja kalusto,mi53,Kirjanpitoarvo,13428.46,ISO4217_EUR,2,MCY=x1036;REF=x4,https://avoindata.prh.fi/opendata-xbrl-api/v3/financial?businessId=2328418-1&financialDate=2023-03-31
16,2328418-1,EP:n Apuvälinekeskus Oy,2023-03-31,2023-08-23,instant,,2023-03-31,x816,Aineelliset hyödykkeet,mi53,Kirjanpitoarvo,11009.61,ISO4217_EUR,2,MCY=x816,https://avoindata.prh.fi/opendata-xbrl-api/v3/financial?businessId=2328418-1&financialDate=2023-03-31
16,2328418-1,EP:n Apuvälinekeskus Oy,2023-03-31,2023-08-23,instant,,2022-03-31,x816,Aineelliset hyödykkeet,mi53,Kirjanpitoarvo,13428.46,ISO4217_EUR,2,MCY=x816;REF=x4,https://avoindata.prh.fi/opendata-xbrl-api/v3/financial?businessId=2328418-1&financialDate=2023-03-31
16,2328418-1,EP:n Apuvälinekeskus Oy,2023-03-31,2023-08-23,instant,,2023-03-31,x1742,Muut osakkeet ja osuudet,mi53,Kirjanpitoarvo,3300.00,ISO4217_EUR,2,MCY=x1742,https://avoindata.prh.fi/opendata-xbrl-api/v3/financial?businessId=2328418-1&financialDate=2023-03-31
16,2328418-1,EP:n Apuvälinekeskus Oy,2023-03-31,2023-08-23,instant,,2022-03-31,x1742,Muut osakkeet ja osuudet,mi53,Kirjanpitoarvo,3300.00,ISO4217_EUR,2,MCY=x1742;REF=x4,https://avoindata.prh.fi/opendata-xbrl-api/v3/financial?businessId=2328418-1&financialDate=2023-03-31
16,2328418-1,EP:n Apuvälinekeskus Oy,2023-03-31,2023-08-23,instant,,2023-03-31,x583,Sijoitukset,mi53,Kirjanpitoarvo,3300.00,ISO4217_EUR,2,MCY=x583,https://avoindata.prh.fi/opendata-xbrl-api/v3/financial?businessId=2328418-1&financialDate=2023-03-31
16,2328418-1,EP:n Apuvälinekeskus Oy,2023-03-31,2023-08-23,instant,,2022-03-31,x583,Sijoitukset,mi53,Kirjanpitoarvo,3300.00,ISO4217_EUR,2,MCY=x583;REF=x4,https://avoindata.prh.fi/opendata-xbrl-api/v3/financial?businessId=2328418-1&financialDate=2023-03-31
16,2328418-1,EP:n Apuvälinekeskus Oy,2023-03-31,2023-08-23,instant,,2023-03-31,x513,Pysyvät vastaavat,mi53,Kirjanpitoarvo,14309.61,ISO4217_EUR,2,MCY=x513,https://avoindata.prh.fi/opendata-xbrl-api/v3/financial?businessId=2328418-1&financialDate=2023-03-31
16,2328418-1,EP:n Apuvälinekeskus Oy,2023-03-31,2023-08-23,instant,,2022-03-31,x513,Pysyvät vastaavat,mi53,Kirjanpitoarvo,16728.46,ISO4217_EUR,2,MCY=x513;REF=x4,https://avoindata.prh.fi/opendata-xbrl-api/v3/financial?businessId=2328418-1&financialDate=2023-03-31
16,2328418-1,EP:n Apuvälinekeskus Oy,2023-03-31,2023-08-23,instant,,2023-03-31,x1758,Keskeneräiset tuotteet,mi53,Kirjanpitoarvo,6000.00,ISO4217_EUR,2,MCY=x1758,https://avoindata.prh.fi/opendata-xbrl-api/v3/financial?businessId=2328418-1&financialDate=2023-03-31
16,2328418-1,EP:n Apuvälinekeskus Oy,2023-03-31,2023-08-23,instant,,2022-03-31,x1758,Keskeneräiset tuotteet,mi53,Kirjanpitoarvo,8000.00,ISO4217_EUR,2,MCY=x1758;REF=x4,https://avoindata.prh.fi/opendata-xbrl-api/v3/financial?businessId=2328418-1&financialDate=2023-03-31
16,2328418-1,EP:n Apuvälinekeskus Oy,2023-03-31,2023-08-23,instant,,2023-03-31,x1759,Valmiit tuotteet,mi53,Kirjanpitoarvo,37000.00,ISO4217_EUR,2,MCY=x1759,https://avoindata.prh.fi/opendata-xbrl-api/v3/financial?businessId=2328418-1&financialDate=2023-03-31
16,2328418-1,EP:n Apuvälinekeskus Oy,2023-03-31,2023-08-23,instant,,2022-03-31,x1759,Valmiit tuotteet,mi53,Kirjanpitoarvo,35000.00,ISO4217_EUR,2,MCY=x1759;REF=x4,https://avoindata.prh.fi/opendata-xbrl-api/v3/financial?businessId=2328418-1&financialDate=2023-03-31
16,2328418-1,EP:n Apuvälinekeskus Oy,2023-03-31,2023-08-23,instant,,2023-03-31,x807,Vaihto-omaisuus,mi53,Kirjanpitoarvo,43000.00,ISO4217_EUR,2,MCY=x807,https://avoindata.prh.fi/opendata-xbrl-api/v3/financial?businessId=2328418-1&financialDate=2023-03-31
16,2328418-1,EP:n Apuvälinekeskus Oy,2023-03-31,2023-08-23,instant,,2022-03-31,x807,Vaihto-omaisuus,mi53,Kirjanpitoarvo,43000.00,ISO4217_EUR,2,MCY=x807;REF=x4,https://avoindata.prh.fi/opendata-xbrl-api/v3/financial?businessId=2328418-1&financialDate=2023-03-31
16,2328418-1,EP:n Apuvälinekeskus Oy,2023-03-31,2023-08-23,instant,,2023-03-31,x1769,Lyhytaikaiset myyntisaamiset,mi53,Kirjanpitoarvo,23674.92,ISO4217_EUR,2,MCY=x1769,https://avoindata.prh.fi/opendata-xbrl-api/v3/financial?businessId=2328418-1&financialDate=2023-03-31
16,2328418-1,EP:n Apuvälinekeskus Oy,2023-03-31,2023-08-23,instant,,2022-03-31,x1769,Lyhytaikaiset myyntisaamiset,mi53,Kirjanpitoarvo,1651.18,ISO4217_EUR,2,MCY=x1769;REF=x4,https://avoindata.prh.fi/opendata-xbrl-api/v3/financial?businessId=2328418-1&financialDate=2023-03-31
16,2328418-1,EP:n Apuvälinekeskus Oy,2023-03-31,2023-08-23,instant,,2023-03-31,x1770,Lyhytaikaiset lainasaamiset,mi53,Kirjanpitoarvo,428.20,ISO4217_EUR,2,MCY=x1770,https://avoindata.prh.fi/opendata-xbrl-api/v3/financial?businessId=2328418-1&financialDate=2023-03-31
16,2328418-1,EP:n Apuvälinekeskus Oy,2023-03-31,2023-08-23,instant,,2022-03-31,x1770,Lyhytaikaiset lainasaamiset,mi53,Kirjanpitoarvo,507.77,ISO4217_EUR,2,MCY=x1770;REF=x4,https://avoindata.prh.fi/opendata-xbrl-api/v3/financial?businessId=2328418-1&financialDate=2023-03-31
16,2328418-1,EP:n Apuvälinekeskus Oy,2023-03-31,2023-08-23,instant,,2023-03-31,x1771,Lyhytaikaiset muut saamiset,mi53,Kirjanpitoarvo,1763.44,ISO4217_EUR,2,MCY=x1771,https://avoindata.prh.fi/opendata-xbrl-api/v3/financial?businessId=2328418-1&financialDate=2023-03-31
16,2328418-1,EP:n Apuvälinekeskus Oy,2023-03-31,2023-08-23,instant,,2022-03-31,x1771,Lyhytaikaiset muut saamiset,mi53,Kirjanpitoarvo,5964.04,ISO4217_EUR,2,MCY=x1771;REF=x4,https://avoindata.prh.fi/opendata-xbrl-api/v3/financial?businessId=2328418-1&financialDate=2023-03-31
16,2328418-1,EP:n Apuvälinekeskus Oy,2023-03-31,2023-08-23,instant,,2023-03-31,x1775,Lyhytaikaiset siirtosaamiset,mi53,Kirjanpitoarvo,3522.17,ISO4217_EUR,2,MCY=x1775,https://avoindata.prh.fi/opendata-xbrl-api/v3/financial?businessId=2328418-1&financialDate=2023-03-31
16,2328418-1,EP:n Apuvälinekeskus Oy,2023-03-31,2023-08-23,instant,,2022-03-31,x1775,Lyhytaikaiset siirtosaamiset,mi53,Kirjanpitoarvo,6129.07,ISO4217_EUR,2,MCY=x1775;REF=x4,https://avoindata.prh.fi/opendata-xbrl-api/v3/financial?businessId=2328418-1&financialDate=2023-03-31
16,2328418-1,EP:n Apuvälinekeskus Oy,2023-03-31,2023-08-23,instant,,2023-03-31,x1768,Lyhytaikaiset saamiset,mi53,Kirjanpitoarvo,29388.73,ISO4217_EUR,2,MCY=x1768,https://avoindata.prh.fi/opendata-xbrl-api/v3/financial?businessId=2328418-1&financialDate=2023-03-31
16,2328418-1,EP:n Apuvälinekeskus Oy,2023-03-31,2023-08-23,instant,,2022-03-31,x1768,Lyhytaikaiset saamiset,mi53,Kirjanpitoarvo,14252.06,ISO4217_EUR,2,MCY=x1768;REF=x4,https://avoindata.prh.fi/opendata-xbrl-api/v3/financial?businessId=2328418-1&financialDate=2023-03-31
16,2328418-1,EP:n Apuvälinekeskus Oy,2023-03-31,2023-08-23,instant,,2023-03-31,x438,Saamiset,mi53,Kirjanpitoarvo,29388.73,ISO4217_EUR,2,MCY=x438,https://avoindata.prh.fi/opendata-xbrl-api/v3/financial?businessId=2328418-1&financialDate=2023-03-31
16,2328418-1,EP:n Apuvälinekeskus Oy,2023-03-31,2023-08-23,instant,,2022-03-31,x438,Saamiset,mi53,Kirjanpitoarvo,14252.06,ISO4217_EUR,2,MCY=x438;REF=x4,https://avoindata.prh.fi/opendata-xbrl-api/v3/financial?businessId=2328418-1&financialDate=2023-03-31
16,2328418-1,EP:n Apuvälinekeskus Oy,2023-03-31,2023-08-23,instant,,2023-03-31,x399,Rahat ja pankkisaamiset,mi53,Kirjanpitoarvo,60413.14,ISO4217_EUR,2,MCY=x399,https://avoindata.prh.fi/opendata-xbrl-api/v3/financial?businessId=2328418-1&financialDate=2023-03-31
16,2328418-1,EP:n Apuvälinekeskus Oy,2023-03-31,2023-08-23,instant,,2022-03-31,x399,Rahat ja pankkisaamiset,mi53,Kirjanpitoarvo,34972.42,ISO4217_EUR,2,MCY=x399;REF=x4,https://avoindata.prh.fi/opendata-xbrl-api/v3/financial?businessId=2328418-1&financialDate=2023-03-31
16,2328418-1,EP:n Apuvälinekeskus Oy,2023-03-31,2023-08-23,instant,,2023-03-31,x435,Vaihtuvat vastaavat,mi53,Kirjanpitoarvo,132801.87,ISO4217_EUR,2,MCY=x435,https://avoindata.prh.fi/opendata-xbrl-api/v3/financial?businessId=2328418-1&financialDate=2023-03-31
16,2328418-1,EP:n Apuvälinekeskus Oy,2023-03-31,2023-08-23,instant,,2022-03-31,x435,Vaihtuvat vastaavat,mi53,Kirjanpitoarvo,92224.48,ISO4217_EUR,2,MCY=x435;REF=x4,https://avoindata.prh.fi/opendata-xbrl-api/v3/financial?businessId=2328418-1&financialDate=2023-03-31
16,2328418-1,EP:n Apuvälinekeskus Oy,2023-03-31,2023-08-23,instant,,2023-03-31,x360,Vastaavaa,mi53,Kirjanpitoarvo,147111.48,ISO4217_EUR,2,MCY=x360,https://avoindata.prh.fi/opendata-xbrl-api/v3/financial?businessId=2328418-1&financialDate=2023-03-31
16,2328418-1,EP:n Apuvälinekeskus Oy,2023-03-31,2023-08-23,instant,,2022-03-31,x360,Vastaavaa,mi53,Kirjanpitoarvo,108952.94,ISO4217_EUR,2,MCY=x360;REF=x4,https://avoindata.prh.fi/opendata-xbrl-api/v3/financial?businessId=2328418-1&financialDate=2023-03-31
16,2328418-1,EP:n Apuvälinekeskus Oy,2023-03-31,2023-08-23,instant,,2023-03-31,x4116,"Osake-, osuus- tai muu vastaava pääoma",mi53,Kirjanpitoarvo,2500.00,ISO4217_EUR,2,MCY=x4116,https://avoindata.prh.fi/opendata-xbrl-api/v3/financial?businessId=2328418-1&financialDate=2023-03-31
16,2328418-1,EP:n Apuvälinekeskus Oy,2023-03-31,2023-08-23,instant,,2022-03-31,x4116,"Osake-, osuus- tai muu vastaava pääoma",mi53,Kirjanpitoarvo,2500.00,ISO4217_EUR,2,MCY=x4116;REF=x4,https://avoindata.prh.fi/opendata-xbrl-api/v3/financial?businessId=2328418-1&financialDate=2023-03-31
16,2328418-1,EP:n Apuvälinekeskus Oy,2023-03-31,2023-08-23,instant,,2023-03-31,x932,Edellisten tilikausien voitto (tappio),mi53,Kirjanpitoarvo,83536.33,ISO4217_EUR,2,MCY=x932,https://avoindata.prh.fi/opendata-xbrl-api/v3/financial?businessId=2328418-1&financialDate=2023-03-31
16,2328418-1,EP:n Apuvälinekeskus Oy,2023-03-31,2023-08-23,instant,,2022-03-31,x932,Edellisten tilikausien voitto (tappio),mi53,Kirjanpitoarvo,84670.13,ISO4217_EUR,2,MCY=x932;REF=x4,https://avoindata.prh.fi/opendata-xbrl-api/v3/financial?businessId=2328418-1&financialDate=2023-03-31
16,2328418-1,EP:n Apuvälinekeskus Oy,2023-03-31,2023-08-23,instant,,2023-03-31,x2895,"Tilikauden voitto (tappio), oma pääoma",mi53,Kirjanpitoarvo,46198.65,ISO4217_EUR,2,MCY=x2895,https://avoindata.prh.fi/opendata-xbrl-api/v3/financial?businessId=2328418-1&financialDate=2023-03-31
16,2328418-1,EP:n Apuvälinekeskus Oy,2023-03-31,2023-08-23,instant,,2022-03-31,x2895,"Tilikauden voitto (tappio), oma pääoma",mi53,Kirjanpitoarvo,6166.20,ISO4217_EUR,2,MCY=x2895;REF=x4,https://avoindata.prh.fi/opendata-xbrl-api/v3/financial?businessId=2328418-1&financialDate=2023-03-31
16,2328418-1,EP:n Apuvälinekeskus Oy,2023-03-31,2023-08-23,instant,,2023-03-31,x376,Oma pääoma,mi53,Kirjanpitoarvo,132234.98,ISO4217_EUR,2,MCY=x376,https://avoindata.prh.fi/opendata-xbrl-api/v3/financial?businessId=2328418-1&financialDate=2023-03-31
16,2328418-1,EP:n Apuvälinekeskus Oy,2023-03-31,2023-08-23,instant,,2022-03-31,x376,Oma pääoma,mi53,Kirjanpitoarvo,93336.33,ISO4217_EUR,2,MCY=x376;REF=x4,https://avoindata.prh.fi/opendata-xbrl-api/v3/financial?businessId=2328418-1&financialDate=2023-03-31
16,2328418-1,EP:n Apuvälinekeskus Oy,2023-03-31,2023-08-23,instant,,2023-03-31,x1819,Lyhytaikaiset ostovelat,mi53,Kirjanpitoarvo,11100.31,ISO4217_EUR,2,MCY=x1819,https://avoindata.prh.fi/opendata-xbrl-api/v3/financial?businessId=2328418-1&financialDate=2023-03-31
16,2328418-1,EP:n Apuvälinekeskus Oy,2023-03-31,2023-08-23,instant,,2022-03-31,x1819,Lyhytaikaiset ostovelat,mi53,Kirjanpitoarvo,14936.58,ISO4217_EUR,2,MCY=x1819;REF=x4,https://avoindata.prh.fi/opendata-xbrl-api/v3/financial?businessId=2328418-1&financialDate=2023-03-31
16,2328418-1,EP:n Apuvälinekeskus Oy,2023-03-31,2023-08-23,instant,,2023-03-31,x1825,Lyhytaikaiset muut velat,mi53,Kirjanpitoarvo,1186.36,ISO4217_EUR,2,MCY=x1825,https://avoindata.prh.fi/opendata-xbrl-api/v3/financial?businessId=2328418-1&financialDate=2023-03-31
16,2328418-1,EP:n Apuvälinekeskus Oy,2023-03-31,2023-08-23,instant,,2022-03-31,x1825,Lyhytaikaiset muut velat,mi53,Kirjanpitoarvo,680.03,ISO4217_EUR,2,MCY=x1825;REF=x4,https://avoindata.prh.fi/opendata-xbrl-api/v3/financial?businessId=2328418-1&financialDate=2023-03-31
16,2328418-1,EP:n Apuvälinekeskus Oy,2023-03-31,2023-08-23,instant,,2023-03-31,x1826,Lyhytaikaiset siirtovelat,mi53,Kirjanpitoarvo,2589.83,ISO4217_EUR,2,MCY=x1826,https://avoindata.prh.fi/opendata-xbrl-api/v3/financial?businessId=2328418-1&financialDate=2023-03-31
16,2328418-1,EP:n Apuvälinekeskus Oy,2023-03-31,2023-08-23,instant,,2022-03-31,x1826,Lyhytaikaiset siirtovelat,mi53,Kirjanpitoarvo,0.00,ISO4217_EUR,2,MCY=x1826;REF=x4,https://avoindata.prh.fi/opendata-xbrl-api/v3/financial?businessId=2328418-1&financialDate=2023-03-31
16,2328418-1,EP:n Apuvälinekeskus Oy,2023-03-31,2023-08-23,instant,,2023-03-31,x1811,Lyhytaikainen vieras pääoma,mi53,Kirjanpitoarvo,14876.50,ISO4217_EUR,2,MCY=x1811,https://avoindata.prh.fi/opendata-xbrl-api/v3/financial?businessId=2328418-1&financialDate=2023-03-31
16,2328418-1,EP:n Apuvälinekeskus Oy,2023-03-31,2023-08-23,instant,,2022-03-31,x1811,Lyhytaikainen vieras pääoma,mi53,Kirjanpitoarvo,15616.61,ISO4217_EUR,2,MCY=x1811;REF=x4,https://avoindata.prh.fi/opendata-xbrl-api/v3/financial?businessId=2328418-1&financialDate=2023-03-31
16,2328418-1,EP:n Apuvälinekeskus Oy,2023-03-31,2023-08-23,instant,,2023-03-31,x424,Vieras pääoma,mi53,Kirjanpitoarvo,14876.50,ISO4217_EUR,2,MCY=x424,https://avoindata.prh.fi/opendata-xbrl-api/v3/financial?businessId=2328418-1&financialDate=2023-03-31
16,2328418-1,EP:n Apuvälinekeskus Oy,2023-03-31,2023-08-23,instant,,2022-03-31,x424,Vieras pääoma,mi53,Kirjanpitoarvo,15616.61,ISO4217_EUR,2,MCY=x424;REF=x4,https://avoindata.prh.fi/opendata-xbrl-api/v3/financial?businessId=2328418-1&financialDate=2023-03-31
16,2328418-1,EP:n Apuvälinekeskus Oy,2023-03-31,2023-08-23,instant,,2023-03-31,x481,Vastattavaa,mi53,Kirjanpitoarvo,147111.48,ISO4217_EUR,2,MCY=x481,https://avoindata.prh.fi/opendata-xbrl-api/v3/financial?businessId=2328418-1&financialDate=2023-03-31
16,2328418-1,EP:n Apuvälinekeskus Oy,2023-03-31,2023-08-23,instant,,2022-03-31,x481,Vastattavaa,mi53,Kirjanpitoarvo,108952.94,ISO4217_EUR,2,MCY=x481;REF=x4,https://avoindata.prh.fi/opendata-xbrl-api/v3/financial?businessId=2328418-1&financialDate=2023-03-31
16,2328418-1,EP:n Apuvälinekeskus Oy,2023-03-31,2023-08-23,instant,,2023-03-31,x673,Liikevaihto,md103,Tilikauden rahallinen kertymä,325987.15,ISO4217_EUR,2,MCY=x673,https://avoindata.prh.fi/opendata-xbrl-api/v3/financial?businessId=2328418-1&financialDate=2023-03-31
16,2328418-1,EP:n Apuvälinekeskus Oy,2023-03-31,2023-08-23,instant,,2022-03-31,x673,Liikevaihto,md103,Tilikauden rahallinen kertymä,228545.14,ISO4217_EUR,2,MCY=x673;REF=x53,https://avoindata.prh.fi/opendata-xbrl-api/v3/financial?businessId=2328418-1&financialDate=2023-03-31
16,2328418-1,EP:n Apuvälinekeskus Oy,2023-03-31,2023-08-23,instant,,2023-03-31,x48,Valmistevarastojen muutos + (-),md103,Tilikauden rahallinen kertymä,-2000.00,ISO4217_EUR,2,MCY=x48,https://avoindata.prh.fi/opendata-xbrl-api/v3/financial?businessId=2328418-1&financialDate=2023-03-31
16,2328418-1,EP:n Apuvälinekeskus Oy,2023-03-31,2023-08-23,instant,,2022-03-31,x48,Valmistevarastojen muutos + (-),md103,Tilikauden rahallinen kertymä,8000.00,ISO4217_EUR,2,MCY=x48;REF=x53,https://avoindata.prh.fi/opendata-xbrl-api/v3/financial?businessId=2328418-1&financialDate=2023-03-31
16,2328418-1,EP:n Apuvälinekeskus Oy,2023-03-31,2023-08-23,instant,,2023-03-31,x755,Ostot tilikauden aikana,md103,Tilikauden rahallinen kertymä,-129266.73,ISO4217_EUR,2,MCY=x755,https://avoindata.prh.fi/opendata-xbrl-api/v3/financial?businessId=2328418-1&financialDate=2023-03-31
16,2328418-1,EP:n Apuvälinekeskus Oy,2023-03-31,2023-08-23,instant,,2022-03-31,x755,Ostot tilikauden aikana,md103,Tilikauden rahallinen kertymä,-107775.92,ISO4217_EUR,2,MCY=x755;REF=x53,https://avoindata.prh.fi/opendata-xbrl-api/v3/financial?businessId=2328418-1&financialDate=2023-03-31
16,2328418-1,EP:n Apuvälinekeskus Oy,2023-03-31,2023-08-23,instant,,2023-03-31,x544,Varastojen lisäys (+) tai vähennys (-),md103,Tilikauden rahallinen kertymä,2000.00,ISO4217_EUR,2,MCY=x544,https://avoindata.prh.fi/opendata-xbrl-api/v3/financial?businessId=2328418-1&financialDate=2023-03-31
16,2328418-1,EP:n Apuvälinekeskus Oy,2023-03-31,2023-08-23,instant,,2022-03-31,x544,Varastojen lisäys (+) tai vähennys (-),md103,Tilikauden rahallinen kertymä,6175.00,ISO4217_EUR,2,MCY=x544;REF=x53,https://avoindata.prh.fi/opendata-xbrl-api/v3/financial?businessId=2328418-1&financialDate=2023-03-31
16,2328418-1,EP:n Apuvälinekeskus Oy,2023-03-31,2023-08-23,instant,,2023-03-31,x10,Palvelujen ostot,md103,Tilikauden rahallinen kertymä,-18811.00,ISO4217_EUR,2,MCY=x10,https://avoindata.prh.fi/opendata-xbrl-api/v3/financial?businessId=2328418-1&financialDate=2023-03-31
16,2328418-1,EP:n Apuvälinekeskus Oy,2023-03-31,2023-08-23,instant,,2022-03-31,x10,Palvelujen ostot,md103,Tilikauden rahallinen kertymä,-9993.85,ISO4217_EUR,2,MCY=x10;REF=x53,https://avoindata.prh.fi/opendata-xbrl-api/v3/financial?businessId=2328418-1&financialDate=2023-03-31
16,2328418-1,EP:n Apuvälinekeskus Oy,2023-03-31,2023-08-23,instant,,2023-03-31,x758,Materiaalit ja palvelut,md103,Tilikauden rahallinen kertymä,-146077.73,ISO4217_EUR,2,MCY=x758,https://avoindata.prh.fi/opendata-xbrl-api/v3/financial?businessId=2328418-1&financialDate=2023-03-31
16,2328418-1,EP:n Apuvälinekeskus Oy,2023-03-31,2023-08-23,instant,,2022-03-31,x758,Materiaalit ja palvelut,md103,Tilikauden rahallinen kertymä,-111594.77,ISO4217_EUR,2,MCY=x758;REF=x53,https://avoindata.prh.fi/opendata-xbrl-api/v3/financial?businessId=2328418-1&financialDate=2023-03-31
16,2328418-1,EP:n Apuvälinekeskus Oy,2023-03-31,2023-08-23,instant,,2023-03-31,x6,Palkat ja palkkiot,md103,Tilikauden rahallinen kertymä,-41843.71,ISO4217_EUR,2,MCY=x6,https://avoindata.prh.fi/opendata-xbrl-api/v3/financial?businessId=2328418-1&financialDate=2023-03-31
16,2328418-1,EP:n Apuvälinekeskus Oy,2023-03-31,2023-08-23,instant,,2022-03-31,x6,Palkat ja palkkiot,md103,Tilikauden rahallinen kertymä,-38984.71,ISO4217_EUR,2,MCY=x6;REF=x53,https://avoindata.prh.fi/opendata-xbrl-api/v3/financial?businessId=2328418-1&financialDate=2023-03-31
16,2328418-1,EP:n Apuvälinekeskus Oy,2023-03-31,2023-08-23,instant,,2023-03-31,x8,Eläkekulut,md103,Tilikauden rahallinen kertymä,-9670.72,ISO4217_EUR,2,MCY=x8,https://avoindata.prh.fi/opendata-xbrl-api/v3/financial?businessId=2328418-1&financialDate=2023-03-31
16,2328418-1,EP:n Apuvälinekeskus Oy,2023-03-31,2023-08-23,instant,,2022-03-31,x8,Eläkekulut,md103,Tilikauden rahallinen kertymä,-8968.59,ISO4217_EUR,2,MCY=x8;REF=x53,https://avoindata.prh.fi/opendata-xbrl-api/v3/financial?businessId=2328418-1&financialDate=2023-03-31
16,2328418-1,EP:n Apuvälinekeskus Oy,2023-03-31,2023-08-23,instant,,2023-03-31,x9,Muut henkilösivukulut,md103,Tilikauden rahallinen kertymä,-2431.71,ISO4217_EUR,2,MCY=x9,https://avoindata.prh.fi/opendata-xbrl-api/v3/financial?businessId=2328418-1&financialDate=2023-03-31
16,2328418-1,EP:n Apuvälinekeskus Oy,2023-03-31,2023-08-23,instant,,2022-03-31,x9,Muut henkilösivukulut,md103,Tilikauden rahallinen kertymä,-2889.98,ISO4217_EUR,2,MCY=x9;REF=x53,https://avoindata.prh.fi/opendata-xbrl-api/v3/financial?businessId=2328418-1&financialDate=2023-03-31
16,2328418-1,EP:n Apuvälinekeskus Oy,2023-03-31,2023-08-23,instant,,2023-03-31,x5,Henkilöstökulut,md103,Tilikauden rahallinen kertymä,-53946.14,ISO4217_EUR,2,MCY=x5,https://avoindata.prh.fi/opendata-xbrl-api/v3/financial?businessId=2328418-1&financialDate=2023-03-31
16,2328418-1,EP:n Apuvälinekeskus Oy,2023-03-31,2023-08-23,instant,,2022-03-31,x5,Henkilöstökulut,md103,Tilikauden rahallinen kertymä,-50843.28,ISO4217_EUR,2,MCY=x5;REF=x53,https://avoindata.prh.fi/opendata-xbrl-api/v3/financial?businessId=2328418-1&financialDate=2023-03-31
16,2328418-1,EP:n Apuvälinekeskus Oy,2023-03-31,2023-08-23,instant,,2023-03-31,x449,Suunnitelman mukaiset poistot,md103,Tilikauden rahallinen kertymä,-3668.85,ISO4217_EUR,2,MCY=x449,https://avoindata.prh.fi/opendata-xbrl-api/v3/financial?businessId=2328418-1&financialDate=2023-03-31
16,2328418-1,EP:n Apuvälinekeskus Oy,2023-03-31,2023-08-23,instant,,2022-03-31,x449,Suunnitelman mukaiset poistot,md103,Tilikauden rahallinen kertymä,-4475.88,ISO4217_EUR,2,MCY=x449;REF=x53,https://avoindata.prh.fi/opendata-xbrl-api/v3/financial?businessId=2328418-1&financialDate=2023-03-31
16,2328418-1,EP:n Apuvälinekeskus Oy,2023-03-31,2023-08-23,instant,,2023-03-31,x448,Poistot ja arvonalentumiset,md103,Tilikauden rahallinen kertymä,-3668.85,ISO4217_EUR,2,MCY=x448,https://avoindata.prh.fi/opendata-xbrl-api/v3/financial?businessId=2328418-1&financialDate=2023-03-31
16,2328418-1,EP:n Apuvälinekeskus Oy,2023-03-31,2023-08-23,instant,,2022-03-31,x448,Poistot ja arvonalentumiset,md103,Tilikauden rahallinen kertymä,-4475.88,ISO4217_EUR,2,MCY=x448;REF=x53,https://avoindata.prh.fi/opendata-xbrl-api/v3/financial?businessId=2328418-1&financialDate=2023-03-31
16,2328418-1,EP:n Apuvälinekeskus Oy,2023-03-31,2023-08-23,instant,,2023-03-31,x1869,Liiketoiminnan muut kulut,md103,Tilikauden rahallinen kertymä,-62570.13,ISO4217_EUR,2,MCY=x1869,https://avoindata.prh.fi/opendata-xbrl-api/v3/financial?businessId=2328418-1&financialDate=2023-03-31
16,2328418-1,EP:n Apuvälinekeskus Oy,2023-03-31,2023-08-23,instant,,2022-03-31,x1869,Liiketoiminnan muut kulut,md103,Tilikauden rahallinen kertymä,-61786.18,ISO4217_EUR,2,MCY=x1869;REF=x53,https://avoindata.prh.fi/opendata-xbrl-api/v3/financial?businessId=2328418-1&financialDate=2023-03-31
16,2328418-1,EP:n Apuvälinekeskus Oy,2023-03-31,2023-08-23,instant,,2023-03-31,x689,Liikevoitto (-tappio),md103,Tilikauden rahallinen kertymä,57724.30,ISO4217_EUR,2,MCY=x689,https://avoindata.prh.fi/opendata-xbrl-api/v3/financial?businessId=2328418-1&financialDate=2023-03-31
16,2328418-1,EP:n Apuvälinekeskus Oy,2023-03-31,2023-08-23,instant,,2022-03-31,x689,Liikevoitto (-tappio),md103,Tilikauden rahallinen kertymä,7845.03,ISO4217_EUR,2,MCY=x689;REF=x53,https://avoindata.prh.fi/opendata-xbrl-api/v3/financial?businessId=2328418-1&financialDate=2023-03-31
16,2328418-1,EP:n Apuvälinekeskus Oy,2023-03-31,2023-08-23,instant,,2023-03-31,x4014,Muut korko- ja rahoitustuotot muilta kuin saman konsernin yrityksiltä,md103,Tilikauden rahallinen kertymä,19.32,ISO4217_EUR,2,MCY=x4014,https://avoindata.prh.fi/opendata-xbrl-api/v3/financial?businessId=2328418-1&financialDate=2023-03-31
16,2328418-1,EP:n Apuvälinekeskus Oy,2023-03-31,2023-08-23,instant,,2022-03-31,x4014,Muut korko- ja rahoitustuotot muilta kuin saman konsernin yrityksiltä,md103,Tilikauden rahallinen kertymä,0.05,ISO4217_EUR,2,MCY=x4014;REF=x53,https://avoindata.prh.fi/opendata-xbrl-api/v3/financial?businessId=2328418-1&financialDate=2023-03-31
16,2328418-1,EP:n Apuvälinekeskus Oy,2023-03-31,2023-08-23,instant,,2023-03-31,x4046,Korkokulut- ja muut rahoituskulut muille kuin saman konsernin yrityksille,md103,Tilikauden rahallinen kertymä,-0.14,ISO4217_EUR,2,MCY=x4046,https://avoindata.prh.fi/opendata-xbrl-api/v3/financial?businessId=2328418-1&financialDate=2023-03-31
16,2328418-1,EP:n Apuvälinekeskus Oy,2023-03-31,2023-08-23,instant,,2022-03-31,x4046,Korkokulut- ja muut rahoituskulut muille kuin saman konsernin yrityksille,md103,Tilikauden rahallinen kertymä,-99.97,ISO4217_EUR,2,MCY=x4046;REF=x53,https://avoindata.prh.fi/opendata-xbrl-api/v3/financial?businessId=2328418-1&financialDate=2023-03-31
16,2328418-1,EP:n Apuvälinekeskus Oy,2023-03-31,2023-08-23,instant,,2023-03-31,x12,Rahoitustuotot ja -kulut + (-),md103,Tilikauden rahallinen kertymä,19.18,ISO4217_EUR,2,MCY=x12,https://avoindata.prh.fi/opendata-xbrl-api/v3/financial?businessId=2328418-1&financialDate=2023-03-31
16,2328418-1,EP:n Apuvälinekeskus Oy,2023-03-31,2023-08-23,instant,,2022-03-31,x12,Rahoitustuotot ja -kulut + (-),md103,Tilikauden rahallinen kertymä,-99.92,ISO4217_EUR,2,MCY=x12;REF=x53,https://avoindata.prh.fi/opendata-xbrl-api/v3/financial?businessId=2328418-1&financialDate=2023-03-31
16,2328418-1,EP:n Apuvälinekeskus Oy,2023-03-31,2023-08-23,instant,,2023-03-31,x738,Voitto (tappio) ennen tilinpäätössiirtoja ja veroja,md103,Tilikauden rahallinen kertymä,57743.48,ISO4217_EUR,2,MCY=x738,https://avoindata.prh.fi/opendata-xbrl-api/v3/financial?businessId=2328418-1&financialDate=2023-03-31
16,2328418-1,EP:n Apuvälinekeskus Oy,2023-03-31,2023-08-23,instant,,2022-03-31,x738,Voitto (tappio) ennen tilinpäätössiirtoja ja veroja,md103,Tilikauden rahallinen kertymä,7745.11,ISO4217_EUR,2,MCY=x738;REF=x53,https://avoindata.prh.fi/opendata-xbrl-api/v3/financial?businessId=2328418-1&financialDate=2023-03-31
16,2328418-1,EP:n Apuvälinekeskus Oy,2023-03-31,2023-08-23,instant,,2023-03-31,x541,Tuloverot,md103,Tilikauden rahallinen kertymä,-11544.83,ISO4217_EUR,2,MCY=x541,https://avoindata.prh.fi/opendata-xbrl-api/v3/financial?businessId=2328418-1&financialDate=2023-03-31
16,2328418-1,EP:n Apuvälinekeskus Oy,2023-03-31,2023-08-23,instant,,2022-03-31,x541,Tuloverot,md103,Tilikauden rahallinen kertymä,-1578.91,ISO4217_EUR,2,MCY=x541;REF=x53,https://avoindata.prh.fi/opendata-xbrl-api/v3/financial?businessId=2328418-1&financialDate=2023-03-31
16,2328418-1,EP:n Apuvälinekeskus Oy,2023-03-31,2023-08-23,instant,,2023-03-31,x740,Tilikauden voitto (tappio),md103,Tilikauden rahallinen kertymä,46198.65,ISO4217_EUR,2,MCY=x740,https://avoindata.prh.fi/opendata-xbrl-api/v3/financial?businessId=2328418-1&financialDate=2023-03-31
16,2328418-1,EP:n Apuvälinekeskus Oy,2023-03-31,2023-08-23,instant,,2022-03-31,x740,Tilikauden voitto (tappio),md103,Tilikauden rahallinen kertymä,6166.20,ISO4217_EUR,2,MCY=x740;REF=x53,https://avoindata.prh.fi/opendata-xbrl-api/v3/financial?businessId=2328418-1&financialDate=2023-03-31
17,2629656-7,FIREHORSE OY,2025-06-30,2025-10-08,instant,,2025-06-30,x1036,Koneet ja kalusto,mi53,Kirjanpitoarvo,17740.67,ISO4217_EUR,2,MCY=x1036,https://avoindata.prh.fi/opendata-xbrl-api/v3/financial?businessId=2629656-7&financialDate=2025-06-30
17,2629656-7,FIREHORSE OY,2025-06-30,2025-10-08,instant,,2024-06-30,x1036,Koneet ja kalusto,mi53,Kirjanpitoarvo,23654.25,ISO4217_EUR,2,MCY=x1036;REF=x4,https://avoindata.prh.fi/opendata-xbrl-api/v3/financial?businessId=2629656-7&financialDate=2025-06-30
17,2629656-7,FIREHORSE OY,2025-06-30,2025-10-08,instant,,2025-06-30,x1729,Muut aineelliset hyödykkeet,mi53,Kirjanpitoarvo,0.00,ISO4217_EUR,2,MCY=x1729,https://avoindata.prh.fi/opendata-xbrl-api/v3/financial?businessId=2629656-7&financialDate=2025-06-30
17,2629656-7,FIREHORSE OY,2025-06-30,2025-10-08,instant,,2024-06-30,x1729,Muut aineelliset hyödykkeet,mi53,Kirjanpitoarvo,42.00,ISO4217_EUR,2,MCY=x1729;REF=x4,https://avoindata.prh.fi/opendata-xbrl-api/v3/financial?businessId=2629656-7&financialDate=2025-06-30
17,2629656-7,FIREHORSE OY,2025-06-30,2025-10-08,instant,,2025-06-30,x816,Aineelliset hyödykkeet,mi53,Kirjanpitoarvo,17740.67,ISO4217_EUR,2,MCY=x816,https://avoindata.prh.fi/opendata-xbrl-api/v3/financial?businessId=2629656-7&financialDate=2025-06-30
17,2629656-7,FIREHORSE OY,2025-06-30,2025-10-08,instant,,2024-06-30,x816,Aineelliset hyödykkeet,mi53,Kirjanpitoarvo,23696.25,ISO4217_EUR,2,MCY=x816;REF=x4,https://avoindata.prh.fi/opendata-xbrl-api/v3/financial?businessId=2629656-7&financialDate=2025-06-30
17,2629656-7,FIREHORSE OY,2025-06-30,2025-10-08,instant,,2025-06-30,x513,Pysyvät vastaavat,mi53,Kirjanpitoarvo,17740.67,ISO4217_EUR,2,MCY=x513,https://avoindata.prh.fi/opendata-xbrl-api/v3/financial?businessId=2629656-7&financialDate=2025-06-30
17,2629656-7,FIREHORSE OY,2025-06-30,2025-10-08,instant,,2024-06-30,x513,Pysyvät vastaavat,mi53,Kirjanpitoarvo,23696.25,ISO4217_EUR,2,MCY=x513;REF=x4,https://avoindata.prh.fi/opendata-xbrl-api/v3/financial?businessId=2629656-7&financialDate=2025-06-30
17,2629656-7,FIREHORSE OY,2025-06-30,2025-10-08,instant,,2025-06-30,x1769,Lyhytaikaiset myyntisaamiset,mi53,Kirjanpitoarvo,29912.08,ISO4217_EUR,2,MCY=x1769,https://avoindata.prh.fi/opendata-xbrl-api/v3/financial?businessId=2629656-7&financialDate=2025-06-30
17,2629656-7,FIREHORSE OY,2025-06-30,2025-10-08,instant,,2024-06-30,x1769,Lyhytaikaiset myyntisaamiset,mi53,Kirjanpitoarvo,0.00,ISO4217_EUR,2,MCY=x1769;REF=x4,https://avoindata.prh.fi/opendata-xbrl-api/v3/financial?businessId=2629656-7&financialDate=2025-06-30
17,2629656-7,FIREHORSE OY,2025-06-30,2025-10-08,instant,,2025-06-30,x1771,Lyhytaikaiset muut saamiset,mi53,Kirjanpitoarvo,1549.27,ISO4217_EUR,2,MCY=x1771,https://avoindata.prh.fi/opendata-xbrl-api/v3/financial?businessId=2629656-7&financialDate=2025-06-30
17,2629656-7,FIREHORSE OY,2025-06-30,2025-10-08,instant,,2024-06-30,x1771,Lyhytaikaiset muut saamiset,mi53,Kirjanpitoarvo,0.00,ISO4217_EUR,2,MCY=x1771;REF=x4,https://avoindata.prh.fi/opendata-xbrl-api/v3/financial?businessId=2629656-7&financialDate=2025-06-30
17,2629656-7,FIREHORSE OY,2025-06-30,2025-10-08,instant,,2025-06-30,x1775,Lyhytaikaiset siirtosaamiset,mi53,Kirjanpitoarvo,0.00,ISO4217_EUR,2,MCY=x1775,https://avoindata.prh.fi/opendata-xbrl-api/v3/financial?businessId=2629656-7&financialDate=2025-06-30
17,2629656-7,FIREHORSE OY,2025-06-30,2025-10-08,instant,,2024-06-30,x1775,Lyhytaikaiset siirtosaamiset,mi53,Kirjanpitoarvo,155.15,ISO4217_EUR,2,MCY=x1775;REF=x4,https://avoindata.prh.fi/opendata-xbrl-api/v3/financial?businessId=2629656-7&financialDate=2025-06-30
17,2629656-7,FIREHORSE OY,2025-06-30,2025-10-08,instant,,2025-06-30,x1768,Lyhytaikaiset saamiset,mi53,Kirjanpitoarvo,31461.35,ISO4217_EUR,2,MCY=x1768,https://avoindata.prh.fi/opendata-xbrl-api/v3/financial?businessId=2629656-7&financialDate=2025-06-30
17,2629656-7,FIREHORSE OY,2025-06-30,2025-10-08,instant,,2024-06-30,x1768,Lyhytaikaiset saamiset,mi53,Kirjanpitoarvo,155.15,ISO4217_EUR,2,MCY=x1768;REF=x4,https://avoindata.prh.fi/opendata-xbrl-api/v3/financial?businessId=2629656-7&financialDate=2025-06-30
17,2629656-7,FIREHORSE OY,2025-06-30,2025-10-08,instant,,2025-06-30,x438,Saamiset,mi53,Kirjanpitoarvo,31461.35,ISO4217_EUR,2,MCY=x438,https://avoindata.prh.fi/opendata-xbrl-api/v3/financial?businessId=2629656-7&financialDate=2025-06-30
17,2629656-7,FIREHORSE OY,2025-06-30,2025-10-08,instant,,2024-06-30,x438,Saamiset,mi53,Kirjanpitoarvo,155.15,ISO4217_EUR,2,MCY=x438;REF=x4,https://avoindata.prh.fi/opendata-xbrl-api/v3/financial?businessId=2629656-7&financialDate=2025-06-30
17,2629656-7,FIREHORSE OY,2025-06-30,2025-10-08,instant,,2025-06-30,x399,Rahat ja pankkisaamiset,mi53,Kirjanpitoarvo,23738.60,ISO4217_EUR,2,MCY=x399,https://avoindata.prh.fi/opendata-xbrl-api/v3/financial?businessId=2629656-7&financialDate=2025-06-30
17,2629656-7,FIREHORSE OY,2025-06-30,2025-10-08,instant,,2024-06-30,x399,Rahat ja pankkisaamiset,mi53,Kirjanpitoarvo,3835.96,ISO4217_EUR,2,MCY=x399;REF=x4,https://avoindata.prh.fi/opendata-xbrl-api/v3/financial?businessId=2629656-7&financialDate=2025-06-30
17,2629656-7,FIREHORSE OY,2025-06-30,2025-10-08,instant,,2025-06-30,x435,Vaihtuvat vastaavat,mi53,Kirjanpitoarvo,55199.95,ISO4217_EUR,2,MCY=x435,https://avoindata.prh.fi/opendata-xbrl-api/v3/financial?businessId=2629656-7&financialDate=2025-06-30
17,2629656-7,FIREHORSE OY,2025-06-30,2025-10-08,instant,,2024-06-30,x435,Vaihtuvat vastaavat,mi53,Kirjanpitoarvo,3991.11,ISO4217_EUR,2,MCY=x435;REF=x4,https://avoindata.prh.fi/opendata-xbrl-api/v3/financial?businessId=2629656-7&financialDate=2025-06-30
17,2629656-7,FIREHORSE OY,2025-06-30,2025-10-08,instant,,2025-06-30,x360,Vastaavaa,mi53,Kirjanpitoarvo,72940.62,ISO4217_EUR,2,MCY=x360,https://avoindata.prh.fi/opendata-xbrl-api/v3/financial?businessId=2629656-7&financialDate=2025-06-30
17,2629656-7,FIREHORSE OY,2025-06-30,2025-10-08,instant,,2024-06-30,x360,Vastaavaa,mi53,Kirjanpitoarvo,27687.36,ISO4217_EUR,2,MCY=x360;REF=x4,https://avoindata.prh.fi/opendata-xbrl-api/v3/financial?businessId=2629656-7&financialDate=2025-06-30
17,2629656-7,FIREHORSE OY,2025-06-30,2025-10-08,instant,,2025-06-30,x4116,"Osake-, osuus- tai muu vastaava pääoma",mi53,Kirjanpitoarvo,2500.00,ISO4217_EUR,2,MCY=x4116,https://avoindata.prh.fi/opendata-xbrl-api/v3/financial?businessId=2629656-7&financialDate=2025-06-30
17,2629656-7,FIREHORSE OY,2025-06-30,2025-10-08,instant,,2024-06-30,x4116,"Osake-, osuus- tai muu vastaava pääoma",mi53,Kirjanpitoarvo,2500.00,ISO4217_EUR,2,MCY=x4116;REF=x4,https://avoindata.prh.fi/opendata-xbrl-api/v3/financial?businessId=2629656-7&financialDate=2025-06-30
17,2629656-7,FIREHORSE OY,2025-06-30,2025-10-08,instant,,2025-06-30,x924,Sijoitetun vapaan oman pääoman rahasto,mi53,Kirjanpitoarvo,45014.01,ISO4217_EUR,2,MCY=x924,https://avoindata.prh.fi/opendata-xbrl-api/v3/financial?businessId=2629656-7&financialDate=2025-06-30
17,2629656-7,FIREHORSE OY,2025-06-30,2025-10-08,instant,,2024-06-30,x924,Sijoitetun vapaan oman pääoman rahasto,mi53,Kirjanpitoarvo,71414.01,ISO4217_EUR,2,MCY=x924;REF=x4,https://avoindata.prh.fi/opendata-xbrl-api/v3/financial?businessId=2629656-7&financialDate=2025-06-30
17,2629656-7,FIREHORSE OY,2025-06-30,2025-10-08,instant,,2025-06-30,x932,Edellisten tilikausien voitto (tappio),mi53,Kirjanpitoarvo,-73608.68,ISO4217_EUR,2,MCY=x932,https://avoindata.prh.fi/opendata-xbrl-api/v3/financial?businessId=2629656-7&financialDate=2025-06-30
17,2629656-7,FIREHORSE OY,2025-06-30,2025-10-08,instant,,2024-06-30,x932,Edellisten tilikausien voitto (tappio),mi53,Kirjanpitoarvo,-57966.93,ISO4217_EUR,2,MCY=x932;REF=x4,https://avoindata.prh.fi/opendata-xbrl-api/v3/financial?businessId=2629656-7&financialDate=2025-06-30
17,2629656-7,FIREHORSE OY,2025-06-30,2025-10-08,instant,,2025-06-30,x2895,"Tilikauden voitto (tappio), oma pääoma",mi53,Kirjanpitoarvo,38629.79,ISO4217_EUR,2,MCY=x2895,https://avoindata.prh.fi/opendata-xbrl-api/v3/financial?businessId=2629656-7&financialDate=2025-06-30
17,2629656-7,FIREHORSE OY,2025-06-30,2025-10-08,instant,,2024-06-30,x2895,"Tilikauden voitto (tappio), oma pääoma",mi53,Kirjanpitoarvo,-15641.75,ISO4217_EUR,2,MCY=x2895;REF=x4,https://avoindata.prh.fi/opendata-xbrl-api/v3/financial?businessId=2629656-7&financialDate=2025-06-30
17,2629656-7,FIREHORSE OY,2025-06-30,2025-10-08,instant,,2025-06-30,x376,Oma pääoma,mi53,Kirjanpitoarvo,12535.12,ISO4217_EUR,2,MCY=x376,https://avoindata.prh.fi/opendata-xbrl-api/v3/financial?businessId=2629656-7&financialDate=2025-06-30
17,2629656-7,FIREHORSE OY,2025-06-30,2025-10-08,instant,,2024-06-30,x376,Oma pääoma,mi53,Kirjanpitoarvo,305.33,ISO4217_EUR,2,MCY=x376;REF=x4,https://avoindata.prh.fi/opendata-xbrl-api/v3/financial?businessId=2629656-7&financialDate=2025-06-30
17,2629656-7,FIREHORSE OY,2025-06-30,2025-10-08,instant,,2025-06-30,x1819,Lyhytaikaiset ostovelat,mi53,Kirjanpitoarvo,6315.52,ISO4217_EUR,2,MCY=x1819,https://avoindata.prh.fi/opendata-xbrl-api/v3/financial?businessId=2629656-7&financialDate=2025-06-30
17,2629656-7,FIREHORSE OY,2025-06-30,2025-10-08,instant,,2024-06-30,x1819,Lyhytaikaiset ostovelat,mi53,Kirjanpitoarvo,1492.69,ISO4217_EUR,2,MCY=x1819;REF=x4,https://avoindata.prh.fi/opendata-xbrl-api/v3/financial?businessId=2629656-7&financialDate=2025-06-30
17,2629656-7,FIREHORSE OY,2025-06-30,2025-10-08,instant,,2025-06-30,x1825,Lyhytaikaiset muut velat,mi53,Kirjanpitoarvo,26078.55,ISO4217_EUR,2,MCY=x1825,https://avoindata.prh.fi/opendata-xbrl-api/v3/financial?businessId=2629656-7&financialDate=2025-06-30
17,2629656-7,FIREHORSE OY,2025-06-30,2025-10-08,instant,,2024-06-30,x1825,Lyhytaikaiset muut velat,mi53,Kirjanpitoarvo,25889.34,ISO4217_EUR,2,MCY=x1825;REF=x4,https://avoindata.prh.fi/opendata-xbrl-api/v3/financial?businessId=2629656-7&financialDate=2025-06-30
17,2629656-7,FIREHORSE OY,2025-06-30,2025-10-08,instant,,2025-06-30,x1826,Lyhytaikaiset siirtovelat,mi53,Kirjanpitoarvo,28011.43,ISO4217_EUR,2,MCY=x1826,https://avoindata.prh.fi/opendata-xbrl-api/v3/financial?businessId=2629656-7&financialDate=2025-06-30
17,2629656-7,FIREHORSE OY,2025-06-30,2025-10-08,instant,,2024-06-30,x1826,Lyhytaikaiset siirtovelat,mi53,Kirjanpitoarvo,0.00,ISO4217_EUR,2,MCY=x1826;REF=x4,https://avoindata.prh.fi/opendata-xbrl-api/v3/financial?businessId=2629656-7&financialDate=2025-06-30
17,2629656-7,FIREHORSE OY,2025-06-30,2025-10-08,instant,,2025-06-30,x1811,Lyhytaikainen vieras pääoma,mi53,Kirjanpitoarvo,60405.50,ISO4217_EUR,2,MCY=x1811,https://avoindata.prh.fi/opendata-xbrl-api/v3/financial?businessId=2629656-7&financialDate=2025-06-30
17,2629656-7,FIREHORSE OY,2025-06-30,2025-10-08,instant,,2024-06-30,x1811,Lyhytaikainen vieras pääoma,mi53,Kirjanpitoarvo,27382.03,ISO4217_EUR,2,MCY=x1811;REF=x4,https://avoindata.prh.fi/opendata-xbrl-api/v3/financial?businessId=2629656-7&financialDate=2025-06-30
17,2629656-7,FIREHORSE OY,2025-06-30,2025-10-08,instant,,2025-06-30,x424,Vieras pääoma,mi53,Kirjanpitoarvo,60405.50,ISO4217_EUR,2,MCY=x424,https://avoindata.prh.fi/opendata-xbrl-api/v3/financial?businessId=2629656-7&financialDate=2025-06-30
17,2629656-7,FIREHORSE OY,2025-06-30,2025-10-08,instant,,2024-06-30,x424,Vieras pääoma,mi53,Kirjanpitoarvo,27382.03,ISO4217_EUR,2,MCY=x424;REF=x4,https://avoindata.prh.fi/opendata-xbrl-api/v3/financial?businessId=2629656-7&financialDate=2025-06-30
17,2629656-7,FIREHORSE OY,2025-06-30,2025-10-08,instant,,2025-06-30,x481,Vastattavaa,mi53,Kirjanpitoarvo,72940.62,ISO4217_EUR,2,MCY=x481,https://avoindata.prh.fi/opendata-xbrl-api/v3/financial?businessId=2629656-7&financialDate=2025-06-30
17,2629656-7,FIREHORSE OY,2025-06-30,2025-10-08,instant,,2024-06-30,x481,Vastattavaa,mi53,Kirjanpitoarvo,27687.36,ISO4217_EUR,2,MCY=x481;REF=x4,https://avoindata.prh.fi/opendata-xbrl-api/v3/financial?businessId=2629656-7&financialDate=2025-06-30
17,2629656-7,FIREHORSE OY,2025-06-30,2025-10-08,instant,,2025-06-30,x673,Liikevaihto,md103,Tilikauden rahallinen kertymä,286690.27,ISO4217_EUR,2,MCY=x673,https://avoindata.prh.fi/opendata-xbrl-api/v3/financial?businessId=2629656-7&financialDate=2025-06-30
17,2629656-7,FIREHORSE OY,2025-06-30,2025-10-08,instant,,2024-06-30,x673,Liikevaihto,md103,Tilikauden rahallinen kertymä,90939.21,ISO4217_EUR,2,MCY=x673;REF=x53,https://avoindata.prh.fi/opendata-xbrl-api/v3/financial?businessId=2629656-7&financialDate=2025-06-30
17,2629656-7,FIREHORSE OY,2025-06-30,2025-10-08,instant,,2025-06-30,x49,Liiketoiminnan muut tuotot,md103,Tilikauden rahallinen kertymä,17092.93,ISO4217_EUR,2,MCY=x49,https://avoindata.prh.fi/opendata-xbrl-api/v3/financial?businessId=2629656-7&financialDate=2025-06-30
17,2629656-7,FIREHORSE OY,2025-06-30,2025-10-08,instant,,2024-06-30,x49,Liiketoiminnan muut tuotot,md103,Tilikauden rahallinen kertymä,0.00,ISO4217_EUR,2,MCY=x49;REF=x53,https://avoindata.prh.fi/opendata-xbrl-api/v3/financial?businessId=2629656-7&financialDate=2025-06-30
17,2629656-7,FIREHORSE OY,2025-06-30,2025-10-08,instant,,2025-06-30,x755,Ostot tilikauden aikana,md103,Tilikauden rahallinen kertymä,-32197.95,ISO4217_EUR,2,MCY=x755,https://avoindata.prh.fi/opendata-xbrl-api/v3/financial?businessId=2629656-7&financialDate=2025-06-30
17,2629656-7,FIREHORSE OY,2025-06-30,2025-10-08,instant,,2024-06-30,x755,Ostot tilikauden aikana,md103,Tilikauden rahallinen kertymä,-18046.17,ISO4217_EUR,2,MCY=x755;REF=x53,https://avoindata.prh.fi/opendata-xbrl-api/v3/financial?businessId=2629656-7&financialDate=2025-06-30
17,2629656-7,FIREHORSE OY,2025-06-30,2025-10-08,instant,,2025-06-30,x10,Palvelujen ostot,md103,Tilikauden rahallinen kertymä,0.00,ISO4217_EUR,2,MCY=x10,https://avoindata.prh.fi/opendata-xbrl-api/v3/financial?businessId=2629656-7&financialDate=2025-06-30
17,2629656-7,FIREHORSE OY,2025-06-30,2025-10-08,instant,,2024-06-30,x10,Palvelujen ostot,md103,Tilikauden rahallinen kertymä,-8407.00,ISO4217_EUR,2,MCY=x10;REF=x53,https://avoindata.prh.fi/opendata-xbrl-api/v3/financial?businessId=2629656-7&financialDate=2025-06-30
17,2629656-7,FIREHORSE OY,2025-06-30,2025-10-08,instant,,2025-06-30,x758,Materiaalit ja palvelut,md103,Tilikauden rahallinen kertymä,-32197.95,ISO4217_EUR,2,MCY=x758,https://avoindata.prh.fi/opendata-xbrl-api/v3/financial?businessId=2629656-7&financialDate=2025-06-30
17,2629656-7,FIREHORSE OY,2025-06-30,2025-10-08,instant,,2024-06-30,x758,Materiaalit ja palvelut,md103,Tilikauden rahallinen kertymä,-26453.17,ISO4217_EUR,2,MCY=x758;REF=x53,https://avoindata.prh.fi/opendata-xbrl-api/v3/financial?businessId=2629656-7&financialDate=2025-06-30
17,2629656-7,FIREHORSE OY,2025-06-30,2025-10-08,instant,,2025-06-30,x6,Palkat ja palkkiot,md103,Tilikauden rahallinen kertymä,-134726.07,ISO4217_EUR,2,MCY=x6,https://avoindata.prh.fi/opendata-xbrl-api/v3/financial?businessId=2629656-7&financialDate=2025-06-30
17,2629656-7,FIREHORSE OY,2025-06-30,2025-10-08,instant,,2024-06-30,x6,Palkat ja palkkiot,md103,Tilikauden rahallinen kertymä,-21904.31,ISO4217_EUR,2,MCY=x6;REF=x53,https://avoindata.prh.fi/opendata-xbrl-api/v3/financial?businessId=2629656-7&financialDate=2025-06-30
17,2629656-7,FIREHORSE OY,2025-06-30,2025-10-08,instant,,2025-06-30,x8,Eläkekulut,md103,Tilikauden rahallinen kertymä,-22168.68,ISO4217_EUR,2,MCY=x8,https://avoindata.prh.fi/opendata-xbrl-api/v3/financial?businessId=2629656-7&financialDate=2025-06-30
17,2629656-7,FIREHORSE OY,2025-06-30,2025-10-08,instant,,2024-06-30,x8,Eläkekulut,md103,Tilikauden rahallinen kertymä,-5532.60,ISO4217_EUR,2,MCY=x8;REF=x53,https://avoindata.prh.fi/opendata-xbrl-api/v3/financial?businessId=2629656-7&financialDate=2025-06-30
17,2629656-7,FIREHORSE OY,2025-06-30,2025-10-08,instant,,2025-06-30,x9,Muut henkilösivukulut,md103,Tilikauden rahallinen kertymä,-3116.27,ISO4217_EUR,2,MCY=x9,https://avoindata.prh.fi/opendata-xbrl-api/v3/financial?businessId=2629656-7&financialDate=2025-06-30
17,2629656-7,FIREHORSE OY,2025-06-30,2025-10-08,instant,,2024-06-30,x9,Muut henkilösivukulut,md103,Tilikauden rahallinen kertymä,-466.63,ISO4217_EUR,2,MCY=x9;REF=x53,https://avoindata.prh.fi/opendata-xbrl-api/v3/financial?businessId=2629656-7&financialDate=2025-06-30
17,2629656-7,FIREHORSE OY,2025-06-30,2025-10-08,instant,,2025-06-30,x5,Henkilöstökulut,md103,Tilikauden rahallinen kertymä,-160011.02,ISO4217_EUR,2,MCY=x5,https://avoindata.prh.fi/opendata-xbrl-api/v3/financial?businessId=2629656-7&financialDate=2025-06-30
17,2629656-7,FIREHORSE OY,2025-06-30,2025-10-08,instant,,2024-06-30,x5,Henkilöstökulut,md103,Tilikauden rahallinen kertymä,-27903.54,ISO4217_EUR,2,MCY=x5;REF=x53,https://avoindata.prh.fi/opendata-xbrl-api/v3/financial?businessId=2629656-7&financialDate=2025-06-30
17,2629656-7,FIREHORSE OY,2025-06-30,2025-10-08,instant,,2025-06-30,x449,Suunnitelman mukaiset poistot,md103,Tilikauden rahallinen kertymä,-5913.58,ISO4217_EUR,2,MCY=x449,https://avoindata.prh.fi/opendata-xbrl-api/v3/financial?businessId=2629656-7&financialDate=2025-06-30
17,2629656-7,FIREHORSE OY,2025-06-30,2025-10-08,instant,,2024-06-30,x449,Suunnitelman mukaiset poistot,md103,Tilikauden rahallinen kertymä,-7884.75,ISO4217_EUR,2,MCY=x449;REF=x53,https://avoindata.prh.fi/opendata-xbrl-api/v3/financial?businessId=2629656-7&financialDate=2025-06-30
17,2629656-7,FIREHORSE OY,2025-06-30,2025-10-08,instant,,2025-06-30,x448,Poistot ja arvonalentumiset,md103,Tilikauden rahallinen kertymä,-5913.58,ISO4217_EUR,2,MCY=x448,https://avoindata.prh.fi/opendata-xbrl-api/v3/financial?businessId=2629656-7&financialDate=2025-06-30
17,2629656-7,FIREHORSE OY,2025-06-30,2025-10-08,instant,,2024-06-30,x448,Poistot ja arvonalentumiset,md103,Tilikauden rahallinen kertymä,-7884.75,ISO4217_EUR,2,MCY=x448;REF=x53,https://avoindata.prh.fi/opendata-xbrl-api/v3/financial?businessId=2629656-7&financialDate=2025-06-30
17,2629656-7,FIREHORSE OY,2025-06-30,2025-10-08,instant,,2025-06-30,x1869,Liiketoiminnan muut kulut,md103,Tilikauden rahallinen kertymä,-67030.38,ISO4217_EUR,2,MCY=x1869,https://avoindata.prh.fi/opendata-xbrl-api/v3/financial?businessId=2629656-7&financialDate=2025-06-30
17,2629656-7,FIREHORSE OY,2025-06-30,2025-10-08,instant,,2024-06-30,x1869,Liiketoiminnan muut kulut,md103,Tilikauden rahallinen kertymä,-44331.26,ISO4217_EUR,2,MCY=x1869;REF=x53,https://avoindata.prh.fi/opendata-xbrl-api/v3/financial?businessId=2629656-7&financialDate=2025-06-30
17,2629656-7,FIREHORSE OY,2025-06-30,2025-10-08,instant,,2025-06-30,x689,Liikevoitto (-tappio),md103,Tilikauden rahallinen kertymä,38630.27,ISO4217_EUR,2,MCY=x689,https://avoindata.prh.fi/opendata-xbrl-api/v3/financial?businessId=2629656-7&financialDate=2025-06-30
17,2629656-7,FIREHORSE OY,2025-06-30,2025-10-08,instant,,2024-06-30,x689,Liikevoitto (-tappio),md103,Tilikauden rahallinen kertymä,-15633.51,ISO4217_EUR,2,MCY=x689;REF=x53,https://avoindata.prh.fi/opendata-xbrl-api/v3/financial?businessId=2629656-7&financialDate=2025-06-30
17,2629656-7,FIREHORSE OY,2025-06-30,2025-10-08,instant,,2025-06-30,x4014,Muut korko- ja rahoitustuotot muilta kuin saman konsernin yrityksiltä,md103,Tilikauden rahallinen kertymä,29.05,ISO4217_EUR,2,MCY=x4014,https://avoindata.prh.fi/opendata-xbrl-api/v3/financial?businessId=2629656-7&financialDate=2025-06-30
17,2629656-7,FIREHORSE OY,2025-06-30,2025-10-08,instant,,2024-06-30,x4014,Muut korko- ja rahoitustuotot muilta kuin saman konsernin yrityksiltä,md103,Tilikauden rahallinen kertymä,0.00,ISO4217_EUR,2,MCY=x4014;REF=x53,https://avoindata.prh.fi/opendata-xbrl-api/v3/financial?businessId=2629656-7&financialDate=2025-06-30
17,2629656-7,FIREHORSE OY,2025-06-30,2025-10-08,instant,,2025-06-30,x4046,Korkokulut- ja muut rahoituskulut muille kuin saman konsernin yrityksille,md103,Tilikauden rahallinen kertymä,-29.53,ISO4217_EUR,2,MCY=x4046,https://avoindata.prh.fi/opendata-xbrl-api/v3/financial?businessId=2629656-7&financialDate=2025-06-30
17,2629656-7,FIREHORSE OY,2025-06-30,2025-10-08,instant,,2024-06-30,x4046,Korkokulut- ja muut rahoituskulut muille kuin saman konsernin yrityksille,md103,Tilikauden rahallinen kertymä,-8.24,ISO4217_EUR,2,MCY=x4046;REF=x53,https://avoindata.prh.fi/opendata-xbrl-api/v3/financial?businessId=2629656-7&financialDate=2025-06-30
17,2629656-7,FIREHORSE OY,2025-06-30,2025-10-08,instant,,2025-06-30,x12,Rahoitustuotot ja -kulut + (-),md103,Tilikauden rahallinen kertymä,-0.48,ISO4217_EUR,2,MCY=x12,https://avoindata.prh.fi/opendata-xbrl-api/v3/financial?businessId=2629656-7&financialDate=2025-06-30
17,2629656-7,FIREHORSE OY,2025-06-30,2025-10-08,instant,,2024-06-30,x12,Rahoitustuotot ja -kulut + (-),md103,Tilikauden rahallinen kertymä,-8.24,ISO4217_EUR,2,MCY=x12;REF=x53,https://avoindata.prh.fi/opendata-xbrl-api/v3/financial?businessId=2629656-7&financialDate=2025-06-30
17,2629656-7,FIREHORSE OY,2025-06-30,2025-10-08,instant,,2025-06-30,x738,Voitto (tappio) ennen tilinpäätössiirtoja ja veroja,md103,Tilikauden rahallinen kertymä,38629.79,ISO4217_EUR,2,MCY=x738,https://avoindata.prh.fi/opendata-xbrl-api/v3/financial?businessId=2629656-7&financialDate=2025-06-30
17,2629656-7,FIREHORSE OY,2025-06-30,2025-10-08,instant,,2024-06-30,x738,Voitto (tappio) ennen tilinpäätössiirtoja ja veroja,md103,Tilikauden rahallinen kertymä,-15641.75,ISO4217_EUR,2,MCY=x738;REF=x53,https://avoindata.prh.fi/opendata-xbrl-api/v3/financial?businessId=2629656-7&financialDate=2025-06-30
17,2629656-7,FIREHORSE OY,2025-06-30,2025-10-08,instant,,2025-06-30,x740,Tilikauden voitto (tappio),md103,Tilikauden rahallinen kertymä,38629.79,ISO4217_EUR,2,MCY=x740,https://avoindata.prh.fi/opendata-xbrl-api/v3/financial?businessId=2629656-7&financialDate=2025-06-30
17,2629656-7,FIREHORSE OY,2025-06-30,2025-10-08,instant,,2024-06-30,x740,Tilikauden voitto (tappio),md103,Tilikauden rahallinen kertymä,-15641.75,ISO4217_EUR,2,MCY=x740;REF=x53,https://avoindata.prh.fi/opendata-xbrl-api/v3/financial?businessId=2629656-7&financialDate=2025-06-30
18,2631319-5,Kasin Consulting Oy,2025-12-31,2026-07-02,instant,,2025-12-31,x1769,Lyhytaikaiset myyntisaamiset,mi53,Kirjanpitoarvo,0.00,ISO4217_EUR,2,MCY=x1769,https://avoindata.prh.fi/opendata-xbrl-api/v3/financial?businessId=2631319-5&financialDate=2025-12-31
18,2631319-5,Kasin Consulting Oy,2025-12-31,2026-07-02,instant,,2024-12-31,x1769,Lyhytaikaiset myyntisaamiset,mi53,Kirjanpitoarvo,5020.00,ISO4217_EUR,2,MCY=x1769;REF=x4,https://avoindata.prh.fi/opendata-xbrl-api/v3/financial?businessId=2631319-5&financialDate=2025-12-31
18,2631319-5,Kasin Consulting Oy,2025-12-31,2026-07-02,instant,,2025-12-31,x1770,Lyhytaikaiset lainasaamiset,mi53,Kirjanpitoarvo,430.30,ISO4217_EUR,2,MCY=x1770,https://avoindata.prh.fi/opendata-xbrl-api/v3/financial?businessId=2631319-5&financialDate=2025-12-31
18,2631319-5,Kasin Consulting Oy,2025-12-31,2026-07-02,instant,,2024-12-31,x1770,Lyhytaikaiset lainasaamiset,mi53,Kirjanpitoarvo,145.49,ISO4217_EUR,2,MCY=x1770;REF=x4,https://avoindata.prh.fi/opendata-xbrl-api/v3/financial?businessId=2631319-5&financialDate=2025-12-31
18,2631319-5,Kasin Consulting Oy,2025-12-31,2026-07-02,instant,,2025-12-31,x1775,Lyhytaikaiset siirtosaamiset,mi53,Kirjanpitoarvo,2627.75,ISO4217_EUR,2,MCY=x1775,https://avoindata.prh.fi/opendata-xbrl-api/v3/financial?businessId=2631319-5&financialDate=2025-12-31
18,2631319-5,Kasin Consulting Oy,2025-12-31,2026-07-02,instant,,2024-12-31,x1775,Lyhytaikaiset siirtosaamiset,mi53,Kirjanpitoarvo,4508.74,ISO4217_EUR,2,MCY=x1775;REF=x4,https://avoindata.prh.fi/opendata-xbrl-api/v3/financial?businessId=2631319-5&financialDate=2025-12-31
18,2631319-5,Kasin Consulting Oy,2025-12-31,2026-07-02,instant,,2025-12-31,x1768,Lyhytaikaiset saamiset,mi53,Kirjanpitoarvo,3058.05,ISO4217_EUR,2,MCY=x1768,https://avoindata.prh.fi/opendata-xbrl-api/v3/financial?businessId=2631319-5&financialDate=2025-12-31
18,2631319-5,Kasin Consulting Oy,2025-12-31,2026-07-02,instant,,2024-12-31,x1768,Lyhytaikaiset saamiset,mi53,Kirjanpitoarvo,9674.23,ISO4217_EUR,2,MCY=x1768;REF=x4,https://avoindata.prh.fi/opendata-xbrl-api/v3/financial?businessId=2631319-5&financialDate=2025-12-31
18,2631319-5,Kasin Consulting Oy,2025-12-31,2026-07-02,instant,,2025-12-31,x438,Saamiset,mi53,Kirjanpitoarvo,3058.05,ISO4217_EUR,2,MCY=x438,https://avoindata.prh.fi/opendata-xbrl-api/v3/financial?businessId=2631319-5&financialDate=2025-12-31
18,2631319-5,Kasin Consulting Oy,2025-12-31,2026-07-02,instant,,2024-12-31,x438,Saamiset,mi53,Kirjanpitoarvo,9674.23,ISO4217_EUR,2,MCY=x438;REF=x4,https://avoindata.prh.fi/opendata-xbrl-api/v3/financial?businessId=2631319-5&financialDate=2025-12-31
18,2631319-5,Kasin Consulting Oy,2025-12-31,2026-07-02,instant,,2025-12-31,x2191,"Muut osakkeet ja osuudet, rahoitusarvopaperit",mi53,Kirjanpitoarvo,59293.17,ISO4217_EUR,2,MCY=x2191,https://avoindata.prh.fi/opendata-xbrl-api/v3/financial?businessId=2631319-5&financialDate=2025-12-31
18,2631319-5,Kasin Consulting Oy,2025-12-31,2026-07-02,instant,,2024-12-31,x2191,"Muut osakkeet ja osuudet, rahoitusarvopaperit",mi53,Kirjanpitoarvo,59127.66,ISO4217_EUR,2,MCY=x2191;REF=x4,https://avoindata.prh.fi/opendata-xbrl-api/v3/financial?businessId=2631319-5&financialDate=2025-12-31
18,2631319-5,Kasin Consulting Oy,2025-12-31,2026-07-02,instant,,2025-12-31,x578,Rahoitusarvopaperit,mi53,Kirjanpitoarvo,59293.17,ISO4217_EUR,2,MCY=x578,https://avoindata.prh.fi/opendata-xbrl-api/v3/financial?businessId=2631319-5&financialDate=2025-12-31
18,2631319-5,Kasin Consulting Oy,2025-12-31,2026-07-02,instant,,2024-12-31,x578,Rahoitusarvopaperit,mi53,Kirjanpitoarvo,59127.66,ISO4217_EUR,2,MCY=x578;REF=x4,https://avoindata.prh.fi/opendata-xbrl-api/v3/financial?businessId=2631319-5&financialDate=2025-12-31
18,2631319-5,Kasin Consulting Oy,2025-12-31,2026-07-02,instant,,2025-12-31,x399,Rahat ja pankkisaamiset,mi53,Kirjanpitoarvo,7519.99,ISO4217_EUR,2,MCY=x399,https://avoindata.prh.fi/opendata-xbrl-api/v3/financial?businessId=2631319-5&financialDate=2025-12-31
18,2631319-5,Kasin Consulting Oy,2025-12-31,2026-07-02,instant,,2024-12-31,x399,Rahat ja pankkisaamiset,mi53,Kirjanpitoarvo,5576.48,ISO4217_EUR,2,MCY=x399;REF=x4,https://avoindata.prh.fi/opendata-xbrl-api/v3/financial?businessId=2631319-5&financialDate=2025-12-31
18,2631319-5,Kasin Consulting Oy,2025-12-31,2026-07-02,instant,,2025-12-31,x435,Vaihtuvat vastaavat,mi53,Kirjanpitoarvo,69871.21,ISO4217_EUR,2,MCY=x435,https://avoindata.prh.fi/opendata-xbrl-api/v3/financial?businessId=2631319-5&financialDate=2025-12-31
18,2631319-5,Kasin Consulting Oy,2025-12-31,2026-07-02,instant,,2024-12-31,x435,Vaihtuvat vastaavat,mi53,Kirjanpitoarvo,74378.37,ISO4217_EUR,2,MCY=x435;REF=x4,https://avoindata.prh.fi/opendata-xbrl-api/v3/financial?businessId=2631319-5&financialDate=2025-12-31
18,2631319-5,Kasin Consulting Oy,2025-12-31,2026-07-02,instant,,2025-12-31,x360,Vastaavaa,mi53,Kirjanpitoarvo,69871.21,ISO4217_EUR,2,MCY=x360,https://avoindata.prh.fi/opendata-xbrl-api/v3/financial?businessId=2631319-5&financialDate=2025-12-31
18,2631319-5,Kasin Consulting Oy,2025-12-31,2026-07-02,instant,,2024-12-31,x360,Vastaavaa,mi53,Kirjanpitoarvo,74378.37,ISO4217_EUR,2,MCY=x360;REF=x4,https://avoindata.prh.fi/opendata-xbrl-api/v3/financial?businessId=2631319-5&financialDate=2025-12-31
18,2631319-5,Kasin Consulting Oy,2025-12-31,2026-07-02,instant,,2025-12-31,x4116,"Osake-, osuus- tai muu vastaava pääoma",mi53,Kirjanpitoarvo,5000.00,ISO4217_EUR,2,MCY=x4116,https://avoindata.prh.fi/opendata-xbrl-api/v3/financial?businessId=2631319-5&financialDate=2025-12-31
18,2631319-5,Kasin Consulting Oy,2025-12-31,2026-07-02,instant,,2024-12-31,x4116,"Osake-, osuus- tai muu vastaava pääoma",mi53,Kirjanpitoarvo,5000.00,ISO4217_EUR,2,MCY=x4116;REF=x4,https://avoindata.prh.fi/opendata-xbrl-api/v3/financial?businessId=2631319-5&financialDate=2025-12-31
18,2631319-5,Kasin Consulting Oy,2025-12-31,2026-07-02,instant,,2025-12-31,x924,Sijoitetun vapaan oman pääoman rahasto,mi53,Kirjanpitoarvo,1500.00,ISO4217_EUR,2,MCY=x924,https://avoindata.prh.fi/opendata-xbrl-api/v3/financial?businessId=2631319-5&financialDate=2025-12-31
18,2631319-5,Kasin Consulting Oy,2025-12-31,2026-07-02,instant,,2024-12-31,x924,Sijoitetun vapaan oman pääoman rahasto,mi53,Kirjanpitoarvo,1500.00,ISO4217_EUR,2,MCY=x924;REF=x4,https://avoindata.prh.fi/opendata-xbrl-api/v3/financial?businessId=2631319-5&financialDate=2025-12-31
18,2631319-5,Kasin Consulting Oy,2025-12-31,2026-07-02,instant,,2025-12-31,x932,Edellisten tilikausien voitto (tappio),mi53,Kirjanpitoarvo,55428.08,ISO4217_EUR,2,MCY=x932,https://avoindata.prh.fi/opendata-xbrl-api/v3/financial?businessId=2631319-5&financialDate=2025-12-31
18,2631319-5,Kasin Consulting Oy,2025-12-31,2026-07-02,instant,,2024-12-31,x932,Edellisten tilikausien voitto (tappio),mi53,Kirjanpitoarvo,53187.50,ISO4217_EUR,2,MCY=x932;REF=x4,https://avoindata.prh.fi/opendata-xbrl-api/v3/financial?businessId=2631319-5&financialDate=2025-12-31
18,2631319-5,Kasin Consulting Oy,2025-12-31,2026-07-02,instant,,2025-12-31,x2895,"Tilikauden voitto (tappio), oma pääoma",mi53,Kirjanpitoarvo,1956.41,ISO4217_EUR,2,MCY=x2895,https://avoindata.prh.fi/opendata-xbrl-api/v3/financial?businessId=2631319-5&financialDate=2025-12-31
18,2631319-5,Kasin Consulting Oy,2025-12-31,2026-07-02,instant,,2024-12-31,x2895,"Tilikauden voitto (tappio), oma pääoma",mi53,Kirjanpitoarvo,7624.58,ISO4217_EUR,2,MCY=x2895;REF=x4,https://avoindata.prh.fi/opendata-xbrl-api/v3/financial?businessId=2631319-5&financialDate=2025-12-31
18,2631319-5,Kasin Consulting Oy,2025-12-31,2026-07-02,instant,,2025-12-31,x376,Oma pääoma,mi53,Kirjanpitoarvo,63884.49,ISO4217_EUR,2,MCY=x376,https://avoindata.prh.fi/opendata-xbrl-api/v3/financial?businessId=2631319-5&financialDate=2025-12-31
18,2631319-5,Kasin Consulting Oy,2025-12-31,2026-07-02,instant,,2024-12-31,x376,Oma pääoma,mi53,Kirjanpitoarvo,67312.08,ISO4217_EUR,2,MCY=x376;REF=x4,https://avoindata.prh.fi/opendata-xbrl-api/v3/financial?businessId=2631319-5&financialDate=2025-12-31
18,2631319-5,Kasin Consulting Oy,2025-12-31,2026-07-02,instant,,2025-12-31,x1819,Lyhytaikaiset ostovelat,mi53,Kirjanpitoarvo,13.80,ISO4217_EUR,2,MCY=x1819,https://avoindata.prh.fi/opendata-xbrl-api/v3/financial?businessId=2631319-5&financialDate=2025-12-31
18,2631319-5,Kasin Consulting Oy,2025-12-31,2026-07-02,instant,,2024-12-31,x1819,Lyhytaikaiset ostovelat,mi53,Kirjanpitoarvo,0.00,ISO4217_EUR,2,MCY=x1819;REF=x4,https://avoindata.prh.fi/opendata-xbrl-api/v3/financial?businessId=2631319-5&financialDate=2025-12-31
18,2631319-5,Kasin Consulting Oy,2025-12-31,2026-07-02,instant,,2025-12-31,x1825,Lyhytaikaiset muut velat,mi53,Kirjanpitoarvo,2615.58,ISO4217_EUR,2,MCY=x1825,https://avoindata.prh.fi/opendata-xbrl-api/v3/financial?businessId=2631319-5&financialDate=2025-12-31
18,2631319-5,Kasin Consulting Oy,2025-12-31,2026-07-02,instant,,2024-12-31,x1825,Lyhytaikaiset muut velat,mi53,Kirjanpitoarvo,4584.10,ISO4217_EUR,2,MCY=x1825;REF=x4,https://avoindata.prh.fi/opendata-xbrl-api/v3/financial?businessId=2631319-5&financialDate=2025-12-31
18,2631319-5,Kasin Consulting Oy,2025-12-31,2026-07-02,instant,,2025-12-31,x1826,Lyhytaikaiset siirtovelat,mi53,Kirjanpitoarvo,3357.34,ISO4217_EUR,2,MCY=x1826,https://avoindata.prh.fi/opendata-xbrl-api/v3/financial?businessId=2631319-5&financialDate=2025-12-31
18,2631319-5,Kasin Consulting Oy,2025-12-31,2026-07-02,instant,,2024-12-31,x1826,Lyhytaikaiset siirtovelat,mi53,Kirjanpitoarvo,2482.19,ISO4217_EUR,2,MCY=x1826;REF=x4,https://avoindata.prh.fi/opendata-xbrl-api/v3/financial?businessId=2631319-5&financialDate=2025-12-31
18,2631319-5,Kasin Consulting Oy,2025-12-31,2026-07-02,instant,,2025-12-31,x1811,Lyhytaikainen vieras pääoma,mi53,Kirjanpitoarvo,5986.72,ISO4217_EUR,2,MCY=x1811,https://avoindata.prh.fi/opendata-xbrl-api/v3/financial?businessId=2631319-5&financialDate=2025-12-31
18,2631319-5,Kasin Consulting Oy,2025-12-31,2026-07-02,instant,,2024-12-31,x1811,Lyhytaikainen vieras pääoma,mi53,Kirjanpitoarvo,7066.29,ISO4217_EUR,2,MCY=x1811;REF=x4,https://avoindata.prh.fi/opendata-xbrl-api/v3/financial?businessId=2631319-5&financialDate=2025-12-31
18,2631319-5,Kasin Consulting Oy,2025-12-31,2026-07-02,instant,,2025-12-31,x424,Vieras pääoma,mi53,Kirjanpitoarvo,5986.72,ISO4217_EUR,2,MCY=x424,https://avoindata.prh.fi/opendata-xbrl-api/v3/financial?businessId=2631319-5&financialDate=2025-12-31
18,2631319-5,Kasin Consulting Oy,2025-12-31,2026-07-02,instant,,2024-12-31,x424,Vieras pääoma,mi53,Kirjanpitoarvo,7066.29,ISO4217_EUR,2,MCY=x424;REF=x4,https://avoindata.prh.fi/opendata-xbrl-api/v3/financial?businessId=2631319-5&financialDate=2025-12-31
18,2631319-5,Kasin Consulting Oy,2025-12-31,2026-07-02,instant,,2025-12-31,x481,Vastattavaa,mi53,Kirjanpitoarvo,69871.21,ISO4217_EUR,2,MCY=x481,https://avoindata.prh.fi/opendata-xbrl-api/v3/financial?businessId=2631319-5&financialDate=2025-12-31
18,2631319-5,Kasin Consulting Oy,2025-12-31,2026-07-02,instant,,2024-12-31,x481,Vastattavaa,mi53,Kirjanpitoarvo,74378.37,ISO4217_EUR,2,MCY=x481;REF=x4,https://avoindata.prh.fi/opendata-xbrl-api/v3/financial?businessId=2631319-5&financialDate=2025-12-31
18,2631319-5,Kasin Consulting Oy,2025-12-31,2026-07-02,instant,,2025-12-31,x673,Liikevaihto,md103,Tilikauden rahallinen kertymä,44615.63,ISO4217_EUR,2,MCY=x673,https://avoindata.prh.fi/opendata-xbrl-api/v3/financial?businessId=2631319-5&financialDate=2025-12-31
18,2631319-5,Kasin Consulting Oy,2025-12-31,2026-07-02,instant,,2024-12-31,x673,Liikevaihto,md103,Tilikauden rahallinen kertymä,38510.94,ISO4217_EUR,2,MCY=x673;REF=x53,https://avoindata.prh.fi/opendata-xbrl-api/v3/financial?businessId=2631319-5&financialDate=2025-12-31
18,2631319-5,Kasin Consulting Oy,2025-12-31,2026-07-02,instant,,2025-12-31,x6,Palkat ja palkkiot,md103,Tilikauden rahallinen kertymä,25225.38,ISO4217_EUR,2,MCY=x6,https://avoindata.prh.fi/opendata-xbrl-api/v3/financial?businessId=2631319-5&financialDate=2025-12-31
18,2631319-5,Kasin Consulting Oy,2025-12-31,2026-07-02,instant,,2024-12-31,x6,Palkat ja palkkiot,md103,Tilikauden rahallinen kertymä,12145.20,ISO4217_EUR,2,MCY=x6;REF=x53,https://avoindata.prh.fi/opendata-xbrl-api/v3/financial?businessId=2631319-5&financialDate=2025-12-31
18,2631319-5,Kasin Consulting Oy,2025-12-31,2026-07-02,instant,,2025-12-31,x8,Eläkekulut,md103,Tilikauden rahallinen kertymä,80.85,ISO4217_EUR,2,MCY=x8,https://avoindata.prh.fi/opendata-xbrl-api/v3/financial?businessId=2631319-5&financialDate=2025-12-31
18,2631319-5,Kasin Consulting Oy,2025-12-31,2026-07-02,instant,,2024-12-31,x8,Eläkekulut,md103,Tilikauden rahallinen kertymä,63.74,ISO4217_EUR,2,MCY=x8;REF=x53,https://avoindata.prh.fi/opendata-xbrl-api/v3/financial?businessId=2631319-5&financialDate=2025-12-31
18,2631319-5,Kasin Consulting Oy,2025-12-31,2026-07-02,instant,,2025-12-31,x9,Muut henkilösivukulut,md103,Tilikauden rahallinen kertymä,5208.11,ISO4217_EUR,2,MCY=x9,https://avoindata.prh.fi/opendata-xbrl-api/v3/financial?businessId=2631319-5&financialDate=2025-12-31
18,2631319-5,Kasin Consulting Oy,2025-12-31,2026-07-02,instant,,2024-12-31,x9,Muut henkilösivukulut,md103,Tilikauden rahallinen kertymä,4011.27,ISO4217_EUR,2,MCY=x9;REF=x53,https://avoindata.prh.fi/opendata-xbrl-api/v3/financial?businessId=2631319-5&financialDate=2025-12-31
18,2631319-5,Kasin Consulting Oy,2025-12-31,2026-07-02,instant,,2025-12-31,x5,Henkilöstökulut,md103,Tilikauden rahallinen kertymä,30514.34,ISO4217_EUR,2,MCY=x5,https://avoindata.prh.fi/opendata-xbrl-api/v3/financial?businessId=2631319-5&financialDate=2025-12-31
18,2631319-5,Kasin Consulting Oy,2025-12-31,2026-07-02,instant,,2024-12-31,x5,Henkilöstökulut,md103,Tilikauden rahallinen kertymä,16220.21,ISO4217_EUR,2,MCY=x5;REF=x53,https://avoindata.prh.fi/opendata-xbrl-api/v3/financial?businessId=2631319-5&financialDate=2025-12-31
18,2631319-5,Kasin Consulting Oy,2025-12-31,2026-07-02,instant,,2025-12-31,x1869,Liiketoiminnan muut kulut,md103,Tilikauden rahallinen kertymä,11353.89,ISO4217_EUR,2,MCY=x1869,https://avoindata.prh.fi/opendata-xbrl-api/v3/financial?businessId=2631319-5&financialDate=2025-12-31
18,2631319-5,Kasin Consulting Oy,2025-12-31,2026-07-02,instant,,2024-12-31,x1869,Liiketoiminnan muut kulut,md103,Tilikauden rahallinen kertymä,10186.25,ISO4217_EUR,2,MCY=x1869;REF=x53,https://avoindata.prh.fi/opendata-xbrl-api/v3/financial?businessId=2631319-5&financialDate=2025-12-31
18,2631319-5,Kasin Consulting Oy,2025-12-31,2026-07-02,instant,,2025-12-31,x689,Liikevoitto (-tappio),md103,Tilikauden rahallinen kertymä,2747.40,ISO4217_EUR,2,MCY=x689,https://avoindata.prh.fi/opendata-xbrl-api/v3/financial?businessId=2631319-5&financialDate=2025-12-31
18,2631319-5,Kasin Consulting Oy,2025-12-31,2026-07-02,instant,,2024-12-31,x689,Liikevoitto (-tappio),md103,Tilikauden rahallinen kertymä,12104.48,ISO4217_EUR,2,MCY=x689;REF=x53,https://avoindata.prh.fi/opendata-xbrl-api/v3/financial?businessId=2631319-5&financialDate=2025-12-31
18,2631319-5,Kasin Consulting Oy,2025-12-31,2026-07-02,instant,,2025-12-31,x4133,"Tuotot muista pysyvien vastaavien sijoituksista, muilta yrityksiltä saadut",md103,Tilikauden rahallinen kertymä,182.66,ISO4217_EUR,2,MCY=x4133,https://avoindata.prh.fi/opendata-xbrl-api/v3/financial?businessId=2631319-5&financialDate=2025-12-31
18,2631319-5,Kasin Consulting Oy,2025-12-31,2026-07-02,instant,,2024-12-31,x4133,"Tuotot muista pysyvien vastaavien sijoituksista, muilta yrityksiltä saadut",md103,Tilikauden rahallinen kertymä,230.36,ISO4217_EUR,2,MCY=x4133;REF=x53,https://avoindata.prh.fi/opendata-xbrl-api/v3/financial?businessId=2631319-5&financialDate=2025-12-31
18,2631319-5,Kasin Consulting Oy,2025-12-31,2026-07-02,instant,,2025-12-31,x4014,Muut korko- ja rahoitustuotot muilta kuin saman konsernin yrityksiltä,md103,Tilikauden rahallinen kertymä,33.79,ISO4217_EUR,2,MCY=x4014,https://avoindata.prh.fi/opendata-xbrl-api/v3/financial?businessId=2631319-5&financialDate=2025-12-31
18,2631319-5,Kasin Consulting Oy,2025-12-31,2026-07-02,instant,,2024-12-31,x4014,Muut korko- ja rahoitustuotot muilta kuin saman konsernin yrityksiltä,md103,Tilikauden rahallinen kertymä,45.80,ISO4217_EUR,2,MCY=x4014;REF=x53,https://avoindata.prh.fi/opendata-xbrl-api/v3/financial?businessId=2631319-5&financialDate=2025-12-31
18,2631319-5,Kasin Consulting Oy,2025-12-31,2026-07-02,instant,,2025-12-31,x4046,Korkokulut- ja muut rahoituskulut muille kuin saman konsernin yrityksille,md103,Tilikauden rahallinen kertymä,31.95,ISO4217_EUR,2,MCY=x4046,https://avoindata.prh.fi/opendata-xbrl-api/v3/financial?businessId=2631319-5&financialDate=2025-12-31
18,2631319-5,Kasin Consulting Oy,2025-12-31,2026-07-02,instant,,2024-12-31,x4046,Korkokulut- ja muut rahoituskulut muille kuin saman konsernin yrityksille,md103,Tilikauden rahallinen kertymä,5.93,ISO4217_EUR,2,MCY=x4046;REF=x53,https://avoindata.prh.fi/opendata-xbrl-api/v3/financial?businessId=2631319-5&financialDate=2025-12-31
18,2631319-5,Kasin Consulting Oy,2025-12-31,2026-07-02,instant,,2025-12-31,x12,Rahoitustuotot ja -kulut + (-),md103,Tilikauden rahallinen kertymä,-184.50,ISO4217_EUR,2,MCY=x12,https://avoindata.prh.fi/opendata-xbrl-api/v3/financial?businessId=2631319-5&financialDate=2025-12-31
18,2631319-5,Kasin Consulting Oy,2025-12-31,2026-07-02,instant,,2024-12-31,x12,Rahoitustuotot ja -kulut + (-),md103,Tilikauden rahallinen kertymä,-270.23,ISO4217_EUR,2,MCY=x12;REF=x53,https://avoindata.prh.fi/opendata-xbrl-api/v3/financial?businessId=2631319-5&financialDate=2025-12-31
18,2631319-5,Kasin Consulting Oy,2025-12-31,2026-07-02,instant,,2025-12-31,x738,Voitto (tappio) ennen tilinpäätössiirtoja ja veroja,md103,Tilikauden rahallinen kertymä,2931.90,ISO4217_EUR,2,MCY=x738,https://avoindata.prh.fi/opendata-xbrl-api/v3/financial?businessId=2631319-5&financialDate=2025-12-31
18,2631319-5,Kasin Consulting Oy,2025-12-31,2026-07-02,instant,,2024-12-31,x738,Voitto (tappio) ennen tilinpäätössiirtoja ja veroja,md103,Tilikauden rahallinen kertymä,12374.71,ISO4217_EUR,2,MCY=x738;REF=x53,https://avoindata.prh.fi/opendata-xbrl-api/v3/financial?businessId=2631319-5&financialDate=2025-12-31
18,2631319-5,Kasin Consulting Oy,2025-12-31,2026-07-02,instant,,2025-12-31,x541,Tuloverot,md103,Tilikauden rahallinen kertymä,975.49,ISO4217_EUR,2,MCY=x541,https://avoindata.prh.fi/opendata-xbrl-api/v3/financial?businessId=2631319-5&financialDate=2025-12-31
18,2631319-5,Kasin Consulting Oy,2025-12-31,2026-07-02,instant,,2024-12-31,x541,Tuloverot,md103,Tilikauden rahallinen kertymä,4750.13,ISO4217_EUR,2,MCY=x541;REF=x53,https://avoindata.prh.fi/opendata-xbrl-api/v3/financial?businessId=2631319-5&financialDate=2025-12-31
18,2631319-5,Kasin Consulting Oy,2025-12-31,2026-07-02,instant,,2025-12-31,x740,Tilikauden voitto (tappio),md103,Tilikauden rahallinen kertymä,1956.41,ISO4217_EUR,2,MCY=x740,https://avoindata.prh.fi/opendata-xbrl-api/v3/financial?businessId=2631319-5&financialDate=2025-12-31
18,2631319-5,Kasin Consulting Oy,2025-12-31,2026-07-02,instant,,2024-12-31,x740,Tilikauden voitto (tappio),md103,Tilikauden rahallinen kertymä,7624.58,ISO4217_EUR,2,MCY=x740;REF=x53,https://avoindata.prh.fi/opendata-xbrl-api/v3/financial?businessId=2631319-5&financialDate=2025-12-31
19,2632476-7,Kalusto & Palvelu Laine Oy,2025-12-31,2026-04-11,instant,,2025-12-31,x1770,Lyhytaikaiset lainasaamiset,mi53,Kirjanpitoarvo,49039.99,ISO4217_EUR,2,MCY=x1770,https://avoindata.prh.fi/opendata-xbrl-api/v3/financial?businessId=2632476-7&financialDate=2025-12-31
19,2632476-7,Kalusto & Palvelu Laine Oy,2025-12-31,2026-04-11,instant,,2024-12-31,x1770,Lyhytaikaiset lainasaamiset,mi53,Kirjanpitoarvo,49000.00,ISO4217_EUR,2,MCY=x1770;REF=x4,https://avoindata.prh.fi/opendata-xbrl-api/v3/financial?businessId=2632476-7&financialDate=2025-12-31
19,2632476-7,Kalusto & Palvelu Laine Oy,2025-12-31,2026-04-11,instant,,2025-12-31,x1771,Lyhytaikaiset muut saamiset,mi53,Kirjanpitoarvo,84.83,ISO4217_EUR,2,MCY=x1771,https://avoindata.prh.fi/opendata-xbrl-api/v3/financial?businessId=2632476-7&financialDate=2025-12-31
19,2632476-7,Kalusto & Palvelu Laine Oy,2025-12-31,2026-04-11,instant,,2024-12-31,x1771,Lyhytaikaiset muut saamiset,mi53,Kirjanpitoarvo,2233.17,ISO4217_EUR,2,MCY=x1771;REF=x4,https://avoindata.prh.fi/opendata-xbrl-api/v3/financial?businessId=2632476-7&financialDate=2025-12-31
19,2632476-7,Kalusto & Palvelu Laine Oy,2025-12-31,2026-04-11,instant,,2025-12-31,x1768,Lyhytaikaiset saamiset,mi53,Kirjanpitoarvo,49124.82,ISO4217_EUR,2,MCY=x1768,https://avoindata.prh.fi/opendata-xbrl-api/v3/financial?businessId=2632476-7&financialDate=2025-12-31
19,2632476-7,Kalusto & Palvelu Laine Oy,2025-12-31,2026-04-11,instant,,2024-12-31,x1768,Lyhytaikaiset saamiset,mi53,Kirjanpitoarvo,51233.17,ISO4217_EUR,2,MCY=x1768;REF=x4,https://avoindata.prh.fi/opendata-xbrl-api/v3/financial?businessId=2632476-7&financialDate=2025-12-31
19,2632476-7,Kalusto & Palvelu Laine Oy,2025-12-31,2026-04-11,instant,,2025-12-31,x438,Saamiset,mi53,Kirjanpitoarvo,49124.82,ISO4217_EUR,2,MCY=x438,https://avoindata.prh.fi/opendata-xbrl-api/v3/financial?businessId=2632476-7&financialDate=2025-12-31
19,2632476-7,Kalusto & Palvelu Laine Oy,2025-12-31,2026-04-11,instant,,2024-12-31,x438,Saamiset,mi53,Kirjanpitoarvo,51233.17,ISO4217_EUR,2,MCY=x438;REF=x4,https://avoindata.prh.fi/opendata-xbrl-api/v3/financial?businessId=2632476-7&financialDate=2025-12-31
19,2632476-7,Kalusto & Palvelu Laine Oy,2025-12-31,2026-04-11,instant,,2025-12-31,x1784,Muut arvopaperit,mi53,Kirjanpitoarvo,2505.66,ISO4217_EUR,2,MCY=x1784,https://avoindata.prh.fi/opendata-xbrl-api/v3/financial?businessId=2632476-7&financialDate=2025-12-31
19,2632476-7,Kalusto & Palvelu Laine Oy,2025-12-31,2026-04-11,instant,,2024-12-31,x1784,Muut arvopaperit,mi53,Kirjanpitoarvo,7250.05,ISO4217_EUR,2,MCY=x1784;REF=x4,https://avoindata.prh.fi/opendata-xbrl-api/v3/financial?businessId=2632476-7&financialDate=2025-12-31
19,2632476-7,Kalusto & Palvelu Laine Oy,2025-12-31,2026-04-11,instant,,2025-12-31,x578,Rahoitusarvopaperit,mi53,Kirjanpitoarvo,2505.66,ISO4217_EUR,2,MCY=x578,https://avoindata.prh.fi/opendata-xbrl-api/v3/financial?businessId=2632476-7&financialDate=2025-12-31
19,2632476-7,Kalusto & Palvelu Laine Oy,2025-12-31,2026-04-11,instant,,2024-12-31,x578,Rahoitusarvopaperit,mi53,Kirjanpitoarvo,7250.05,ISO4217_EUR,2,MCY=x578;REF=x4,https://avoindata.prh.fi/opendata-xbrl-api/v3/financial?businessId=2632476-7&financialDate=2025-12-31
19,2632476-7,Kalusto & Palvelu Laine Oy,2025-12-31,2026-04-11,instant,,2025-12-31,x399,Rahat ja pankkisaamiset,mi53,Kirjanpitoarvo,1596.66,ISO4217_EUR,2,MCY=x399,https://avoindata.prh.fi/opendata-xbrl-api/v3/financial?businessId=2632476-7&financialDate=2025-12-31
19,2632476-7,Kalusto & Palvelu Laine Oy,2025-12-31,2026-04-11,instant,,2024-12-31,x399,Rahat ja pankkisaamiset,mi53,Kirjanpitoarvo,5622.04,ISO4217_EUR,2,MCY=x399;REF=x4,https://avoindata.prh.fi/opendata-xbrl-api/v3/financial?businessId=2632476-7&financialDate=2025-12-31
19,2632476-7,Kalusto & Palvelu Laine Oy,2025-12-31,2026-04-11,instant,,2025-12-31,x435,Vaihtuvat vastaavat,mi53,Kirjanpitoarvo,53227.14,ISO4217_EUR,2,MCY=x435,https://avoindata.prh.fi/opendata-xbrl-api/v3/financial?businessId=2632476-7&financialDate=2025-12-31
19,2632476-7,Kalusto & Palvelu Laine Oy,2025-12-31,2026-04-11,instant,,2024-12-31,x435,Vaihtuvat vastaavat,mi53,Kirjanpitoarvo,64105.26,ISO4217_EUR,2,MCY=x435;REF=x4,https://avoindata.prh.fi/opendata-xbrl-api/v3/financial?businessId=2632476-7&financialDate=2025-12-31
19,2632476-7,Kalusto & Palvelu Laine Oy,2025-12-31,2026-04-11,instant,,2025-12-31,x360,Vastaavaa,mi53,Kirjanpitoarvo,53227.14,ISO4217_EUR,2,MCY=x360,https://avoindata.prh.fi/opendata-xbrl-api/v3/financial?businessId=2632476-7&financialDate=2025-12-31
19,2632476-7,Kalusto & Palvelu Laine Oy,2025-12-31,2026-04-11,instant,,2024-12-31,x360,Vastaavaa,mi53,Kirjanpitoarvo,64105.26,ISO4217_EUR,2,MCY=x360;REF=x4,https://avoindata.prh.fi/opendata-xbrl-api/v3/financial?businessId=2632476-7&financialDate=2025-12-31
19,2632476-7,Kalusto & Palvelu Laine Oy,2025-12-31,2026-04-11,instant,,2025-12-31,x932,Edellisten tilikausien voitto (tappio),mi53,Kirjanpitoarvo,57973.85,ISO4217_EUR,2,MCY=x932,https://avoindata.prh.fi/opendata-xbrl-api/v3/financial?businessId=2632476-7&financialDate=2025-12-31
19,2632476-7,Kalusto & Palvelu Laine Oy,2025-12-31,2026-04-11,instant,,2024-12-31,x932,Edellisten tilikausien voitto (tappio),mi53,Kirjanpitoarvo,70748.57,ISO4217_EUR,2,MCY=x932;REF=x4,https://avoindata.prh.fi/opendata-xbrl-api/v3/financial?businessId=2632476-7&financialDate=2025-12-31
19,2632476-7,Kalusto & Palvelu Laine Oy,2025-12-31,2026-04-11,instant,,2025-12-31,x2895,"Tilikauden voitto (tappio), oma pääoma",mi53,Kirjanpitoarvo,-4759.03,ISO4217_EUR,2,MCY=x2895,https://avoindata.prh.fi/opendata-xbrl-api/v3/financial?businessId=2632476-7&financialDate=2025-12-31
19,2632476-7,Kalusto & Palvelu Laine Oy,2025-12-31,2026-04-11,instant,,2024-12-31,x2895,"Tilikauden voitto (tappio), oma pääoma",mi53,Kirjanpitoarvo,-7733.52,ISO4217_EUR,2,MCY=x2895;REF=x4,https://avoindata.prh.fi/opendata-xbrl-api/v3/financial?businessId=2632476-7&financialDate=2025-12-31
19,2632476-7,Kalusto & Palvelu Laine Oy,2025-12-31,2026-04-11,instant,,2025-12-31,x376,Oma pääoma,mi53,Kirjanpitoarvo,53214.82,ISO4217_EUR,2,MCY=x376,https://avoindata.prh.fi/opendata-xbrl-api/v3/financial?businessId=2632476-7&financialDate=2025-12-31
19,2632476-7,Kalusto & Palvelu Laine Oy,2025-12-31,2026-04-11,instant,,2024-12-31,x376,Oma pääoma,mi53,Kirjanpitoarvo,63015.05,ISO4217_EUR,2,MCY=x376;REF=x4,https://avoindata.prh.fi/opendata-xbrl-api/v3/financial?businessId=2632476-7&financialDate=2025-12-31
19,2632476-7,Kalusto & Palvelu Laine Oy,2025-12-31,2026-04-11,instant,,2025-12-31,x1819,Lyhytaikaiset ostovelat,mi53,Kirjanpitoarvo,12.32,ISO4217_EUR,2,MCY=x1819,https://avoindata.prh.fi/opendata-xbrl-api/v3/financial?businessId=2632476-7&financialDate=2025-12-31
19,2632476-7,Kalusto & Palvelu Laine Oy,2025-12-31,2026-04-11,instant,,2024-12-31,x1819,Lyhytaikaiset ostovelat,mi53,Kirjanpitoarvo,663.46,ISO4217_EUR,2,MCY=x1819;REF=x4,https://avoindata.prh.fi/opendata-xbrl-api/v3/financial?businessId=2632476-7&financialDate=2025-12-31
19,2632476-7,Kalusto & Palvelu Laine Oy,2025-12-31,2026-04-11,instant,,2025-12-31,x1825,Lyhytaikaiset muut velat,mi53,Kirjanpitoarvo,0.00,ISO4217_EUR,2,MCY=x1825,https://avoindata.prh.fi/opendata-xbrl-api/v3/financial?businessId=2632476-7&financialDate=2025-12-31
19,2632476-7,Kalusto & Palvelu Laine Oy,2025-12-31,2026-04-11,instant,,2024-12-31,x1825,Lyhytaikaiset muut velat,mi53,Kirjanpitoarvo,241.96,ISO4217_EUR,2,MCY=x1825;REF=x4,https://avoindata.prh.fi/opendata-xbrl-api/v3/financial?businessId=2632476-7&financialDate=2025-12-31
19,2632476-7,Kalusto & Palvelu Laine Oy,2025-12-31,2026-04-11,instant,,2025-12-31,x1826,Lyhytaikaiset siirtovelat,mi53,Kirjanpitoarvo,0.00,ISO4217_EUR,2,MCY=x1826,https://avoindata.prh.fi/opendata-xbrl-api/v3/financial?businessId=2632476-7&financialDate=2025-12-31
19,2632476-7,Kalusto & Palvelu Laine Oy,2025-12-31,2026-04-11,instant,,2024-12-31,x1826,Lyhytaikaiset siirtovelat,mi53,Kirjanpitoarvo,184.79,ISO4217_EUR,2,MCY=x1826;REF=x4,https://avoindata.prh.fi/opendata-xbrl-api/v3/financial?businessId=2632476-7&financialDate=2025-12-31
19,2632476-7,Kalusto & Palvelu Laine Oy,2025-12-31,2026-04-11,instant,,2025-12-31,x1811,Lyhytaikainen vieras pääoma,mi53,Kirjanpitoarvo,12.32,ISO4217_EUR,2,MCY=x1811,https://avoindata.prh.fi/opendata-xbrl-api/v3/financial?businessId=2632476-7&financialDate=2025-12-31
19,2632476-7,Kalusto & Palvelu Laine Oy,2025-12-31,2026-04-11,instant,,2024-12-31,x1811,Lyhytaikainen vieras pääoma,mi53,Kirjanpitoarvo,1090.21,ISO4217_EUR,2,MCY=x1811;REF=x4,https://avoindata.prh.fi/opendata-xbrl-api/v3/financial?businessId=2632476-7&financialDate=2025-12-31
19,2632476-7,Kalusto & Palvelu Laine Oy,2025-12-31,2026-04-11,instant,,2025-12-31,x424,Vieras pääoma,mi53,Kirjanpitoarvo,12.32,ISO4217_EUR,2,MCY=x424,https://avoindata.prh.fi/opendata-xbrl-api/v3/financial?businessId=2632476-7&financialDate=2025-12-31
19,2632476-7,Kalusto & Palvelu Laine Oy,2025-12-31,2026-04-11,instant,,2024-12-31,x424,Vieras pääoma,mi53,Kirjanpitoarvo,1090.21,ISO4217_EUR,2,MCY=x424;REF=x4,https://avoindata.prh.fi/opendata-xbrl-api/v3/financial?businessId=2632476-7&financialDate=2025-12-31
19,2632476-7,Kalusto & Palvelu Laine Oy,2025-12-31,2026-04-11,instant,,2025-12-31,x481,Vastattavaa,mi53,Kirjanpitoarvo,53227.14,ISO4217_EUR,2,MCY=x481,https://avoindata.prh.fi/opendata-xbrl-api/v3/financial?businessId=2632476-7&financialDate=2025-12-31
19,2632476-7,Kalusto & Palvelu Laine Oy,2025-12-31,2026-04-11,instant,,2024-12-31,x481,Vastattavaa,mi53,Kirjanpitoarvo,64105.26,ISO4217_EUR,2,MCY=x481;REF=x4,https://avoindata.prh.fi/opendata-xbrl-api/v3/financial?businessId=2632476-7&financialDate=2025-12-31
19,2632476-7,Kalusto & Palvelu Laine Oy,2025-12-31,2026-04-11,instant,,2025-12-31,x673,Liikevaihto,md103,Tilikauden rahallinen kertymä,6881.50,ISO4217_EUR,2,MCY=x673,https://avoindata.prh.fi/opendata-xbrl-api/v3/financial?businessId=2632476-7&financialDate=2025-12-31
19,2632476-7,Kalusto & Palvelu Laine Oy,2025-12-31,2026-04-11,instant,,2024-12-31,x673,Liikevaihto,md103,Tilikauden rahallinen kertymä,13917.00,ISO4217_EUR,2,MCY=x673;REF=x53,https://avoindata.prh.fi/opendata-xbrl-api/v3/financial?businessId=2632476-7&financialDate=2025-12-31
19,2632476-7,Kalusto & Palvelu Laine Oy,2025-12-31,2026-04-11,instant,,2025-12-31,x49,Liiketoiminnan muut tuotot,md103,Tilikauden rahallinen kertymä,296.53,ISO4217_EUR,2,MCY=x49,https://avoindata.prh.fi/opendata-xbrl-api/v3/financial?businessId=2632476-7&financialDate=2025-12-31
19,2632476-7,Kalusto & Palvelu Laine Oy,2025-12-31,2026-04-11,instant,,2024-12-31,x49,Liiketoiminnan muut tuotot,md103,Tilikauden rahallinen kertymä,2271.74,ISO4217_EUR,2,MCY=x49;REF=x53,https://avoindata.prh.fi/opendata-xbrl-api/v3/financial?businessId=2632476-7&financialDate=2025-12-31
19,2632476-7,Kalusto & Palvelu Laine Oy,2025-12-31,2026-04-11,instant,,2025-12-31,x755,Ostot tilikauden aikana,md103,Tilikauden rahallinen kertymä,129.67,ISO4217_EUR,2,MCY=x755,https://avoindata.prh.fi/opendata-xbrl-api/v3/financial?businessId=2632476-7&financialDate=2025-12-31
19,2632476-7,Kalusto & Palvelu Laine Oy,2025-12-31,2026-04-11,instant,,2024-12-31,x755,Ostot tilikauden aikana,md103,Tilikauden rahallinen kertymä,27.56,ISO4217_EUR,2,MCY=x755;REF=x53,https://avoindata.prh.fi/opendata-xbrl-api/v3/financial?businessId=2632476-7&financialDate=2025-12-31
19,2632476-7,Kalusto & Palvelu Laine Oy,2025-12-31,2026-04-11,instant,,2025-12-31,x10,Palvelujen ostot,md103,Tilikauden rahallinen kertymä,0.00,ISO4217_EUR,2,MCY=x10,https://avoindata.prh.fi/opendata-xbrl-api/v3/financial?businessId=2632476-7&financialDate=2025-12-31
19,2632476-7,Kalusto & Palvelu Laine Oy,2025-12-31,2026-04-11,instant,,2024-12-31,x10,Palvelujen ostot,md103,Tilikauden rahallinen kertymä,682.00,ISO4217_EUR,2,MCY=x10;REF=x53,https://avoindata.prh.fi/opendata-xbrl-api/v3/financial?businessId=2632476-7&financialDate=2025-12-31
19,2632476-7,Kalusto & Palvelu Laine Oy,2025-12-31,2026-04-11,instant,,2025-12-31,x758,Materiaalit ja palvelut,md103,Tilikauden rahallinen kertymä,129.67,ISO4217_EUR,2,MCY=x758,https://avoindata.prh.fi/opendata-xbrl-api/v3/financial?businessId=2632476-7&financialDate=2025-12-31
19,2632476-7,Kalusto & Palvelu Laine Oy,2025-12-31,2026-04-11,instant,,2024-12-31,x758,Materiaalit ja palvelut,md103,Tilikauden rahallinen kertymä,709.56,ISO4217_EUR,2,MCY=x758;REF=x53,https://avoindata.prh.fi/opendata-xbrl-api/v3/financial?businessId=2632476-7&financialDate=2025-12-31
19,2632476-7,Kalusto & Palvelu Laine Oy,2025-12-31,2026-04-11,instant,,2025-12-31,x1869,Liiketoiminnan muut kulut,md103,Tilikauden rahallinen kertymä,12131.53,ISO4217_EUR,2,MCY=x1869,https://avoindata.prh.fi/opendata-xbrl-api/v3/financial?businessId=2632476-7&financialDate=2025-12-31
19,2632476-7,Kalusto & Palvelu Laine Oy,2025-12-31,2026-04-11,instant,,2024-12-31,x1869,Liiketoiminnan muut kulut,md103,Tilikauden rahallinen kertymä,22514.20,ISO4217_EUR,2,MCY=x1869;REF=x53,https://avoindata.prh.fi/opendata-xbrl-api/v3/financial?businessId=2632476-7&financialDate=2025-12-31
19,2632476-7,Kalusto & Palvelu Laine Oy,2025-12-31,2026-04-11,instant,,2025-12-31,x689,Liikevoitto (-tappio),md103,Tilikauden rahallinen kertymä,-5083.17,ISO4217_EUR,2,MCY=x689,https://avoindata.prh.fi/opendata-xbrl-api/v3/financial?businessId=2632476-7&financialDate=2025-12-31
19,2632476-7,Kalusto & Palvelu Laine Oy,2025-12-31,2026-04-11,instant,,2024-12-31,x689,Liikevoitto (-tappio),md103,Tilikauden rahallinen kertymä,-7035.02,ISO4217_EUR,2,MCY=x689;REF=x53,https://avoindata.prh.fi/opendata-xbrl-api/v3/financial?businessId=2632476-7&financialDate=2025-12-31
19,2632476-7,Kalusto & Palvelu Laine Oy,2025-12-31,2026-04-11,instant,,2025-12-31,x4014,Muut korko- ja rahoitustuotot muilta kuin saman konsernin yrityksiltä,md103,Tilikauden rahallinen kertymä,0.00,ISO4217_EUR,2,MCY=x4014,https://avoindata.prh.fi/opendata-xbrl-api/v3/financial?businessId=2632476-7&financialDate=2025-12-31
19,2632476-7,Kalusto & Palvelu Laine Oy,2025-12-31,2026-04-11,instant,,2024-12-31,x4014,Muut korko- ja rahoitustuotot muilta kuin saman konsernin yrityksiltä,md103,Tilikauden rahallinen kertymä,306.59,ISO4217_EUR,2,MCY=x4014;REF=x53,https://avoindata.prh.fi/opendata-xbrl-api/v3/financial?businessId=2632476-7&financialDate=2025-12-31
19,2632476-7,Kalusto & Palvelu Laine Oy,2025-12-31,2026-04-11,instant,,2025-12-31,x4046,Korkokulut- ja muut rahoituskulut muille kuin saman konsernin yrityksille,md103,Tilikauden rahallinen kertymä,0.30,ISO4217_EUR,2,MCY=x4046,https://avoindata.prh.fi/opendata-xbrl-api/v3/financial?businessId=2632476-7&financialDate=2025-12-31
19,2632476-7,Kalusto & Palvelu Laine Oy,2025-12-31,2026-04-11,instant,,2024-12-31,x4046,Korkokulut- ja muut rahoituskulut muille kuin saman konsernin yrityksille,md103,Tilikauden rahallinen kertymä,0.17,ISO4217_EUR,2,MCY=x4046;REF=x53,https://avoindata.prh.fi/opendata-xbrl-api/v3/financial?businessId=2632476-7&financialDate=2025-12-31
19,2632476-7,Kalusto & Palvelu Laine Oy,2025-12-31,2026-04-11,instant,,2025-12-31,x12,Rahoitustuotot ja -kulut + (-),md103,Tilikauden rahallinen kertymä,0.30,ISO4217_EUR,2,MCY=x12,https://avoindata.prh.fi/opendata-xbrl-api/v3/financial?businessId=2632476-7&financialDate=2025-12-31
19,2632476-7,Kalusto & Palvelu Laine Oy,2025-12-31,2026-04-11,instant,,2024-12-31,x12,Rahoitustuotot ja -kulut + (-),md103,Tilikauden rahallinen kertymä,-306.42,ISO4217_EUR,2,MCY=x12;REF=x53,https://avoindata.prh.fi/opendata-xbrl-api/v3/financial?businessId=2632476-7&financialDate=2025-12-31
19,2632476-7,Kalusto & Palvelu Laine Oy,2025-12-31,2026-04-11,instant,,2025-12-31,x738,Voitto (tappio) ennen tilinpäätössiirtoja ja veroja,md103,Tilikauden rahallinen kertymä,-5083.47,ISO4217_EUR,2,MCY=x738,https://avoindata.prh.fi/opendata-xbrl-api/v3/financial?businessId=2632476-7&financialDate=2025-12-31
19,2632476-7,Kalusto & Palvelu Laine Oy,2025-12-31,2026-04-11,instant,,2024-12-31,x738,Voitto (tappio) ennen tilinpäätössiirtoja ja veroja,md103,Tilikauden rahallinen kertymä,-6728.60,ISO4217_EUR,2,MCY=x738;REF=x53,https://avoindata.prh.fi/opendata-xbrl-api/v3/financial?businessId=2632476-7&financialDate=2025-12-31
19,2632476-7,Kalusto & Palvelu Laine Oy,2025-12-31,2026-04-11,instant,,2025-12-31,x541,Tuloverot,md103,Tilikauden rahallinen kertymä,-324.44,ISO4217_EUR,2,MCY=x541,https://avoindata.prh.fi/opendata-xbrl-api/v3/financial?businessId=2632476-7&financialDate=2025-12-31
19,2632476-7,Kalusto & Palvelu Laine Oy,2025-12-31,2026-04-11,instant,,2024-12-31,x541,Tuloverot,md103,Tilikauden rahallinen kertymä,1004.92,ISO4217_EUR,2,MCY=x541;REF=x53,https://avoindata.prh.fi/opendata-xbrl-api/v3/financial?businessId=2632476-7&financialDate=2025-12-31
19,2632476-7,Kalusto & Palvelu Laine Oy,2025-12-31,2026-04-11,instant,,2025-12-31,x740,Tilikauden voitto (tappio),md103,Tilikauden rahallinen kertymä,-4759.03,ISO4217_EUR,2,MCY=x740,https://avoindata.prh.fi/opendata-xbrl-api/v3/financial?businessId=2632476-7&financialDate=2025-12-31
19,2632476-7,Kalusto & Palvelu Laine Oy,2025-12-31,2026-04-11,instant,,2024-12-31,x740,Tilikauden voitto (tappio),md103,Tilikauden rahallinen kertymä,-7733.52,ISO4217_EUR,2,MCY=x740;REF=x53,https://avoindata.prh.fi/opendata-xbrl-api/v3/financial?businessId=2632476-7&financialDate=2025-12-31
20,2634259-4,Asianajotoimisto Ferenda Oy,2022-12-31,2023-04-04,instant,,2022-12-31,x2285,Muut aineettomat hyödykkeet (KPL),mi53,Kirjanpitoarvo,9000.00,ISO4217_EUR,2,MCY=x2285,https://avoindata.prh.fi/opendata-xbrl-api/v3/financial?businessId=2634259-4&financialDate=2022-12-31
20,2634259-4,Asianajotoimisto Ferenda Oy,2022-12-31,2023-04-04,instant,,2021-12-31,x2285,Muut aineettomat hyödykkeet (KPL),mi53,Kirjanpitoarvo,12000.00,ISO4217_EUR,2,MCY=x2285;REF=x4,https://avoindata.prh.fi/opendata-xbrl-api/v3/financial?businessId=2634259-4&financialDate=2022-12-31
20,2634259-4,Asianajotoimisto Ferenda Oy,2022-12-31,2023-04-04,instant,,2022-12-31,x551,Aineettomat hyödykkeet,mi53,Kirjanpitoarvo,9000.00,ISO4217_EUR,2,MCY=x551,https://avoindata.prh.fi/opendata-xbrl-api/v3/financial?businessId=2634259-4&financialDate=2022-12-31
20,2634259-4,Asianajotoimisto Ferenda Oy,2022-12-31,2023-04-04,instant,,2021-12-31,x551,Aineettomat hyödykkeet,mi53,Kirjanpitoarvo,12000.00,ISO4217_EUR,2,MCY=x551;REF=x4,https://avoindata.prh.fi/opendata-xbrl-api/v3/financial?businessId=2634259-4&financialDate=2022-12-31
20,2634259-4,Asianajotoimisto Ferenda Oy,2022-12-31,2023-04-04,instant,,2022-12-31,x1036,Koneet ja kalusto,mi53,Kirjanpitoarvo,10149.62,ISO4217_EUR,2,MCY=x1036,https://avoindata.prh.fi/opendata-xbrl-api/v3/financial?businessId=2634259-4&financialDate=2022-12-31
20,2634259-4,Asianajotoimisto Ferenda Oy,2022-12-31,2023-04-04,instant,,2021-12-31,x1036,Koneet ja kalusto,mi53,Kirjanpitoarvo,7680.90,ISO4217_EUR,2,MCY=x1036;REF=x4,https://avoindata.prh.fi/opendata-xbrl-api/v3/financial?businessId=2634259-4&financialDate=2022-12-31
20,2634259-4,Asianajotoimisto Ferenda Oy,2022-12-31,2023-04-04,instant,,2022-12-31,x816,Aineelliset hyödykkeet,mi53,Kirjanpitoarvo,10149.62,ISO4217_EUR,2,MCY=x816,https://avoindata.prh.fi/opendata-xbrl-api/v3/financial?businessId=2634259-4&financialDate=2022-12-31
20,2634259-4,Asianajotoimisto Ferenda Oy,2022-12-31,2023-04-04,instant,,2021-12-31,x816,Aineelliset hyödykkeet,mi53,Kirjanpitoarvo,7680.90,ISO4217_EUR,2,MCY=x816;REF=x4,https://avoindata.prh.fi/opendata-xbrl-api/v3/financial?businessId=2634259-4&financialDate=2022-12-31
20,2634259-4,Asianajotoimisto Ferenda Oy,2022-12-31,2023-04-04,instant,,2022-12-31,x513,Pysyvät vastaavat,mi53,Kirjanpitoarvo,19149.62,ISO4217_EUR,2,MCY=x513,https://avoindata.prh.fi/opendata-xbrl-api/v3/financial?businessId=2634259-4&financialDate=2022-12-31
20,2634259-4,Asianajotoimisto Ferenda Oy,2022-12-31,2023-04-04,instant,,2021-12-31,x513,Pysyvät vastaavat,mi53,Kirjanpitoarvo,19680.90,ISO4217_EUR,2,MCY=x513;REF=x4,https://avoindata.prh.fi/opendata-xbrl-api/v3/financial?businessId=2634259-4&financialDate=2022-12-31
20,2634259-4,Asianajotoimisto Ferenda Oy,2022-12-31,2023-04-04,instant,,2022-12-31,x1764,Pitkäaikaiset muut saamiset,mi53,Kirjanpitoarvo,8051.60,ISO4217_EUR,2,MCY=x1764,https://avoindata.prh.fi/opendata-xbrl-api/v3/financial?businessId=2634259-4&financialDate=2022-12-31
20,2634259-4,Asianajotoimisto Ferenda Oy,2022-12-31,2023-04-04,instant,,2021-12-31,x1764,Pitkäaikaiset muut saamiset,mi53,Kirjanpitoarvo,7624.60,ISO4217_EUR,2,MCY=x1764;REF=x4,https://avoindata.prh.fi/opendata-xbrl-api/v3/financial?businessId=2634259-4&financialDate=2022-12-31
20,2634259-4,Asianajotoimisto Ferenda Oy,2022-12-31,2023-04-04,instant,,2022-12-31,x1761,Pitkäaikaiset saamiset,mi53,Kirjanpitoarvo,8051.60,ISO4217_EUR,2,MCY=x1761,https://avoindata.prh.fi/opendata-xbrl-api/v3/financial?businessId=2634259-4&financialDate=2022-12-31
20,2634259-4,Asianajotoimisto Ferenda Oy,2022-12-31,2023-04-04,instant,,2021-12-31,x1761,Pitkäaikaiset saamiset,mi53,Kirjanpitoarvo,7624.60,ISO4217_EUR,2,MCY=x1761;REF=x4,https://avoindata.prh.fi/opendata-xbrl-api/v3/financial?businessId=2634259-4&financialDate=2022-12-31
20,2634259-4,Asianajotoimisto Ferenda Oy,2022-12-31,2023-04-04,instant,,2022-12-31,x1769,Lyhytaikaiset myyntisaamiset,mi53,Kirjanpitoarvo,178426.67,ISO4217_EUR,2,MCY=x1769,https://avoindata.prh.fi/opendata-xbrl-api/v3/financial?businessId=2634259-4&financialDate=2022-12-31
20,2634259-4,Asianajotoimisto Ferenda Oy,2022-12-31,2023-04-04,instant,,2021-12-31,x1769,Lyhytaikaiset myyntisaamiset,mi53,Kirjanpitoarvo,163081.49,ISO4217_EUR,2,MCY=x1769;REF=x4,https://avoindata.prh.fi/opendata-xbrl-api/v3/financial?businessId=2634259-4&financialDate=2022-12-31
20,2634259-4,Asianajotoimisto Ferenda Oy,2022-12-31,2023-04-04,instant,,2022-12-31,x1770,Lyhytaikaiset lainasaamiset,mi53,Kirjanpitoarvo,0.00,ISO4217_EUR,2,MCY=x1770,https://avoindata.prh.fi/opendata-xbrl-api/v3/financial?businessId=2634259-4&financialDate=2022-12-31
20,2634259-4,Asianajotoimisto Ferenda Oy,2022-12-31,2023-04-04,instant,,2021-12-31,x1770,Lyhytaikaiset lainasaamiset,mi53,Kirjanpitoarvo,1592.24,ISO4217_EUR,2,MCY=x1770;REF=x4,https://avoindata.prh.fi/opendata-xbrl-api/v3/financial?businessId=2634259-4&financialDate=2022-12-31
20,2634259-4,Asianajotoimisto Ferenda Oy,2022-12-31,2023-04-04,instant,,2022-12-31,x1771,Lyhytaikaiset muut saamiset,mi53,Kirjanpitoarvo,0.00,ISO4217_EUR,2,MCY=x1771,https://avoindata.prh.fi/opendata-xbrl-api/v3/financial?businessId=2634259-4&financialDate=2022-12-31
20,2634259-4,Asianajotoimisto Ferenda Oy,2022-12-31,2023-04-04,instant,,2021-12-31,x1771,Lyhytaikaiset muut saamiset,mi53,Kirjanpitoarvo,47.94,ISO4217_EUR,2,MCY=x1771;REF=x4,https://avoindata.prh.fi/opendata-xbrl-api/v3/financial?businessId=2634259-4&financialDate=2022-12-31
20,2634259-4,Asianajotoimisto Ferenda Oy,2022-12-31,2023-04-04,instant,,2022-12-31,x1775,Lyhytaikaiset siirtosaamiset,mi53,Kirjanpitoarvo,14318.72,ISO4217_EUR,2,MCY=x1775,https://avoindata.prh.fi/opendata-xbrl-api/v3/financial?businessId=2634259-4&financialDate=2022-12-31
20,2634259-4,Asianajotoimisto Ferenda Oy,2022-12-31,2023-04-04,instant,,2021-12-31,x1775,Lyhytaikaiset siirtosaamiset,mi53,Kirjanpitoarvo,12099.54,ISO4217_EUR,2,MCY=x1775;REF=x4,https://avoindata.prh.fi/opendata-xbrl-api/v3/financial?businessId=2634259-4&financialDate=2022-12-31
20,2634259-4,Asianajotoimisto Ferenda Oy,2022-12-31,2023-04-04,instant,,2022-12-31,x1768,Lyhytaikaiset saamiset,mi53,Kirjanpitoarvo,192745.39,ISO4217_EUR,2,MCY=x1768,https://avoindata.prh.fi/opendata-xbrl-api/v3/financial?businessId=2634259-4&financialDate=2022-12-31
20,2634259-4,Asianajotoimisto Ferenda Oy,2022-12-31,2023-04-04,instant,,2021-12-31,x1768,Lyhytaikaiset saamiset,mi53,Kirjanpitoarvo,176821.21,ISO4217_EUR,2,MCY=x1768;REF=x4,https://avoindata.prh.fi/opendata-xbrl-api/v3/financial?businessId=2634259-4&financialDate=2022-12-31
20,2634259-4,Asianajotoimisto Ferenda Oy,2022-12-31,2023-04-04,instant,,2022-12-31,x438,Saamiset,mi53,Kirjanpitoarvo,200796.99,ISO4217_EUR,2,MCY=x438,https://avoindata.prh.fi/opendata-xbrl-api/v3/financial?businessId=2634259-4&financialDate=2022-12-31
20,2634259-4,Asianajotoimisto Ferenda Oy,2022-12-31,2023-04-04,instant,,2021-12-31,x438,Saamiset,mi53,Kirjanpitoarvo,184445.81,ISO4217_EUR,2,MCY=x438;REF=x4,https://avoindata.prh.fi/opendata-xbrl-api/v3/financial?businessId=2634259-4&financialDate=2022-12-31
20,2634259-4,Asianajotoimisto Ferenda Oy,2022-12-31,2023-04-04,instant,,2022-12-31,x399,Rahat ja pankkisaamiset,mi53,Kirjanpitoarvo,227726.58,ISO4217_EUR,2,MCY=x399,https://avoindata.prh.fi/opendata-xbrl-api/v3/financial?businessId=2634259-4&financialDate=2022-12-31
20,2634259-4,Asianajotoimisto Ferenda Oy,2022-12-31,2023-04-04,instant,,2021-12-31,x399,Rahat ja pankkisaamiset,mi53,Kirjanpitoarvo,145676.30,ISO4217_EUR,2,MCY=x399;REF=x4,https://avoindata.prh.fi/opendata-xbrl-api/v3/financial?businessId=2634259-4&financialDate=2022-12-31
20,2634259-4,Asianajotoimisto Ferenda Oy,2022-12-31,2023-04-04,instant,,2022-12-31,x435,Vaihtuvat vastaavat,mi53,Kirjanpitoarvo,428523.57,ISO4217_EUR,2,MCY=x435,https://avoindata.prh.fi/opendata-xbrl-api/v3/financial?businessId=2634259-4&financialDate=2022-12-31
20,2634259-4,Asianajotoimisto Ferenda Oy,2022-12-31,2023-04-04,instant,,2021-12-31,x435,Vaihtuvat vastaavat,mi53,Kirjanpitoarvo,330122.11,ISO4217_EUR,2,MCY=x435;REF=x4,https://avoindata.prh.fi/opendata-xbrl-api/v3/financial?businessId=2634259-4&financialDate=2022-12-31
20,2634259-4,Asianajotoimisto Ferenda Oy,2022-12-31,2023-04-04,instant,,2022-12-31,x360,Vastaavaa,mi53,Kirjanpitoarvo,447673.19,ISO4217_EUR,2,MCY=x360,https://avoindata.prh.fi/opendata-xbrl-api/v3/financial?businessId=2634259-4&financialDate=2022-12-31
20,2634259-4,Asianajotoimisto Ferenda Oy,2022-12-31,2023-04-04,instant,,2021-12-31,x360,Vastaavaa,mi53,Kirjanpitoarvo,349803.01,ISO4217_EUR,2,MCY=x360;REF=x4,https://avoindata.prh.fi/opendata-xbrl-api/v3/financial?businessId=2634259-4&financialDate=2022-12-31
20,2634259-4,Asianajotoimisto Ferenda Oy,2022-12-31,2023-04-04,instant,,2022-12-31,x4116,"Osake-, osuus- tai muu vastaava pääoma",mi53,Kirjanpitoarvo,2500.00,ISO4217_EUR,2,MCY=x4116,https://avoindata.prh.fi/opendata-xbrl-api/v3/financial?businessId=2634259-4&financialDate=2022-12-31
20,2634259-4,Asianajotoimisto Ferenda Oy,2022-12-31,2023-04-04,instant,,2021-12-31,x4116,"Osake-, osuus- tai muu vastaava pääoma",mi53,Kirjanpitoarvo,2500.00,ISO4217_EUR,2,MCY=x4116;REF=x4,https://avoindata.prh.fi/opendata-xbrl-api/v3/financial?businessId=2634259-4&financialDate=2022-12-31
20,2634259-4,Asianajotoimisto Ferenda Oy,2022-12-31,2023-04-04,instant,,2022-12-31,x924,Sijoitetun vapaan oman pääoman rahasto,mi53,Kirjanpitoarvo,42800.59,ISO4217_EUR,2,MCY=x924,https://avoindata.prh.fi/opendata-xbrl-api/v3/financial?businessId=2634259-4&financialDate=2022-12-31
20,2634259-4,Asianajotoimisto Ferenda Oy,2022-12-31,2023-04-04,instant,,2021-12-31,x924,Sijoitetun vapaan oman pääoman rahasto,mi53,Kirjanpitoarvo,42800.59,ISO4217_EUR,2,MCY=x924;REF=x4,https://avoindata.prh.fi/opendata-xbrl-api/v3/financial?businessId=2634259-4&financialDate=2022-12-31
20,2634259-4,Asianajotoimisto Ferenda Oy,2022-12-31,2023-04-04,instant,,2022-12-31,x932,Edellisten tilikausien voitto (tappio),mi53,Kirjanpitoarvo,129815.95,ISO4217_EUR,2,MCY=x932,https://avoindata.prh.fi/opendata-xbrl-api/v3/financial?businessId=2634259-4&financialDate=2022-12-31
20,2634259-4,Asianajotoimisto Ferenda Oy,2022-12-31,2023-04-04,instant,,2021-12-31,x932,Edellisten tilikausien voitto (tappio),mi53,Kirjanpitoarvo,96145.61,ISO4217_EUR,2,MCY=x932;REF=x4,https://avoindata.prh.fi/opendata-xbrl-api/v3/financial?businessId=2634259-4&financialDate=2022-12-31
20,2634259-4,Asianajotoimisto Ferenda Oy,2022-12-31,2023-04-04,instant,,2022-12-31,x2895,"Tilikauden voitto (tappio), oma pääoma",mi53,Kirjanpitoarvo,82532.98,ISO4217_EUR,2,MCY=x2895,https://avoindata.prh.fi/opendata-xbrl-api/v3/financial?businessId=2634259-4&financialDate=2022-12-31
20,2634259-4,Asianajotoimisto Ferenda Oy,2022-12-31,2023-04-04,instant,,2021-12-31,x2895,"Tilikauden voitto (tappio), oma pääoma",mi53,Kirjanpitoarvo,48670.34,ISO4217_EUR,2,MCY=x2895;REF=x4,https://avoindata.prh.fi/opendata-xbrl-api/v3/financial?businessId=2634259-4&financialDate=2022-12-31
20,2634259-4,Asianajotoimisto Ferenda Oy,2022-12-31,2023-04-04,instant,,2022-12-31,x376,Oma pääoma,mi53,Kirjanpitoarvo,257649.52,ISO4217_EUR,2,MCY=x376,https://avoindata.prh.fi/opendata-xbrl-api/v3/financial?businessId=2634259-4&financialDate=2022-12-31
20,2634259-4,Asianajotoimisto Ferenda Oy,2022-12-31,2023-04-04,instant,,2021-12-31,x376,Oma pääoma,mi53,Kirjanpitoarvo,190116.54,ISO4217_EUR,2,MCY=x376;REF=x4,https://avoindata.prh.fi/opendata-xbrl-api/v3/financial?businessId=2634259-4&financialDate=2022-12-31
20,2634259-4,Asianajotoimisto Ferenda Oy,2022-12-31,2023-04-04,instant,,2022-12-31,x1818,Lyhytaikaiset saadut ennakot,mi53,Kirjanpitoarvo,9205.39,ISO4217_EUR,2,MCY=x1818,https://avoindata.prh.fi/opendata-xbrl-api/v3/financial?businessId=2634259-4&financialDate=2022-12-31
20,2634259-4,Asianajotoimisto Ferenda Oy,2022-12-31,2023-04-04,instant,,2021-12-31,x1818,Lyhytaikaiset saadut ennakot,mi53,Kirjanpitoarvo,5566.45,ISO4217_EUR,2,MCY=x1818;REF=x4,https://avoindata.prh.fi/opendata-xbrl-api/v3/financial?businessId=2634259-4&financialDate=2022-12-31
20,2634259-4,Asianajotoimisto Ferenda Oy,2022-12-31,2023-04-04,instant,,2022-12-31,x1819,Lyhytaikaiset ostovelat,mi53,Kirjanpitoarvo,33710.51,ISO4217_EUR,2,MCY=x1819,https://avoindata.prh.fi/opendata-xbrl-api/v3/financial?businessId=2634259-4&financialDate=2022-12-31
20,2634259-4,Asianajotoimisto Ferenda Oy,2022-12-31,2023-04-04,instant,,2021-12-31,x1819,Lyhytaikaiset ostovelat,mi53,Kirjanpitoarvo,11729.28,ISO4217_EUR,2,MCY=x1819;REF=x4,https://avoindata.prh.fi/opendata-xbrl-api/v3/financial?businessId=2634259-4&financialDate=2022-12-31
20,2634259-4,Asianajotoimisto Ferenda Oy,2022-12-31,2023-04-04,instant,,2022-12-31,x1825,Lyhytaikaiset muut velat,mi53,Kirjanpitoarvo,71445.17,ISO4217_EUR,2,MCY=x1825,https://avoindata.prh.fi/opendata-xbrl-api/v3/financial?businessId=2634259-4&financialDate=2022-12-31
20,2634259-4,Asianajotoimisto Ferenda Oy,2022-12-31,2023-04-04,instant,,2021-12-31,x1825,Lyhytaikaiset muut velat,mi53,Kirjanpitoarvo,82170.17,ISO4217_EUR,2,MCY=x1825;REF=x4,https://avoindata.prh.fi/opendata-xbrl-api/v3/financial?businessId=2634259-4&financialDate=2022-12-31
20,2634259-4,Asianajotoimisto Ferenda Oy,2022-12-31,2023-04-04,instant,,2022-12-31,x1826,Lyhytaikaiset siirtovelat,mi53,Kirjanpitoarvo,75662.60,ISO4217_EUR,2,MCY=x1826,https://avoindata.prh.fi/opendata-xbrl-api/v3/financial?businessId=2634259-4&financialDate=2022-12-31
20,2634259-4,Asianajotoimisto Ferenda Oy,2022-12-31,2023-04-04,instant,,2021-12-31,x1826,Lyhytaikaiset siirtovelat,mi53,Kirjanpitoarvo,60220.57,ISO4217_EUR,2,MCY=x1826;REF=x4,https://avoindata.prh.fi/opendata-xbrl-api/v3/financial?businessId=2634259-4&financialDate=2022-12-31
20,2634259-4,Asianajotoimisto Ferenda Oy,2022-12-31,2023-04-04,instant,,2022-12-31,x1811,Lyhytaikainen vieras pääoma,mi53,Kirjanpitoarvo,190023.67,ISO4217_EUR,2,MCY=x1811,https://avoindata.prh.fi/opendata-xbrl-api/v3/financial?businessId=2634259-4&financialDate=2022-12-31
20,2634259-4,Asianajotoimisto Ferenda Oy,2022-12-31,2023-04-04,instant,,2021-12-31,x1811,Lyhytaikainen vieras pääoma,mi53,Kirjanpitoarvo,159686.47,ISO4217_EUR,2,MCY=x1811;REF=x4,https://avoindata.prh.fi/opendata-xbrl-api/v3/financial?businessId=2634259-4&financialDate=2022-12-31
20,2634259-4,Asianajotoimisto Ferenda Oy,2022-12-31,2023-04-04,instant,,2022-12-31,x424,Vieras pääoma,mi53,Kirjanpitoarvo,190023.67,ISO4217_EUR,2,MCY=x424,https://avoindata.prh.fi/opendata-xbrl-api/v3/financial?businessId=2634259-4&financialDate=2022-12-31
20,2634259-4,Asianajotoimisto Ferenda Oy,2022-12-31,2023-04-04,instant,,2021-12-31,x424,Vieras pääoma,mi53,Kirjanpitoarvo,159686.47,ISO4217_EUR,2,MCY=x424;REF=x4,https://avoindata.prh.fi/opendata-xbrl-api/v3/financial?businessId=2634259-4&financialDate=2022-12-31
20,2634259-4,Asianajotoimisto Ferenda Oy,2022-12-31,2023-04-04,instant,,2022-12-31,x481,Vastattavaa,mi53,Kirjanpitoarvo,447673.19,ISO4217_EUR,2,MCY=x481,https://avoindata.prh.fi/opendata-xbrl-api/v3/financial?businessId=2634259-4&financialDate=2022-12-31
20,2634259-4,Asianajotoimisto Ferenda Oy,2022-12-31,2023-04-04,instant,,2021-12-31,x481,Vastattavaa,mi53,Kirjanpitoarvo,349803.01,ISO4217_EUR,2,MCY=x481;REF=x4,https://avoindata.prh.fi/opendata-xbrl-api/v3/financial?businessId=2634259-4&financialDate=2022-12-31
20,2634259-4,Asianajotoimisto Ferenda Oy,2022-12-31,2023-04-04,instant,,2022-12-31,x673,Liikevaihto,md103,Tilikauden rahallinen kertymä,1141000.10,ISO4217_EUR,2,MCY=x673,https://avoindata.prh.fi/opendata-xbrl-api/v3/financial?businessId=2634259-4&financialDate=2022-12-31
20,2634259-4,Asianajotoimisto Ferenda Oy,2022-12-31,2023-04-04,instant,,2021-12-31,x673,Liikevaihto,md103,Tilikauden rahallinen kertymä,1055026.12,ISO4217_EUR,2,MCY=x673;REF=x53,https://avoindata.prh.fi/opendata-xbrl-api/v3/financial?businessId=2634259-4&financialDate=2022-12-31
20,2634259-4,Asianajotoimisto Ferenda Oy,2022-12-31,2023-04-04,instant,,2022-12-31,x49,Liiketoiminnan muut tuotot,md103,Tilikauden rahallinen kertymä,1217.35,ISO4217_EUR,2,MCY=x49,https://avoindata.prh.fi/opendata-xbrl-api/v3/financial?businessId=2634259-4&financialDate=2022-12-31
20,2634259-4,Asianajotoimisto Ferenda Oy,2022-12-31,2023-04-04,instant,,2021-12-31,x49,Liiketoiminnan muut tuotot,md103,Tilikauden rahallinen kertymä,9716.36,ISO4217_EUR,2,MCY=x49;REF=x53,https://avoindata.prh.fi/opendata-xbrl-api/v3/financial?businessId=2634259-4&financialDate=2022-12-31
20,2634259-4,Asianajotoimisto Ferenda Oy,2022-12-31,2023-04-04,instant,,2022-12-31,x755,Ostot tilikauden aikana,md103,Tilikauden rahallinen kertymä,-28210.78,ISO4217_EUR,2,MCY=x755,https://avoindata.prh.fi/opendata-xbrl-api/v3/financial?businessId=2634259-4&financialDate=2022-12-31
20,2634259-4,Asianajotoimisto Ferenda Oy,2022-12-31,2023-04-04,instant,,2021-12-31,x755,Ostot tilikauden aikana,md103,Tilikauden rahallinen kertymä,-40251.82,ISO4217_EUR,2,MCY=x755;REF=x53,https://avoindata.prh.fi/opendata-xbrl-api/v3/financial?businessId=2634259-4&financialDate=2022-12-31
20,2634259-4,Asianajotoimisto Ferenda Oy,2022-12-31,2023-04-04,instant,,2022-12-31,x10,Palvelujen ostot,md103,Tilikauden rahallinen kertymä,-185.48,ISO4217_EUR,2,MCY=x10,https://avoindata.prh.fi/opendata-xbrl-api/v3/financial?businessId=2634259-4&financialDate=2022-12-31
20,2634259-4,Asianajotoimisto Ferenda Oy,2022-12-31,2023-04-04,instant,,2021-12-31,x10,Palvelujen ostot,md103,Tilikauden rahallinen kertymä,-1622.50,ISO4217_EUR,2,MCY=x10;REF=x53,https://avoindata.prh.fi/opendata-xbrl-api/v3/financial?businessId=2634259-4&financialDate=2022-12-31
20,2634259-4,Asianajotoimisto Ferenda Oy,2022-12-31,2023-04-04,instant,,2022-12-31,x758,Materiaalit ja palvelut,md103,Tilikauden rahallinen kertymä,-28396.26,ISO4217_EUR,2,MCY=x758,https://avoindata.prh.fi/opendata-xbrl-api/v3/financial?businessId=2634259-4&financialDate=2022-12-31
20,2634259-4,Asianajotoimisto Ferenda Oy,2022-12-31,2023-04-04,instant,,2021-12-31,x758,Materiaalit ja palvelut,md103,Tilikauden rahallinen kertymä,-41874.32,ISO4217_EUR,2,MCY=x758;REF=x53,https://avoindata.prh.fi/opendata-xbrl-api/v3/financial?businessId=2634259-4&financialDate=2022-12-31
20,2634259-4,Asianajotoimisto Ferenda Oy,2022-12-31,2023-04-04,instant,,2022-12-31,x6,Palkat ja palkkiot,md103,Tilikauden rahallinen kertymä,-565227.63,ISO4217_EUR,2,MCY=x6,https://avoindata.prh.fi/opendata-xbrl-api/v3/financial?businessId=2634259-4&financialDate=2022-12-31
20,2634259-4,Asianajotoimisto Ferenda Oy,2022-12-31,2023-04-04,instant,,2021-12-31,x6,Palkat ja palkkiot,md103,Tilikauden rahallinen kertymä,-562296.64,ISO4217_EUR,2,MCY=x6;REF=x53,https://avoindata.prh.fi/opendata-xbrl-api/v3/financial?businessId=2634259-4&financialDate=2022-12-31
20,2634259-4,Asianajotoimisto Ferenda Oy,2022-12-31,2023-04-04,instant,,2022-12-31,x8,Eläkekulut,md103,Tilikauden rahallinen kertymä,-116076.90,ISO4217_EUR,2,MCY=x8,https://avoindata.prh.fi/opendata-xbrl-api/v3/financial?businessId=2634259-4&financialDate=2022-12-31
20,2634259-4,Asianajotoimisto Ferenda Oy,2022-12-31,2023-04-04,instant,,2021-12-31,x8,Eläkekulut,md103,Tilikauden rahallinen kertymä,-108436.39,ISO4217_EUR,2,MCY=x8;REF=x53,https://avoindata.prh.fi/opendata-xbrl-api/v3/financial?businessId=2634259-4&financialDate=2022-12-31
20,2634259-4,Asianajotoimisto Ferenda Oy,2022-12-31,2023-04-04,instant,,2022-12-31,x9,Muut henkilösivukulut,md103,Tilikauden rahallinen kertymä,-13186.46,ISO4217_EUR,2,MCY=x9,https://avoindata.prh.fi/opendata-xbrl-api/v3/financial?businessId=2634259-4&financialDate=2022-12-31
20,2634259-4,Asianajotoimisto Ferenda Oy,2022-12-31,2023-04-04,instant,,2021-12-31,x9,Muut henkilösivukulut,md103,Tilikauden rahallinen kertymä,-14327.77,ISO4217_EUR,2,MCY=x9;REF=x53,https://avoindata.prh.fi/opendata-xbrl-api/v3/financial?businessId=2634259-4&financialDate=2022-12-31
20,2634259-4,Asianajotoimisto Ferenda Oy,2022-12-31,2023-04-04,instant,,2022-12-31,x5,Henkilöstökulut,md103,Tilikauden rahallinen kertymä,-694490.99,ISO4217_EUR,2,MCY=x5,https://avoindata.prh.fi/opendata-xbrl-api/v3/financial?businessId=2634259-4&financialDate=2022-12-31
20,2634259-4,Asianajotoimisto Ferenda Oy,2022-12-31,2023-04-04,instant,,2021-12-31,x5,Henkilöstökulut,md103,Tilikauden rahallinen kertymä,-685060.80,ISO4217_EUR,2,MCY=x5;REF=x53,https://avoindata.prh.fi/opendata-xbrl-api/v3/financial?businessId=2634259-4&financialDate=2022-12-31
20,2634259-4,Asianajotoimisto Ferenda Oy,2022-12-31,2023-04-04,instant,,2022-12-31,x449,Suunnitelman mukaiset poistot,md103,Tilikauden rahallinen kertymä,-6383.22,ISO4217_EUR,2,MCY=x449,https://avoindata.prh.fi/opendata-xbrl-api/v3/financial?businessId=2634259-4&financialDate=2022-12-31
20,2634259-4,Asianajotoimisto Ferenda Oy,2022-12-31,2023-04-04,instant,,2021-12-31,x449,Suunnitelman mukaiset poistot,md103,Tilikauden rahallinen kertymä,-5560.30,ISO4217_EUR,2,MCY=x449;REF=x53,https://avoindata.prh.fi/opendata-xbrl-api/v3/financial?businessId=2634259-4&financialDate=2022-12-31
20,2634259-4,Asianajotoimisto Ferenda Oy,2022-12-31,2023-04-04,instant,,2022-12-31,x448,Poistot ja arvonalentumiset,md103,Tilikauden rahallinen kertymä,-6383.22,ISO4217_EUR,2,MCY=x448,https://avoindata.prh.fi/opendata-xbrl-api/v3/financial?businessId=2634259-4&financialDate=2022-12-31
20,2634259-4,Asianajotoimisto Ferenda Oy,2022-12-31,2023-04-04,instant,,2021-12-31,x448,Poistot ja arvonalentumiset,md103,Tilikauden rahallinen kertymä,-5560.30,ISO4217_EUR,2,MCY=x448;REF=x53,https://avoindata.prh.fi/opendata-xbrl-api/v3/financial?businessId=2634259-4&financialDate=2022-12-31
20,2634259-4,Asianajotoimisto Ferenda Oy,2022-12-31,2023-04-04,instant,,2022-12-31,x1869,Liiketoiminnan muut kulut,md103,Tilikauden rahallinen kertymä,-309447.19,ISO4217_EUR,2,MCY=x1869,https://avoindata.prh.fi/opendata-xbrl-api/v3/financial?businessId=2634259-4&financialDate=2022-12-31
20,2634259-4,Asianajotoimisto Ferenda Oy,2022-12-31,2023-04-04,instant,,2021-12-31,x1869,Liiketoiminnan muut kulut,md103,Tilikauden rahallinen kertymä,-270266.15,ISO4217_EUR,2,MCY=x1869;REF=x53,https://avoindata.prh.fi/opendata-xbrl-api/v3/financial?businessId=2634259-4&financialDate=2022-12-31
20,2634259-4,Asianajotoimisto Ferenda Oy,2022-12-31,2023-04-04,instant,,2022-12-31,x689,Liikevoitto (-tappio),md103,Tilikauden rahallinen kertymä,103499.79,ISO4217_EUR,2,MCY=x689,https://avoindata.prh.fi/opendata-xbrl-api/v3/financial?businessId=2634259-4&financialDate=2022-12-31
20,2634259-4,Asianajotoimisto Ferenda Oy,2022-12-31,2023-04-04,instant,,2021-12-31,x689,Liikevoitto (-tappio),md103,Tilikauden rahallinen kertymä,61980.91,ISO4217_EUR,2,MCY=x689;REF=x53,https://avoindata.prh.fi/opendata-xbrl-api/v3/financial?businessId=2634259-4&financialDate=2022-12-31
20,2634259-4,Asianajotoimisto Ferenda Oy,2022-12-31,2023-04-04,instant,,2022-12-31,x4014,Muut korko- ja rahoitustuotot muilta kuin saman konsernin yrityksiltä,md103,Tilikauden rahallinen kertymä,1138.46,ISO4217_EUR,2,MCY=x4014,https://avoindata.prh.fi/opendata-xbrl-api/v3/financial?businessId=2634259-4&financialDate=2022-12-31
20,2634259-4,Asianajotoimisto Ferenda Oy,2022-12-31,2023-04-04,instant,,2021-12-31,x4014,Muut korko- ja rahoitustuotot muilta kuin saman konsernin yrityksiltä,md103,Tilikauden rahallinen kertymä,522.79,ISO4217_EUR,2,MCY=x4014;REF=x53,https://avoindata.prh.fi/opendata-xbrl-api/v3/financial?businessId=2634259-4&financialDate=2022-12-31
20,2634259-4,Asianajotoimisto Ferenda Oy,2022-12-31,2023-04-04,instant,,2022-12-31,x4046,Korkokulut- ja muut rahoituskulut muille kuin saman konsernin yrityksille,md103,Tilikauden rahallinen kertymä,-856.91,ISO4217_EUR,2,MCY=x4046,https://avoindata.prh.fi/opendata-xbrl-api/v3/financial?businessId=2634259-4&financialDate=2022-12-31
20,2634259-4,Asianajotoimisto Ferenda Oy,2022-12-31,2023-04-04,instant,,2021-12-31,x4046,Korkokulut- ja muut rahoituskulut muille kuin saman konsernin yrityksille,md103,Tilikauden rahallinen kertymä,-1142.00,ISO4217_EUR,2,MCY=x4046;REF=x53,https://avoindata.prh.fi/opendata-xbrl-api/v3/financial?businessId=2634259-4&financialDate=2022-12-31
20,2634259-4,Asianajotoimisto Ferenda Oy,2022-12-31,2023-04-04,instant,,2022-12-31,x12,Rahoitustuotot ja -kulut + (-),md103,Tilikauden rahallinen kertymä,281.55,ISO4217_EUR,2,MCY=x12,https://avoindata.prh.fi/opendata-xbrl-api/v3/financial?businessId=2634259-4&financialDate=2022-12-31
20,2634259-4,Asianajotoimisto Ferenda Oy,2022-12-31,2023-04-04,instant,,2021-12-31,x12,Rahoitustuotot ja -kulut + (-),md103,Tilikauden rahallinen kertymä,-619.21,ISO4217_EUR,2,MCY=x12;REF=x53,https://avoindata.prh.fi/opendata-xbrl-api/v3/financial?businessId=2634259-4&financialDate=2022-12-31
20,2634259-4,Asianajotoimisto Ferenda Oy,2022-12-31,2023-04-04,instant,,2022-12-31,x738,Voitto (tappio) ennen tilinpäätössiirtoja ja veroja,md103,Tilikauden rahallinen kertymä,103781.34,ISO4217_EUR,2,MCY=x738,https://avoindata.prh.fi/opendata-xbrl-api/v3/financial?businessId=2634259-4&financialDate=2022-12-31
20,2634259-4,Asianajotoimisto Ferenda Oy,2022-12-31,2023-04-04,instant,,2021-12-31,x738,Voitto (tappio) ennen tilinpäätössiirtoja ja veroja,md103,Tilikauden rahallinen kertymä,61361.70,ISO4217_EUR,2,MCY=x738;REF=x53,https://avoindata.prh.fi/opendata-xbrl-api/v3/financial?businessId=2634259-4&financialDate=2022-12-31
20,2634259-4,Asianajotoimisto Ferenda Oy,2022-12-31,2023-04-04,instant,,2022-12-31,x541,Tuloverot,md103,Tilikauden rahallinen kertymä,-21248.36,ISO4217_EUR,2,MCY=x541,https://avoindata.prh.fi/opendata-xbrl-api/v3/financial?businessId=2634259-4&financialDate=2022-12-31
20,2634259-4,Asianajotoimisto Ferenda Oy,2022-12-31,2023-04-04,instant,,2021-12-31,x541,Tuloverot,md103,Tilikauden rahallinen kertymä,-12691.36,ISO4217_EUR,2,MCY=x541;REF=x53,https://avoindata.prh.fi/opendata-xbrl-api/v3/financial?businessId=2634259-4&financialDate=2022-12-31
20,2634259-4,Asianajotoimisto Ferenda Oy,2022-12-31,2023-04-04,instant,,2022-12-31,x740,Tilikauden voitto (tappio),md103,Tilikauden rahallinen kertymä,82532.98,ISO4217_EUR,2,MCY=x740,https://avoindata.prh.fi/opendata-xbrl-api/v3/financial?businessId=2634259-4&financialDate=2022-12-31
20,2634259-4,Asianajotoimisto Ferenda Oy,2022-12-31,2023-04-04,instant,,2021-12-31,x740,Tilikauden voitto (tappio),md103,Tilikauden rahallinen kertymä,48670.34,ISO4217_EUR,2,MCY=x740;REF=x53,https://avoindata.prh.fi/opendata-xbrl-api/v3/financial?businessId=2634259-4&financialDate=2022-12-31
21,2859259-7,Ponsor Invest Oy,2025-12-31,2026-01-31,instant,,2025-12-31,x1742,Muut osakkeet ja osuudet,mi53,Kirjanpitoarvo,92601.85,ISO4217_EUR,2,MCY=x1742,https://avoindata.prh.fi/opendata-xbrl-api/v3/financial?businessId=2859259-7&financialDate=2025-12-31
21,2859259-7,Ponsor Invest Oy,2025-12-31,2026-01-31,instant,,2024-12-31,x1742,Muut osakkeet ja osuudet,mi53,Kirjanpitoarvo,91419.85,ISO4217_EUR,2,MCY=x1742;REF=x4,https://avoindata.prh.fi/opendata-xbrl-api/v3/financial?businessId=2859259-7&financialDate=2025-12-31
21,2859259-7,Ponsor Invest Oy,2025-12-31,2026-01-31,instant,,2025-12-31,x583,Sijoitukset,mi53,Kirjanpitoarvo,92601.85,ISO4217_EUR,2,MCY=x583,https://avoindata.prh.fi/opendata-xbrl-api/v3/financial?businessId=2859259-7&financialDate=2025-12-31
21,2859259-7,Ponsor Invest Oy,2025-12-31,2026-01-31,instant,,2024-12-31,x583,Sijoitukset,mi53,Kirjanpitoarvo,91419.85,ISO4217_EUR,2,MCY=x583;REF=x4,https://avoindata.prh.fi/opendata-xbrl-api/v3/financial?businessId=2859259-7&financialDate=2025-12-31
21,2859259-7,Ponsor Invest Oy,2025-12-31,2026-01-31,instant,,2025-12-31,x513,Pysyvät vastaavat,mi53,Kirjanpitoarvo,92601.85,ISO4217_EUR,2,MCY=x513,https://avoindata.prh.fi/opendata-xbrl-api/v3/financial?businessId=2859259-7&financialDate=2025-12-31
21,2859259-7,Ponsor Invest Oy,2025-12-31,2026-01-31,instant,,2024-12-31,x513,Pysyvät vastaavat,mi53,Kirjanpitoarvo,91419.85,ISO4217_EUR,2,MCY=x513;REF=x4,https://avoindata.prh.fi/opendata-xbrl-api/v3/financial?businessId=2859259-7&financialDate=2025-12-31
21,2859259-7,Ponsor Invest Oy,2025-12-31,2026-01-31,instant,,2025-12-31,x1769,Lyhytaikaiset myyntisaamiset,mi53,Kirjanpitoarvo,2510.00,ISO4217_EUR,2,MCY=x1769,https://avoindata.prh.fi/opendata-xbrl-api/v3/financial?businessId=2859259-7&financialDate=2025-12-31
21,2859259-7,Ponsor Invest Oy,2025-12-31,2026-01-31,instant,,2024-12-31,x1769,Lyhytaikaiset myyntisaamiset,mi53,Kirjanpitoarvo,0.00,ISO4217_EUR,2,MCY=x1769;REF=x4,https://avoindata.prh.fi/opendata-xbrl-api/v3/financial?businessId=2859259-7&financialDate=2025-12-31
21,2859259-7,Ponsor Invest Oy,2025-12-31,2026-01-31,instant,,2025-12-31,x1770,Lyhytaikaiset lainasaamiset,mi53,Kirjanpitoarvo,3862.47,ISO4217_EUR,2,MCY=x1770,https://avoindata.prh.fi/opendata-xbrl-api/v3/financial?businessId=2859259-7&financialDate=2025-12-31
21,2859259-7,Ponsor Invest Oy,2025-12-31,2026-01-31,instant,,2024-12-31,x1770,Lyhytaikaiset lainasaamiset,mi53,Kirjanpitoarvo,7199.68,ISO4217_EUR,2,MCY=x1770;REF=x4,https://avoindata.prh.fi/opendata-xbrl-api/v3/financial?businessId=2859259-7&financialDate=2025-12-31
21,2859259-7,Ponsor Invest Oy,2025-12-31,2026-01-31,instant,,2025-12-31,x1775,Lyhytaikaiset siirtosaamiset,mi53,Kirjanpitoarvo,12000.00,ISO4217_EUR,2,MCY=x1775,https://avoindata.prh.fi/opendata-xbrl-api/v3/financial?businessId=2859259-7&financialDate=2025-12-31
21,2859259-7,Ponsor Invest Oy,2025-12-31,2026-01-31,instant,,2024-12-31,x1775,Lyhytaikaiset siirtosaamiset,mi53,Kirjanpitoarvo,2693.33,ISO4217_EUR,2,MCY=x1775;REF=x4,https://avoindata.prh.fi/opendata-xbrl-api/v3/financial?businessId=2859259-7&financialDate=2025-12-31
21,2859259-7,Ponsor Invest Oy,2025-12-31,2026-01-31,instant,,2025-12-31,x1768,Lyhytaikaiset saamiset,mi53,Kirjanpitoarvo,18372.47,ISO4217_EUR,2,MCY=x1768,https://avoindata.prh.fi/opendata-xbrl-api/v3/financial?businessId=2859259-7&financialDate=2025-12-31
21,2859259-7,Ponsor Invest Oy,2025-12-31,2026-01-31,instant,,2024-12-31,x1768,Lyhytaikaiset saamiset,mi53,Kirjanpitoarvo,9893.01,ISO4217_EUR,2,MCY=x1768;REF=x4,https://avoindata.prh.fi/opendata-xbrl-api/v3/financial?businessId=2859259-7&financialDate=2025-12-31
21,2859259-7,Ponsor Invest Oy,2025-12-31,2026-01-31,instant,,2025-12-31,x438,Saamiset,mi53,Kirjanpitoarvo,18372.47,ISO4217_EUR,2,MCY=x438,https://avoindata.prh.fi/opendata-xbrl-api/v3/financial?businessId=2859259-7&financialDate=2025-12-31
21,2859259-7,Ponsor Invest Oy,2025-12-31,2026-01-31,instant,,2024-12-31,x438,Saamiset,mi53,Kirjanpitoarvo,9893.01,ISO4217_EUR,2,MCY=x438;REF=x4,https://avoindata.prh.fi/opendata-xbrl-api/v3/financial?businessId=2859259-7&financialDate=2025-12-31
21,2859259-7,Ponsor Invest Oy,2025-12-31,2026-01-31,instant,,2025-12-31,x399,Rahat ja pankkisaamiset,mi53,Kirjanpitoarvo,18270.50,ISO4217_EUR,2,MCY=x399,https://avoindata.prh.fi/opendata-xbrl-api/v3/financial?businessId=2859259-7&financialDate=2025-12-31
21,2859259-7,Ponsor Invest Oy,2025-12-31,2026-01-31,instant,,2024-12-31,x399,Rahat ja pankkisaamiset,mi53,Kirjanpitoarvo,48230.53,ISO4217_EUR,2,MCY=x399;REF=x4,https://avoindata.prh.fi/opendata-xbrl-api/v3/financial?businessId=2859259-7&financialDate=2025-12-31
21,2859259-7,Ponsor Invest Oy,2025-12-31,2026-01-31,instant,,2025-12-31,x435,Vaihtuvat vastaavat,mi53,Kirjanpitoarvo,36642.97,ISO4217_EUR,2,MCY=x435,https://avoindata.prh.fi/opendata-xbrl-api/v3/financial?businessId=2859259-7&financialDate=2025-12-31
21,2859259-7,Ponsor Invest Oy,2025-12-31,2026-01-31,instant,,2024-12-31,x435,Vaihtuvat vastaavat,mi53,Kirjanpitoarvo,58123.54,ISO4217_EUR,2,MCY=x435;REF=x4,https://avoindata.prh.fi/opendata-xbrl-api/v3/financial?businessId=2859259-7&financialDate=2025-12-31
21,2859259-7,Ponsor Invest Oy,2025-12-31,2026-01-31,instant,,2025-12-31,x360,Vastaavaa,mi53,Kirjanpitoarvo,129244.82,ISO4217_EUR,2,MCY=x360,https://avoindata.prh.fi/opendata-xbrl-api/v3/financial?businessId=2859259-7&financialDate=2025-12-31
21,2859259-7,Ponsor Invest Oy,2025-12-31,2026-01-31,instant,,2024-12-31,x360,Vastaavaa,mi53,Kirjanpitoarvo,149543.39,ISO4217_EUR,2,MCY=x360;REF=x4,https://avoindata.prh.fi/opendata-xbrl-api/v3/financial?businessId=2859259-7&financialDate=2025-12-31
21,2859259-7,Ponsor Invest Oy,2025-12-31,2026-01-31,instant,,2025-12-31,x4116,"Osake-, osuus- tai muu vastaava pääoma",mi53,Kirjanpitoarvo,2500.00,ISO4217_EUR,2,MCY=x4116,https://avoindata.prh.fi/opendata-xbrl-api/v3/financial?businessId=2859259-7&financialDate=2025-12-31
21,2859259-7,Ponsor Invest Oy,2025-12-31,2026-01-31,instant,,2024-12-31,x4116,"Osake-, osuus- tai muu vastaava pääoma",mi53,Kirjanpitoarvo,2500.00,ISO4217_EUR,2,MCY=x4116;REF=x4,https://avoindata.prh.fi/opendata-xbrl-api/v3/financial?businessId=2859259-7&financialDate=2025-12-31
21,2859259-7,Ponsor Invest Oy,2025-12-31,2026-01-31,instant,,2025-12-31,x932,Edellisten tilikausien voitto (tappio),mi53,Kirjanpitoarvo,53001.68,ISO4217_EUR,2,MCY=x932,https://avoindata.prh.fi/opendata-xbrl-api/v3/financial?businessId=2859259-7&financialDate=2025-12-31
21,2859259-7,Ponsor Invest Oy,2025-12-31,2026-01-31,instant,,2024-12-31,x932,Edellisten tilikausien voitto (tappio),mi53,Kirjanpitoarvo,43853.42,ISO4217_EUR,2,MCY=x932;REF=x4,https://avoindata.prh.fi/opendata-xbrl-api/v3/financial?businessId=2859259-7&financialDate=2025-12-31
21,2859259-7,Ponsor Invest Oy,2025-12-31,2026-01-31,instant,,2025-12-31,x2895,"Tilikauden voitto (tappio), oma pääoma",mi53,Kirjanpitoarvo,-6278.27,ISO4217_EUR,2,MCY=x2895,https://avoindata.prh.fi/opendata-xbrl-api/v3/financial?businessId=2859259-7&financialDate=2025-12-31
21,2859259-7,Ponsor Invest Oy,2025-12-31,2026-01-31,instant,,2024-12-31,x2895,"Tilikauden voitto (tappio), oma pääoma",mi53,Kirjanpitoarvo,13948.26,ISO4217_EUR,2,MCY=x2895;REF=x4,https://avoindata.prh.fi/opendata-xbrl-api/v3/financial?businessId=2859259-7&financialDate=2025-12-31
21,2859259-7,Ponsor Invest Oy,2025-12-31,2026-01-31,instant,,2025-12-31,x376,Oma pääoma,mi53,Kirjanpitoarvo,49223.41,ISO4217_EUR,2,MCY=x376,https://avoindata.prh.fi/opendata-xbrl-api/v3/financial?businessId=2859259-7&financialDate=2025-12-31
21,2859259-7,Ponsor Invest Oy,2025-12-31,2026-01-31,instant,,2024-12-31,x376,Oma pääoma,mi53,Kirjanpitoarvo,60301.68,ISO4217_EUR,2,MCY=x376;REF=x4,https://avoindata.prh.fi/opendata-xbrl-api/v3/financial?businessId=2859259-7&financialDate=2025-12-31
21,2859259-7,Ponsor Invest Oy,2025-12-31,2026-01-31,instant,,2025-12-31,x2934,Pitkäaikaiset lainat rahoituslaitoksilta,mi53,Kirjanpitoarvo,67577.41,ISO4217_EUR,2,MCY=x2934,https://avoindata.prh.fi/opendata-xbrl-api/v3/financial?businessId=2859259-7&financialDate=2025-12-31
21,2859259-7,Ponsor Invest Oy,2025-12-31,2026-01-31,instant,,2024-12-31,x2934,Pitkäaikaiset lainat rahoituslaitoksilta,mi53,Kirjanpitoarvo,68600.00,ISO4217_EUR,2,MCY=x2934;REF=x4,https://avoindata.prh.fi/opendata-xbrl-api/v3/financial?businessId=2859259-7&financialDate=2025-12-31
21,2859259-7,Ponsor Invest Oy,2025-12-31,2026-01-31,instant,,2025-12-31,x1830,Pitkäaikainen vieras pääoma,mi53,Kirjanpitoarvo,67577.41,ISO4217_EUR,2,MCY=x1830,https://avoindata.prh.fi/opendata-xbrl-api/v3/financial?businessId=2859259-7&financialDate=2025-12-31
21,2859259-7,Ponsor Invest Oy,2025-12-31,2026-01-31,instant,,2024-12-31,x1830,Pitkäaikainen vieras pääoma,mi53,Kirjanpitoarvo,68600.00,ISO4217_EUR,2,MCY=x1830;REF=x4,https://avoindata.prh.fi/opendata-xbrl-api/v3/financial?businessId=2859259-7&financialDate=2025-12-31
21,2859259-7,Ponsor Invest Oy,2025-12-31,2026-01-31,instant,,2025-12-31,x3023,Lyhytaikaiset lainat rahoituslaitoksilta,mi53,Kirjanpitoarvo,5500.00,ISO4217_EUR,2,MCY=x3023,https://avoindata.prh.fi/opendata-xbrl-api/v3/financial?businessId=2859259-7&financialDate=2025-12-31
21,2859259-7,Ponsor Invest Oy,2025-12-31,2026-01-31,instant,,2024-12-31,x3023,Lyhytaikaiset lainat rahoituslaitoksilta,mi53,Kirjanpitoarvo,11040.00,ISO4217_EUR,2,MCY=x3023;REF=x4,https://avoindata.prh.fi/opendata-xbrl-api/v3/financial?businessId=2859259-7&financialDate=2025-12-31
21,2859259-7,Ponsor Invest Oy,2025-12-31,2026-01-31,instant,,2025-12-31,x1819,Lyhytaikaiset ostovelat,mi53,Kirjanpitoarvo,0.00,ISO4217_EUR,2,MCY=x1819,https://avoindata.prh.fi/opendata-xbrl-api/v3/financial?businessId=2859259-7&financialDate=2025-12-31
21,2859259-7,Ponsor Invest Oy,2025-12-31,2026-01-31,instant,,2024-12-31,x1819,Lyhytaikaiset ostovelat,mi53,Kirjanpitoarvo,2008.79,ISO4217_EUR,2,MCY=x1819;REF=x4,https://avoindata.prh.fi/opendata-xbrl-api/v3/financial?businessId=2859259-7&financialDate=2025-12-31
21,2859259-7,Ponsor Invest Oy,2025-12-31,2026-01-31,instant,,2025-12-31,x1825,Lyhytaikaiset muut velat,mi53,Kirjanpitoarvo,6944.00,ISO4217_EUR,2,MCY=x1825,https://avoindata.prh.fi/opendata-xbrl-api/v3/financial?businessId=2859259-7&financialDate=2025-12-31
21,2859259-7,Ponsor Invest Oy,2025-12-31,2026-01-31,instant,,2024-12-31,x1825,Lyhytaikaiset muut velat,mi53,Kirjanpitoarvo,7592.92,ISO4217_EUR,2,MCY=x1825;REF=x4,https://avoindata.prh.fi/opendata-xbrl-api/v3/financial?businessId=2859259-7&financialDate=2025-12-31
21,2859259-7,Ponsor Invest Oy,2025-12-31,2026-01-31,instant,,2025-12-31,x1811,Lyhytaikainen vieras pääoma,mi53,Kirjanpitoarvo,12444.00,ISO4217_EUR,2,MCY=x1811,https://avoindata.prh.fi/opendata-xbrl-api/v3/financial?businessId=2859259-7&financialDate=2025-12-31
21,2859259-7,Ponsor Invest Oy,2025-12-31,2026-01-31,instant,,2024-12-31,x1811,Lyhytaikainen vieras pääoma,mi53,Kirjanpitoarvo,20641.71,ISO4217_EUR,2,MCY=x1811;REF=x4,https://avoindata.prh.fi/opendata-xbrl-api/v3/financial?businessId=2859259-7&financialDate=2025-12-31
21,2859259-7,Ponsor Invest Oy,2025-12-31,2026-01-31,instant,,2025-12-31,x424,Vieras pääoma,mi53,Kirjanpitoarvo,80021.41,ISO4217_EUR,2,MCY=x424,https://avoindata.prh.fi/opendata-xbrl-api/v3/financial?businessId=2859259-7&financialDate=2025-12-31
21,2859259-7,Ponsor Invest Oy,2025-12-31,2026-01-31,instant,,2024-12-31,x424,Vieras pääoma,mi53,Kirjanpitoarvo,89241.71,ISO4217_EUR,2,MCY=x424;REF=x4,https://avoindata.prh.fi/opendata-xbrl-api/v3/financial?businessId=2859259-7&financialDate=2025-12-31
21,2859259-7,Ponsor Invest Oy,2025-12-31,2026-01-31,instant,,2025-12-31,x481,Vastattavaa,mi53,Kirjanpitoarvo,129244.82,ISO4217_EUR,2,MCY=x481,https://avoindata.prh.fi/opendata-xbrl-api/v3/financial?businessId=2859259-7&financialDate=2025-12-31
21,2859259-7,Ponsor Invest Oy,2025-12-31,2026-01-31,instant,,2024-12-31,x481,Vastattavaa,mi53,Kirjanpitoarvo,149543.39,ISO4217_EUR,2,MCY=x481;REF=x4,https://avoindata.prh.fi/opendata-xbrl-api/v3/financial?businessId=2859259-7&financialDate=2025-12-31
21,2859259-7,Ponsor Invest Oy,2025-12-31,2026-01-31,instant,,2025-12-31,x673,Liikevaihto,md103,Tilikauden rahallinen kertymä,111764.68,ISO4217_EUR,2,MCY=x673,https://avoindata.prh.fi/opendata-xbrl-api/v3/financial?businessId=2859259-7&financialDate=2025-12-31
21,2859259-7,Ponsor Invest Oy,2025-12-31,2026-01-31,instant,,2024-12-31,x673,Liikevaihto,md103,Tilikauden rahallinen kertymä,38200.00,ISO4217_EUR,2,MCY=x673;REF=x53,https://avoindata.prh.fi/opendata-xbrl-api/v3/financial?businessId=2859259-7&financialDate=2025-12-31
21,2859259-7,Ponsor Invest Oy,2025-12-31,2026-01-31,instant,,2025-12-31,x49,Liiketoiminnan muut tuotot,md103,Tilikauden rahallinen kertymä,3760.92,ISO4217_EUR,2,MCY=x49,https://avoindata.prh.fi/opendata-xbrl-api/v3/financial?businessId=2859259-7&financialDate=2025-12-31
21,2859259-7,Ponsor Invest Oy,2025-12-31,2026-01-31,instant,,2024-12-31,x49,Liiketoiminnan muut tuotot,md103,Tilikauden rahallinen kertymä,112952.38,ISO4217_EUR,2,MCY=x49;REF=x53,https://avoindata.prh.fi/opendata-xbrl-api/v3/financial?businessId=2859259-7&financialDate=2025-12-31
21,2859259-7,Ponsor Invest Oy,2025-12-31,2026-01-31,instant,,2025-12-31,x755,Ostot tilikauden aikana,md103,Tilikauden rahallinen kertymä,0.00,ISO4217_EUR,2,MCY=x755,https://avoindata.prh.fi/opendata-xbrl-api/v3/financial?businessId=2859259-7&financialDate=2025-12-31
21,2859259-7,Ponsor Invest Oy,2025-12-31,2026-01-31,instant,,2024-12-31,x755,Ostot tilikauden aikana,md103,Tilikauden rahallinen kertymä,8415.32,ISO4217_EUR,2,MCY=x755;REF=x53,https://avoindata.prh.fi/opendata-xbrl-api/v3/financial?businessId=2859259-7&financialDate=2025-12-31
21,2859259-7,Ponsor Invest Oy,2025-12-31,2026-01-31,instant,,2025-12-31,x10,Palvelujen ostot,md103,Tilikauden rahallinen kertymä,0.00,ISO4217_EUR,2,MCY=x10,https://avoindata.prh.fi/opendata-xbrl-api/v3/financial?businessId=2859259-7&financialDate=2025-12-31
21,2859259-7,Ponsor Invest Oy,2025-12-31,2026-01-31,instant,,2024-12-31,x10,Palvelujen ostot,md103,Tilikauden rahallinen kertymä,597.61,ISO4217_EUR,2,MCY=x10;REF=x53,https://avoindata.prh.fi/opendata-xbrl-api/v3/financial?businessId=2859259-7&financialDate=2025-12-31
21,2859259-7,Ponsor Invest Oy,2025-12-31,2026-01-31,instant,,2025-12-31,x758,Materiaalit ja palvelut,md103,Tilikauden rahallinen kertymä,0.00,ISO4217_EUR,2,MCY=x758,https://avoindata.prh.fi/opendata-xbrl-api/v3/financial?businessId=2859259-7&financialDate=2025-12-31
21,2859259-7,Ponsor Invest Oy,2025-12-31,2026-01-31,instant,,2024-12-31,x758,Materiaalit ja palvelut,md103,Tilikauden rahallinen kertymä,9012.93,ISO4217_EUR,2,MCY=x758;REF=x53,https://avoindata.prh.fi/opendata-xbrl-api/v3/financial?businessId=2859259-7&financialDate=2025-12-31
21,2859259-7,Ponsor Invest Oy,2025-12-31,2026-01-31,instant,,2025-12-31,x6,Palkat ja palkkiot,md103,Tilikauden rahallinen kertymä,61000.00,ISO4217_EUR,2,MCY=x6,https://avoindata.prh.fi/opendata-xbrl-api/v3/financial?businessId=2859259-7&financialDate=2025-12-31
21,2859259-7,Ponsor Invest Oy,2025-12-31,2026-01-31,instant,,2024-12-31,x6,Palkat ja palkkiot,md103,Tilikauden rahallinen kertymä,43235.00,ISO4217_EUR,2,MCY=x6;REF=x53,https://avoindata.prh.fi/opendata-xbrl-api/v3/financial?businessId=2859259-7&financialDate=2025-12-31
21,2859259-7,Ponsor Invest Oy,2025-12-31,2026-01-31,instant,,2025-12-31,x8,Eläkekulut,md103,Tilikauden rahallinen kertymä,7766.61,ISO4217_EUR,2,MCY=x8,https://avoindata.prh.fi/opendata-xbrl-api/v3/financial?businessId=2859259-7&financialDate=2025-12-31
21,2859259-7,Ponsor Invest Oy,2025-12-31,2026-01-31,instant,,2024-12-31,x8,Eläkekulut,md103,Tilikauden rahallinen kertymä,8231.31,ISO4217_EUR,2,MCY=x8;REF=x53,https://avoindata.prh.fi/opendata-xbrl-api/v3/financial?businessId=2859259-7&financialDate=2025-12-31
21,2859259-7,Ponsor Invest Oy,2025-12-31,2026-01-31,instant,,2025-12-31,x9,Muut henkilösivukulut,md103,Tilikauden rahallinen kertymä,2714.24,ISO4217_EUR,2,MCY=x9,https://avoindata.prh.fi/opendata-xbrl-api/v3/financial?businessId=2859259-7&financialDate=2025-12-31
21,2859259-7,Ponsor Invest Oy,2025-12-31,2026-01-31,instant,,2024-12-31,x9,Muut henkilösivukulut,md103,Tilikauden rahallinen kertymä,4565.92,ISO4217_EUR,2,MCY=x9;REF=x53,https://avoindata.prh.fi/opendata-xbrl-api/v3/financial?businessId=2859259-7&financialDate=2025-12-31
21,2859259-7,Ponsor Invest Oy,2025-12-31,2026-01-31,instant,,2025-12-31,x5,Henkilöstökulut,md103,Tilikauden rahallinen kertymä,71480.85,ISO4217_EUR,2,MCY=x5,https://avoindata.prh.fi/opendata-xbrl-api/v3/financial?businessId=2859259-7&financialDate=2025-12-31
21,2859259-7,Ponsor Invest Oy,2025-12-31,2026-01-31,instant,,2024-12-31,x5,Henkilöstökulut,md103,Tilikauden rahallinen kertymä,56032.23,ISO4217_EUR,2,MCY=x5;REF=x53,https://avoindata.prh.fi/opendata-xbrl-api/v3/financial?businessId=2859259-7&financialDate=2025-12-31
21,2859259-7,Ponsor Invest Oy,2025-12-31,2026-01-31,instant,,2025-12-31,x1869,Liiketoiminnan muut kulut,md103,Tilikauden rahallinen kertymä,44897.52,ISO4217_EUR,2,MCY=x1869,https://avoindata.prh.fi/opendata-xbrl-api/v3/financial?businessId=2859259-7&financialDate=2025-12-31
21,2859259-7,Ponsor Invest Oy,2025-12-31,2026-01-31,instant,,2024-12-31,x1869,Liiketoiminnan muut kulut,md103,Tilikauden rahallinen kertymä,58152.85,ISO4217_EUR,2,MCY=x1869;REF=x53,https://avoindata.prh.fi/opendata-xbrl-api/v3/financial?businessId=2859259-7&financialDate=2025-12-31
21,2859259-7,Ponsor Invest Oy,2025-12-31,2026-01-31,instant,,2025-12-31,x689,Liikevoitto (-tappio),md103,Tilikauden rahallinen kertymä,-852.77,ISO4217_EUR,2,MCY=x689,https://avoindata.prh.fi/opendata-xbrl-api/v3/financial?businessId=2859259-7&financialDate=2025-12-31
21,2859259-7,Ponsor Invest Oy,2025-12-31,2026-01-31,instant,,2024-12-31,x689,Liikevoitto (-tappio),md103,Tilikauden rahallinen kertymä,27954.37,ISO4217_EUR,2,MCY=x689;REF=x53,https://avoindata.prh.fi/opendata-xbrl-api/v3/financial?businessId=2859259-7&financialDate=2025-12-31
21,2859259-7,Ponsor Invest Oy,2025-12-31,2026-01-31,instant,,2025-12-31,x4014,Muut korko- ja rahoitustuotot muilta kuin saman konsernin yrityksiltä,md103,Tilikauden rahallinen kertymä,0.00,ISO4217_EUR,2,MCY=x4014,https://avoindata.prh.fi/opendata-xbrl-api/v3/financial?businessId=2859259-7&financialDate=2025-12-31
21,2859259-7,Ponsor Invest Oy,2025-12-31,2026-01-31,instant,,2024-12-31,x4014,Muut korko- ja rahoitustuotot muilta kuin saman konsernin yrityksiltä,md103,Tilikauden rahallinen kertymä,314.21,ISO4217_EUR,2,MCY=x4014;REF=x53,https://avoindata.prh.fi/opendata-xbrl-api/v3/financial?businessId=2859259-7&financialDate=2025-12-31
21,2859259-7,Ponsor Invest Oy,2025-12-31,2026-01-31,instant,,2025-12-31,x4046,Korkokulut- ja muut rahoituskulut muille kuin saman konsernin yrityksille,md103,Tilikauden rahallinen kertymä,5425.50,ISO4217_EUR,2,MCY=x4046,https://avoindata.prh.fi/opendata-xbrl-api/v3/financial?businessId=2859259-7&financialDate=2025-12-31
21,2859259-7,Ponsor Invest Oy,2025-12-31,2026-01-31,instant,,2024-12-31,x4046,Korkokulut- ja muut rahoituskulut muille kuin saman konsernin yrityksille,md103,Tilikauden rahallinen kertymä,14320.32,ISO4217_EUR,2,MCY=x4046;REF=x53,https://avoindata.prh.fi/opendata-xbrl-api/v3/financial?businessId=2859259-7&financialDate=2025-12-31
21,2859259-7,Ponsor Invest Oy,2025-12-31,2026-01-31,instant,,2025-12-31,x12,Rahoitustuotot ja -kulut + (-),md103,Tilikauden rahallinen kertymä,5425.50,ISO4217_EUR,2,MCY=x12,https://avoindata.prh.fi/opendata-xbrl-api/v3/financial?businessId=2859259-7&financialDate=2025-12-31
21,2859259-7,Ponsor Invest Oy,2025-12-31,2026-01-31,instant,,2024-12-31,x12,Rahoitustuotot ja -kulut + (-),md103,Tilikauden rahallinen kertymä,14006.11,ISO4217_EUR,2,MCY=x12;REF=x53,https://avoindata.prh.fi/opendata-xbrl-api/v3/financial?businessId=2859259-7&financialDate=2025-12-31
21,2859259-7,Ponsor Invest Oy,2025-12-31,2026-01-31,instant,,2025-12-31,x738,Voitto (tappio) ennen tilinpäätössiirtoja ja veroja,md103,Tilikauden rahallinen kertymä,-6278.27,ISO4217_EUR,2,MCY=x738,https://avoindata.prh.fi/opendata-xbrl-api/v3/financial?businessId=2859259-7&financialDate=2025-12-31
21,2859259-7,Ponsor Invest Oy,2025-12-31,2026-01-31,instant,,2024-12-31,x738,Voitto (tappio) ennen tilinpäätössiirtoja ja veroja,md103,Tilikauden rahallinen kertymä,13948.26,ISO4217_EUR,2,MCY=x738;REF=x53,https://avoindata.prh.fi/opendata-xbrl-api/v3/financial?businessId=2859259-7&financialDate=2025-12-31
21,2859259-7,Ponsor Invest Oy,2025-12-31,2026-01-31,instant,,2025-12-31,x740,Tilikauden voitto (tappio),md103,Tilikauden rahallinen kertymä,-6278.27,ISO4217_EUR,2,MCY=x740,https://avoindata.prh.fi/opendata-xbrl-api/v3/financial?businessId=2859259-7&financialDate=2025-12-31
21,2859259-7,Ponsor Invest Oy,2025-12-31,2026-01-31,instant,,2024-12-31,x740,Tilikauden voitto (tappio),md103,Tilikauden rahallinen kertymä,13948.26,ISO4217_EUR,2,MCY=x740;REF=x53,https://avoindata.prh.fi/opendata-xbrl-api/v3/financial?businessId=2859259-7&financialDate=2025-12-31
22,2859618-4,Haataja Invest Oy,2023-03-31,2023-07-27,instant,,2023-03-31,x1036,Koneet ja kalusto,mi53,Kirjanpitoarvo,1013.92,ISO4217_EUR,2,MCY=x1036,https://avoindata.prh.fi/opendata-xbrl-api/v3/financial?businessId=2859618-4&financialDate=2023-03-31
22,2859618-4,Haataja Invest Oy,2023-03-31,2023-07-27,instant,,2022-03-31,x1036,Koneet ja kalusto,mi53,Kirjanpitoarvo,0.00,ISO4217_EUR,2,MCY=x1036;REF=x4,https://avoindata.prh.fi/opendata-xbrl-api/v3/financial?businessId=2859618-4&financialDate=2023-03-31
22,2859618-4,Haataja Invest Oy,2023-03-31,2023-07-27,instant,,2023-03-31,x816,Aineelliset hyödykkeet,mi53,Kirjanpitoarvo,1013.92,ISO4217_EUR,2,MCY=x816,https://avoindata.prh.fi/opendata-xbrl-api/v3/financial?businessId=2859618-4&financialDate=2023-03-31
22,2859618-4,Haataja Invest Oy,2023-03-31,2023-07-27,instant,,2022-03-31,x816,Aineelliset hyödykkeet,mi53,Kirjanpitoarvo,0.00,ISO4217_EUR,2,MCY=x816;REF=x4,https://avoindata.prh.fi/opendata-xbrl-api/v3/financial?businessId=2859618-4&financialDate=2023-03-31
22,2859618-4,Haataja Invest Oy,2023-03-31,2023-07-27,instant,,2023-03-31,x1742,Muut osakkeet ja osuudet,mi53,Kirjanpitoarvo,33686.20,ISO4217_EUR,2,MCY=x1742,https://avoindata.prh.fi/opendata-xbrl-api/v3/financial?businessId=2859618-4&financialDate=2023-03-31
22,2859618-4,Haataja Invest Oy,2023-03-31,2023-07-27,instant,,2022-03-31,x1742,Muut osakkeet ja osuudet,mi53,Kirjanpitoarvo,32690.20,ISO4217_EUR,2,MCY=x1742;REF=x4,https://avoindata.prh.fi/opendata-xbrl-api/v3/financial?businessId=2859618-4&financialDate=2023-03-31
22,2859618-4,Haataja Invest Oy,2023-03-31,2023-07-27,instant,,2023-03-31,x583,Sijoitukset,mi53,Kirjanpitoarvo,33686.20,ISO4217_EUR,2,MCY=x583,https://avoindata.prh.fi/opendata-xbrl-api/v3/financial?businessId=2859618-4&financialDate=2023-03-31
22,2859618-4,Haataja Invest Oy,2023-03-31,2023-07-27,instant,,2022-03-31,x583,Sijoitukset,mi53,Kirjanpitoarvo,32690.20,ISO4217_EUR,2,MCY=x583;REF=x4,https://avoindata.prh.fi/opendata-xbrl-api/v3/financial?businessId=2859618-4&financialDate=2023-03-31
22,2859618-4,Haataja Invest Oy,2023-03-31,2023-07-27,instant,,2023-03-31,x513,Pysyvät vastaavat,mi53,Kirjanpitoarvo,34700.12,ISO4217_EUR,2,MCY=x513,https://avoindata.prh.fi/opendata-xbrl-api/v3/financial?businessId=2859618-4&financialDate=2023-03-31
22,2859618-4,Haataja Invest Oy,2023-03-31,2023-07-27,instant,,2022-03-31,x513,Pysyvät vastaavat,mi53,Kirjanpitoarvo,32690.20,ISO4217_EUR,2,MCY=x513;REF=x4,https://avoindata.prh.fi/opendata-xbrl-api/v3/financial?businessId=2859618-4&financialDate=2023-03-31
22,2859618-4,Haataja Invest Oy,2023-03-31,2023-07-27,instant,,2023-03-31,x1760,Muu vaihto-omaisuus,mi53,Kirjanpitoarvo,4977.03,ISO4217_EUR,2,MCY=x1760,https://avoindata.prh.fi/opendata-xbrl-api/v3/financial?businessId=2859618-4&financialDate=2023-03-31
22,2859618-4,Haataja Invest Oy,2023-03-31,2023-07-27,instant,,2022-03-31,x1760,Muu vaihto-omaisuus,mi53,Kirjanpitoarvo,4438.85,ISO4217_EUR,2,MCY=x1760;REF=x4,https://avoindata.prh.fi/opendata-xbrl-api/v3/financial?businessId=2859618-4&financialDate=2023-03-31
22,2859618-4,Haataja Invest Oy,2023-03-31,2023-07-27,instant,,2023-03-31,x807,Vaihto-omaisuus,mi53,Kirjanpitoarvo,4977.03,ISO4217_EUR,2,MCY=x807,https://avoindata.prh.fi/opendata-xbrl-api/v3/financial?businessId=2859618-4&financialDate=2023-03-31
22,2859618-4,Haataja Invest Oy,2023-03-31,2023-07-27,instant,,2022-03-31,x807,Vaihto-omaisuus,mi53,Kirjanpitoarvo,4438.85,ISO4217_EUR,2,MCY=x807;REF=x4,https://avoindata.prh.fi/opendata-xbrl-api/v3/financial?businessId=2859618-4&financialDate=2023-03-31
22,2859618-4,Haataja Invest Oy,2023-03-31,2023-07-27,instant,,2023-03-31,x1771,Lyhytaikaiset muut saamiset,mi53,Kirjanpitoarvo,452.36,ISO4217_EUR,2,MCY=x1771,https://avoindata.prh.fi/opendata-xbrl-api/v3/financial?businessId=2859618-4&financialDate=2023-03-31
22,2859618-4,Haataja Invest Oy,2023-03-31,2023-07-27,instant,,2022-03-31,x1771,Lyhytaikaiset muut saamiset,mi53,Kirjanpitoarvo,17.52,ISO4217_EUR,2,MCY=x1771;REF=x4,https://avoindata.prh.fi/opendata-xbrl-api/v3/financial?businessId=2859618-4&financialDate=2023-03-31
22,2859618-4,Haataja Invest Oy,2023-03-31,2023-07-27,instant,,2023-03-31,x1775,Lyhytaikaiset siirtosaamiset,mi53,Kirjanpitoarvo,837.80,ISO4217_EUR,2,MCY=x1775,https://avoindata.prh.fi/opendata-xbrl-api/v3/financial?businessId=2859618-4&financialDate=2023-03-31
22,2859618-4,Haataja Invest Oy,2023-03-31,2023-07-27,instant,,2022-03-31,x1775,Lyhytaikaiset siirtosaamiset,mi53,Kirjanpitoarvo,1154.58,ISO4217_EUR,2,MCY=x1775;REF=x4,https://avoindata.prh.fi/opendata-xbrl-api/v3/financial?businessId=2859618-4&financialDate=2023-03-31
22,2859618-4,Haataja Invest Oy,2023-03-31,2023-07-27,instant,,2023-03-31,x1768,Lyhytaikaiset saamiset,mi53,Kirjanpitoarvo,1290.16,ISO4217_EUR,2,MCY=x1768,https://avoindata.prh.fi/opendata-xbrl-api/v3/financial?businessId=2859618-4&financialDate=2023-03-31
22,2859618-4,Haataja Invest Oy,2023-03-31,2023-07-27,instant,,2022-03-31,x1768,Lyhytaikaiset saamiset,mi53,Kirjanpitoarvo,1172.10,ISO4217_EUR,2,MCY=x1768;REF=x4,https://avoindata.prh.fi/opendata-xbrl-api/v3/financial?businessId=2859618-4&financialDate=2023-03-31
22,2859618-4,Haataja Invest Oy,2023-03-31,2023-07-27,instant,,2023-03-31,x438,Saamiset,mi53,Kirjanpitoarvo,1290.16,ISO4217_EUR,2,MCY=x438,https://avoindata.prh.fi/opendata-xbrl-api/v3/financial?businessId=2859618-4&financialDate=2023-03-31
22,2859618-4,Haataja Invest Oy,2023-03-31,2023-07-27,instant,,2022-03-31,x438,Saamiset,mi53,Kirjanpitoarvo,1172.10,ISO4217_EUR,2,MCY=x438;REF=x4,https://avoindata.prh.fi/opendata-xbrl-api/v3/financial?businessId=2859618-4&financialDate=2023-03-31
22,2859618-4,Haataja Invest Oy,2023-03-31,2023-07-27,instant,,2023-03-31,x2191,"Muut osakkeet ja osuudet, rahoitusarvopaperit",mi53,Kirjanpitoarvo,2019.66,ISO4217_EUR,2,MCY=x2191,https://avoindata.prh.fi/opendata-xbrl-api/v3/financial?businessId=2859618-4&financialDate=2023-03-31
22,2859618-4,Haataja Invest Oy,2023-03-31,2023-07-27,instant,,2022-03-31,x2191,"Muut osakkeet ja osuudet, rahoitusarvopaperit",mi53,Kirjanpitoarvo,2427.93,ISO4217_EUR,2,MCY=x2191;REF=x4,https://avoindata.prh.fi/opendata-xbrl-api/v3/financial?businessId=2859618-4&financialDate=2023-03-31
22,2859618-4,Haataja Invest Oy,2023-03-31,2023-07-27,instant,,2023-03-31,x578,Rahoitusarvopaperit,mi53,Kirjanpitoarvo,2019.66,ISO4217_EUR,2,MCY=x578,https://avoindata.prh.fi/opendata-xbrl-api/v3/financial?businessId=2859618-4&financialDate=2023-03-31
22,2859618-4,Haataja Invest Oy,2023-03-31,2023-07-27,instant,,2022-03-31,x578,Rahoitusarvopaperit,mi53,Kirjanpitoarvo,2427.93,ISO4217_EUR,2,MCY=x578;REF=x4,https://avoindata.prh.fi/opendata-xbrl-api/v3/financial?businessId=2859618-4&financialDate=2023-03-31
22,2859618-4,Haataja Invest Oy,2023-03-31,2023-07-27,instant,,2023-03-31,x399,Rahat ja pankkisaamiset,mi53,Kirjanpitoarvo,7317.99,ISO4217_EUR,2,MCY=x399,https://avoindata.prh.fi/opendata-xbrl-api/v3/financial?businessId=2859618-4&financialDate=2023-03-31
22,2859618-4,Haataja Invest Oy,2023-03-31,2023-07-27,instant,,2022-03-31,x399,Rahat ja pankkisaamiset,mi53,Kirjanpitoarvo,10198.56,ISO4217_EUR,2,MCY=x399;REF=x4,https://avoindata.prh.fi/opendata-xbrl-api/v3/financial?businessId=2859618-4&financialDate=2023-03-31
22,2859618-4,Haataja Invest Oy,2023-03-31,2023-07-27,instant,,2023-03-31,x435,Vaihtuvat vastaavat,mi53,Kirjanpitoarvo,15604.84,ISO4217_EUR,2,MCY=x435,https://avoindata.prh.fi/opendata-xbrl-api/v3/financial?businessId=2859618-4&financialDate=2023-03-31
22,2859618-4,Haataja Invest Oy,2023-03-31,2023-07-27,instant,,2022-03-31,x435,Vaihtuvat vastaavat,mi53,Kirjanpitoarvo,18237.44,ISO4217_EUR,2,MCY=x435;REF=x4,https://avoindata.prh.fi/opendata-xbrl-api/v3/financial?businessId=2859618-4&financialDate=2023-03-31
22,2859618-4,Haataja Invest Oy,2023-03-31,2023-07-27,instant,,2023-03-31,x360,Vastaavaa,mi53,Kirjanpitoarvo,50304.96,ISO4217_EUR,2,MCY=x360,https://avoindata.prh.fi/opendata-xbrl-api/v3/financial?businessId=2859618-4&financialDate=2023-03-31
22,2859618-4,Haataja Invest Oy,2023-03-31,2023-07-27,instant,,2022-03-31,x360,Vastaavaa,mi53,Kirjanpitoarvo,50927.64,ISO4217_EUR,2,MCY=x360;REF=x4,https://avoindata.prh.fi/opendata-xbrl-api/v3/financial?businessId=2859618-4&financialDate=2023-03-31
22,2859618-4,Haataja Invest Oy,2023-03-31,2023-07-27,instant,,2023-03-31,x4116,"Osake-, osuus- tai muu vastaava pääoma",mi53,Kirjanpitoarvo,2500.00,ISO4217_EUR,2,MCY=x4116,https://avoindata.prh.fi/opendata-xbrl-api/v3/financial?businessId=2859618-4&financialDate=2023-03-31
22,2859618-4,Haataja Invest Oy,2023-03-31,2023-07-27,instant,,2022-03-31,x4116,"Osake-, osuus- tai muu vastaava pääoma",mi53,Kirjanpitoarvo,2500.00,ISO4217_EUR,2,MCY=x4116;REF=x4,https://avoindata.prh.fi/opendata-xbrl-api/v3/financial?businessId=2859618-4&financialDate=2023-03-31
22,2859618-4,Haataja Invest Oy,2023-03-31,2023-07-27,instant,,2023-03-31,x932,Edellisten tilikausien voitto (tappio),mi53,Kirjanpitoarvo,13488.98,ISO4217_EUR,2,MCY=x932,https://avoindata.prh.fi/opendata-xbrl-api/v3/financial?businessId=2859618-4&financialDate=2023-03-31
22,2859618-4,Haataja Invest Oy,2023-03-31,2023-07-27,instant,,2022-03-31,x932,Edellisten tilikausien voitto (tappio),mi53,Kirjanpitoarvo,20110.97,ISO4217_EUR,2,MCY=x932;REF=x4,https://avoindata.prh.fi/opendata-xbrl-api/v3/financial?businessId=2859618-4&financialDate=2023-03-31
22,2859618-4,Haataja Invest Oy,2023-03-31,2023-07-27,instant,,2023-03-31,x2895,"Tilikauden voitto (tappio), oma pääoma",mi53,Kirjanpitoarvo,937.82,ISO4217_EUR,2,MCY=x2895,https://avoindata.prh.fi/opendata-xbrl-api/v3/financial?businessId=2859618-4&financialDate=2023-03-31
22,2859618-4,Haataja Invest Oy,2023-03-31,2023-07-27,instant,,2022-03-31,x2895,"Tilikauden voitto (tappio), oma pääoma",mi53,Kirjanpitoarvo,-4821.99,ISO4217_EUR,2,MCY=x2895;REF=x4,https://avoindata.prh.fi/opendata-xbrl-api/v3/financial?businessId=2859618-4&financialDate=2023-03-31
22,2859618-4,Haataja Invest Oy,2023-03-31,2023-07-27,instant,,2023-03-31,x376,Oma pääoma,mi53,Kirjanpitoarvo,16926.80,ISO4217_EUR,2,MCY=x376,https://avoindata.prh.fi/opendata-xbrl-api/v3/financial?businessId=2859618-4&financialDate=2023-03-31
22,2859618-4,Haataja Invest Oy,2023-03-31,2023-07-27,instant,,2022-03-31,x376,Oma pääoma,mi53,Kirjanpitoarvo,17788.98,ISO4217_EUR,2,MCY=x376;REF=x4,https://avoindata.prh.fi/opendata-xbrl-api/v3/financial?businessId=2859618-4&financialDate=2023-03-31
22,2859618-4,Haataja Invest Oy,2023-03-31,2023-07-27,instant,,2023-03-31,x2934,Pitkäaikaiset lainat rahoituslaitoksilta,mi53,Kirjanpitoarvo,0.00,ISO4217_EUR,2,MCY=x2934,https://avoindata.prh.fi/opendata-xbrl-api/v3/financial?businessId=2859618-4&financialDate=2023-03-31
22,2859618-4,Haataja Invest Oy,2023-03-31,2023-07-27,instant,,2022-03-31,x2934,Pitkäaikaiset lainat rahoituslaitoksilta,mi53,Kirjanpitoarvo,15000.00,ISO4217_EUR,2,MCY=x2934;REF=x4,https://avoindata.prh.fi/opendata-xbrl-api/v3/financial?businessId=2859618-4&financialDate=2023-03-31
22,2859618-4,Haataja Invest Oy,2023-03-31,2023-07-27,instant,,2023-03-31,x2233,Pitkäaikaiset muut velat,mi53,Kirjanpitoarvo,13000.00,ISO4217_EUR,2,MCY=x2233,https://avoindata.prh.fi/opendata-xbrl-api/v3/financial?businessId=2859618-4&financialDate=2023-03-31
22,2859618-4,Haataja Invest Oy,2023-03-31,2023-07-27,instant,,2022-03-31,x2233,Pitkäaikaiset muut velat,mi53,Kirjanpitoarvo,13000.00,ISO4217_EUR,2,MCY=x2233;REF=x4,https://avoindata.prh.fi/opendata-xbrl-api/v3/financial?businessId=2859618-4&financialDate=2023-03-31
22,2859618-4,Haataja Invest Oy,2023-03-31,2023-07-27,instant,,2023-03-31,x1830,Pitkäaikainen vieras pääoma,mi53,Kirjanpitoarvo,13000.00,ISO4217_EUR,2,MCY=x1830,https://avoindata.prh.fi/opendata-xbrl-api/v3/financial?businessId=2859618-4&financialDate=2023-03-31
22,2859618-4,Haataja Invest Oy,2023-03-31,2023-07-27,instant,,2022-03-31,x1830,Pitkäaikainen vieras pääoma,mi53,Kirjanpitoarvo,28000.00,ISO4217_EUR,2,MCY=x1830;REF=x4,https://avoindata.prh.fi/opendata-xbrl-api/v3/financial?businessId=2859618-4&financialDate=2023-03-31
22,2859618-4,Haataja Invest Oy,2023-03-31,2023-07-27,instant,,2023-03-31,x3023,Lyhytaikaiset lainat rahoituslaitoksilta,mi53,Kirjanpitoarvo,15000.00,ISO4217_EUR,2,MCY=x3023,https://avoindata.prh.fi/opendata-xbrl-api/v3/financial?businessId=2859618-4&financialDate=2023-03-31
22,2859618-4,Haataja Invest Oy,2023-03-31,2023-07-27,instant,,2022-03-31,x3023,Lyhytaikaiset lainat rahoituslaitoksilta,mi53,Kirjanpitoarvo,0.00,ISO4217_EUR,2,MCY=x3023;REF=x4,https://avoindata.prh.fi/opendata-xbrl-api/v3/financial?businessId=2859618-4&financialDate=2023-03-31
22,2859618-4,Haataja Invest Oy,2023-03-31,2023-07-27,instant,,2023-03-31,x1819,Lyhytaikaiset ostovelat,mi53,Kirjanpitoarvo,251.79,ISO4217_EUR,2,MCY=x1819,https://avoindata.prh.fi/opendata-xbrl-api/v3/financial?businessId=2859618-4&financialDate=2023-03-31
22,2859618-4,Haataja Invest Oy,2023-03-31,2023-07-27,instant,,2022-03-31,x1819,Lyhytaikaiset ostovelat,mi53,Kirjanpitoarvo,587.65,ISO4217_EUR,2,MCY=x1819;REF=x4,https://avoindata.prh.fi/opendata-xbrl-api/v3/financial?businessId=2859618-4&financialDate=2023-03-31
22,2859618-4,Haataja Invest Oy,2023-03-31,2023-07-27,instant,,2023-03-31,x1825,Lyhytaikaiset muut velat,mi53,Kirjanpitoarvo,2851.37,ISO4217_EUR,2,MCY=x1825,https://avoindata.prh.fi/opendata-xbrl-api/v3/financial?businessId=2859618-4&financialDate=2023-03-31
22,2859618-4,Haataja Invest Oy,2023-03-31,2023-07-27,instant,,2022-03-31,x1825,Lyhytaikaiset muut velat,mi53,Kirjanpitoarvo,2351.01,ISO4217_EUR,2,MCY=x1825;REF=x4,https://avoindata.prh.fi/opendata-xbrl-api/v3/financial?businessId=2859618-4&financialDate=2023-03-31
22,2859618-4,Haataja Invest Oy,2023-03-31,2023-07-27,instant,,2023-03-31,x1826,Lyhytaikaiset siirtovelat,mi53,Kirjanpitoarvo,2275.00,ISO4217_EUR,2,MCY=x1826,https://avoindata.prh.fi/opendata-xbrl-api/v3/financial?businessId=2859618-4&financialDate=2023-03-31
22,2859618-4,Haataja Invest Oy,2023-03-31,2023-07-27,instant,,2022-03-31,x1826,Lyhytaikaiset siirtovelat,mi53,Kirjanpitoarvo,2200.00,ISO4217_EUR,2,MCY=x1826;REF=x4,https://avoindata.prh.fi/opendata-xbrl-api/v3/financial?businessId=2859618-4&financialDate=2023-03-31
22,2859618-4,Haataja Invest Oy,2023-03-31,2023-07-27,instant,,2023-03-31,x1811,Lyhytaikainen vieras pääoma,mi53,Kirjanpitoarvo,20378.16,ISO4217_EUR,2,MCY=x1811,https://avoindata.prh.fi/opendata-xbrl-api/v3/financial?businessId=2859618-4&financialDate=2023-03-31
22,2859618-4,Haataja Invest Oy,2023-03-31,2023-07-27,instant,,2022-03-31,x1811,Lyhytaikainen vieras pääoma,mi53,Kirjanpitoarvo,5138.66,ISO4217_EUR,2,MCY=x1811;REF=x4,https://avoindata.prh.fi/opendata-xbrl-api/v3/financial?businessId=2859618-4&financialDate=2023-03-31
22,2859618-4,Haataja Invest Oy,2023-03-31,2023-07-27,instant,,2023-03-31,x424,Vieras pääoma,mi53,Kirjanpitoarvo,33378.16,ISO4217_EUR,2,MCY=x424,https://avoindata.prh.fi/opendata-xbrl-api/v3/financial?businessId=2859618-4&financialDate=2023-03-31
22,2859618-4,Haataja Invest Oy,2023-03-31,2023-07-27,instant,,2022-03-31,x424,Vieras pääoma,mi53,Kirjanpitoarvo,33138.66,ISO4217_EUR,2,MCY=x424;REF=x4,https://avoindata.prh.fi/opendata-xbrl-api/v3/financial?businessId=2859618-4&financialDate=2023-03-31
22,2859618-4,Haataja Invest Oy,2023-03-31,2023-07-27,instant,,2023-03-31,x481,Vastattavaa,mi53,Kirjanpitoarvo,50304.96,ISO4217_EUR,2,MCY=x481,https://avoindata.prh.fi/opendata-xbrl-api/v3/financial?businessId=2859618-4&financialDate=2023-03-31
22,2859618-4,Haataja Invest Oy,2023-03-31,2023-07-27,instant,,2022-03-31,x481,Vastattavaa,mi53,Kirjanpitoarvo,50927.64,ISO4217_EUR,2,MCY=x481;REF=x4,https://avoindata.prh.fi/opendata-xbrl-api/v3/financial?businessId=2859618-4&financialDate=2023-03-31
22,2859618-4,Haataja Invest Oy,2023-03-31,2023-07-27,instant,,2023-03-31,x673,Liikevaihto,md103,Tilikauden rahallinen kertymä,35242.92,ISO4217_EUR,2,MCY=x673,https://avoindata.prh.fi/opendata-xbrl-api/v3/financial?businessId=2859618-4&financialDate=2023-03-31
22,2859618-4,Haataja Invest Oy,2023-03-31,2023-07-27,instant,,2022-03-31,x673,Liikevaihto,md103,Tilikauden rahallinen kertymä,35849.81,ISO4217_EUR,2,MCY=x673;REF=x53,https://avoindata.prh.fi/opendata-xbrl-api/v3/financial?businessId=2859618-4&financialDate=2023-03-31
22,2859618-4,Haataja Invest Oy,2023-03-31,2023-07-27,instant,,2023-03-31,x49,Liiketoiminnan muut tuotot,md103,Tilikauden rahallinen kertymä,0.00,ISO4217_EUR,2,MCY=x49,https://avoindata.prh.fi/opendata-xbrl-api/v3/financial?businessId=2859618-4&financialDate=2023-03-31
22,2859618-4,Haataja Invest Oy,2023-03-31,2023-07-27,instant,,2022-03-31,x49,Liiketoiminnan muut tuotot,md103,Tilikauden rahallinen kertymä,2000.00,ISO4217_EUR,2,MCY=x49;REF=x53,https://avoindata.prh.fi/opendata-xbrl-api/v3/financial?businessId=2859618-4&financialDate=2023-03-31
22,2859618-4,Haataja Invest Oy,2023-03-31,2023-07-27,instant,,2023-03-31,x755,Ostot tilikauden aikana,md103,Tilikauden rahallinen kertymä,-3529.94,ISO4217_EUR,2,MCY=x755,https://avoindata.prh.fi/opendata-xbrl-api/v3/financial?businessId=2859618-4&financialDate=2023-03-31
22,2859618-4,Haataja Invest Oy,2023-03-31,2023-07-27,instant,,2022-03-31,x755,Ostot tilikauden aikana,md103,Tilikauden rahallinen kertymä,-2256.51,ISO4217_EUR,2,MCY=x755;REF=x53,https://avoindata.prh.fi/opendata-xbrl-api/v3/financial?businessId=2859618-4&financialDate=2023-03-31
22,2859618-4,Haataja Invest Oy,2023-03-31,2023-07-27,instant,,2023-03-31,x544,Varastojen lisäys (+) tai vähennys (-),md103,Tilikauden rahallinen kertymä,538.18,ISO4217_EUR,2,MCY=x544,https://avoindata.prh.fi/opendata-xbrl-api/v3/financial?businessId=2859618-4&financialDate=2023-03-31
22,2859618-4,Haataja Invest Oy,2023-03-31,2023-07-27,instant,,2022-03-31,x544,Varastojen lisäys (+) tai vähennys (-),md103,Tilikauden rahallinen kertymä,-3712.73,ISO4217_EUR,2,MCY=x544;REF=x53,https://avoindata.prh.fi/opendata-xbrl-api/v3/financial?businessId=2859618-4&financialDate=2023-03-31
22,2859618-4,Haataja Invest Oy,2023-03-31,2023-07-27,instant,,2023-03-31,x758,Materiaalit ja palvelut,md103,Tilikauden rahallinen kertymä,-2991.76,ISO4217_EUR,2,MCY=x758,https://avoindata.prh.fi/opendata-xbrl-api/v3/financial?businessId=2859618-4&financialDate=2023-03-31
22,2859618-4,Haataja Invest Oy,2023-03-31,2023-07-27,instant,,2022-03-31,x758,Materiaalit ja palvelut,md103,Tilikauden rahallinen kertymä,-5969.24,ISO4217_EUR,2,MCY=x758;REF=x53,https://avoindata.prh.fi/opendata-xbrl-api/v3/financial?businessId=2859618-4&financialDate=2023-03-31
22,2859618-4,Haataja Invest Oy,2023-03-31,2023-07-27,instant,,2023-03-31,x6,Palkat ja palkkiot,md103,Tilikauden rahallinen kertymä,-24450.00,ISO4217_EUR,2,MCY=x6,https://avoindata.prh.fi/opendata-xbrl-api/v3/financial?businessId=2859618-4&financialDate=2023-03-31
22,2859618-4,Haataja Invest Oy,2023-03-31,2023-07-27,instant,,2022-03-31,x6,Palkat ja palkkiot,md103,Tilikauden rahallinen kertymä,-29450.00,ISO4217_EUR,2,MCY=x6;REF=x53,https://avoindata.prh.fi/opendata-xbrl-api/v3/financial?businessId=2859618-4&financialDate=2023-03-31
22,2859618-4,Haataja Invest Oy,2023-03-31,2023-07-27,instant,,2023-03-31,x8,Eläkekulut,md103,Tilikauden rahallinen kertymä,-2010.47,ISO4217_EUR,2,MCY=x8,https://avoindata.prh.fi/opendata-xbrl-api/v3/financial?businessId=2859618-4&financialDate=2023-03-31
22,2859618-4,Haataja Invest Oy,2023-03-31,2023-07-27,instant,,2022-03-31,x8,Eläkekulut,md103,Tilikauden rahallinen kertymä,-1706.25,ISO4217_EUR,2,MCY=x8;REF=x53,https://avoindata.prh.fi/opendata-xbrl-api/v3/financial?businessId=2859618-4&financialDate=2023-03-31
22,2859618-4,Haataja Invest Oy,2023-03-31,2023-07-27,instant,,2023-03-31,x9,Muut henkilösivukulut,md103,Tilikauden rahallinen kertymä,-548.13,ISO4217_EUR,2,MCY=x9,https://avoindata.prh.fi/opendata-xbrl-api/v3/financial?businessId=2859618-4&financialDate=2023-03-31
22,2859618-4,Haataja Invest Oy,2023-03-31,2023-07-27,instant,,2022-03-31,x9,Muut henkilösivukulut,md103,Tilikauden rahallinen kertymä,-482.92,ISO4217_EUR,2,MCY=x9;REF=x53,https://avoindata.prh.fi/opendata-xbrl-api/v3/financial?businessId=2859618-4&financialDate=2023-03-31
22,2859618-4,Haataja Invest Oy,2023-03-31,2023-07-27,instant,,2023-03-31,x5,Henkilöstökulut,md103,Tilikauden rahallinen kertymä,-27008.60,ISO4217_EUR,2,MCY=x5,https://avoindata.prh.fi/opendata-xbrl-api/v3/financial?businessId=2859618-4&financialDate=2023-03-31
22,2859618-4,Haataja Invest Oy,2023-03-31,2023-07-27,instant,,2022-03-31,x5,Henkilöstökulut,md103,Tilikauden rahallinen kertymä,-31639.17,ISO4217_EUR,2,MCY=x5;REF=x53,https://avoindata.prh.fi/opendata-xbrl-api/v3/financial?businessId=2859618-4&financialDate=2023-03-31
22,2859618-4,Haataja Invest Oy,2023-03-31,2023-07-27,instant,,2023-03-31,x449,Suunnitelman mukaiset poistot,md103,Tilikauden rahallinen kertymä,-337.98,ISO4217_EUR,2,MCY=x449,https://avoindata.prh.fi/opendata-xbrl-api/v3/financial?businessId=2859618-4&financialDate=2023-03-31
22,2859618-4,Haataja Invest Oy,2023-03-31,2023-07-27,instant,,2022-03-31,x449,Suunnitelman mukaiset poistot,md103,Tilikauden rahallinen kertymä,0.00,ISO4217_EUR,2,MCY=x449;REF=x53,https://avoindata.prh.fi/opendata-xbrl-api/v3/financial?businessId=2859618-4&financialDate=2023-03-31
22,2859618-4,Haataja Invest Oy,2023-03-31,2023-07-27,instant,,2023-03-31,x448,Poistot ja arvonalentumiset,md103,Tilikauden rahallinen kertymä,-337.98,ISO4217_EUR,2,MCY=x448,https://avoindata.prh.fi/opendata-xbrl-api/v3/financial?businessId=2859618-4&financialDate=2023-03-31
22,2859618-4,Haataja Invest Oy,2023-03-31,2023-07-27,instant,,2022-03-31,x448,Poistot ja arvonalentumiset,md103,Tilikauden rahallinen kertymä,0.00,ISO4217_EUR,2,MCY=x448;REF=x53,https://avoindata.prh.fi/opendata-xbrl-api/v3/financial?businessId=2859618-4&financialDate=2023-03-31
22,2859618-4,Haataja Invest Oy,2023-03-31,2023-07-27,instant,,2023-03-31,x1869,Liiketoiminnan muut kulut,md103,Tilikauden rahallinen kertymä,-3357.57,ISO4217_EUR,2,MCY=x1869,https://avoindata.prh.fi/opendata-xbrl-api/v3/financial?businessId=2859618-4&financialDate=2023-03-31
22,2859618-4,Haataja Invest Oy,2023-03-31,2023-07-27,instant,,2022-03-31,x1869,Liiketoiminnan muut kulut,md103,Tilikauden rahallinen kertymä,-4020.69,ISO4217_EUR,2,MCY=x1869;REF=x53,https://avoindata.prh.fi/opendata-xbrl-api/v3/financial?businessId=2859618-4&financialDate=2023-03-31
22,2859618-4,Haataja Invest Oy,2023-03-31,2023-07-27,instant,,2023-03-31,x689,Liikevoitto (-tappio),md103,Tilikauden rahallinen kertymä,1547.01,ISO4217_EUR,2,MCY=x689,https://avoindata.prh.fi/opendata-xbrl-api/v3/financial?businessId=2859618-4&financialDate=2023-03-31
22,2859618-4,Haataja Invest Oy,2023-03-31,2023-07-27,instant,,2022-03-31,x689,Liikevoitto (-tappio),md103,Tilikauden rahallinen kertymä,-3779.29,ISO4217_EUR,2,MCY=x689;REF=x53,https://avoindata.prh.fi/opendata-xbrl-api/v3/financial?businessId=2859618-4&financialDate=2023-03-31
22,2859618-4,Haataja Invest Oy,2023-03-31,2023-07-27,instant,,2023-03-31,x4014,Muut korko- ja rahoitustuotot muilta kuin saman konsernin yrityksiltä,md103,Tilikauden rahallinen kertymä,120.25,ISO4217_EUR,2,MCY=x4014,https://avoindata.prh.fi/opendata-xbrl-api/v3/financial?businessId=2859618-4&financialDate=2023-03-31
22,2859618-4,Haataja Invest Oy,2023-03-31,2023-07-27,instant,,2022-03-31,x4014,Muut korko- ja rahoitustuotot muilta kuin saman konsernin yrityksiltä,md103,Tilikauden rahallinen kertymä,356.05,ISO4217_EUR,2,MCY=x4014;REF=x53,https://avoindata.prh.fi/opendata-xbrl-api/v3/financial?businessId=2859618-4&financialDate=2023-03-31
22,2859618-4,Haataja Invest Oy,2023-03-31,2023-07-27,instant,,2023-03-31,x4046,Korkokulut- ja muut rahoituskulut muille kuin saman konsernin yrityksille,md103,Tilikauden rahallinen kertymä,-491.45,ISO4217_EUR,2,MCY=x4046,https://avoindata.prh.fi/opendata-xbrl-api/v3/financial?businessId=2859618-4&financialDate=2023-03-31
22,2859618-4,Haataja Invest Oy,2023-03-31,2023-07-27,instant,,2022-03-31,x4046,Korkokulut- ja muut rahoituskulut muille kuin saman konsernin yrityksille,md103,Tilikauden rahallinen kertymä,-492.37,ISO4217_EUR,2,MCY=x4046;REF=x53,https://avoindata.prh.fi/opendata-xbrl-api/v3/financial?businessId=2859618-4&financialDate=2023-03-31
22,2859618-4,Haataja Invest Oy,2023-03-31,2023-07-27,instant,,2023-03-31,x12,Rahoitustuotot ja -kulut + (-),md103,Tilikauden rahallinen kertymä,-371.20,ISO4217_EUR,2,MCY=x12,https://avoindata.prh.fi/opendata-xbrl-api/v3/financial?businessId=2859618-4&financialDate=2023-03-31
22,2859618-4,Haataja Invest Oy,2023-03-31,2023-07-27,instant,,2022-03-31,x12,Rahoitustuotot ja -kulut + (-),md103,Tilikauden rahallinen kertymä,-136.32,ISO4217_EUR,2,MCY=x12;REF=x53,https://avoindata.prh.fi/opendata-xbrl-api/v3/financial?businessId=2859618-4&financialDate=2023-03-31
22,2859618-4,Haataja Invest Oy,2023-03-31,2023-07-27,instant,,2023-03-31,x738,Voitto (tappio) ennen tilinpäätössiirtoja ja veroja,md103,Tilikauden rahallinen kertymä,1175.81,ISO4217_EUR,2,MCY=x738,https://avoindata.prh.fi/opendata-xbrl-api/v3/financial?businessId=2859618-4&financialDate=2023-03-31
22,2859618-4,Haataja Invest Oy,2023-03-31,2023-07-27,instant,,2022-03-31,x738,Voitto (tappio) ennen tilinpäätössiirtoja ja veroja,md103,Tilikauden rahallinen kertymä,-3915.61,ISO4217_EUR,2,MCY=x738;REF=x53,https://avoindata.prh.fi/opendata-xbrl-api/v3/financial?businessId=2859618-4&financialDate=2023-03-31
22,2859618-4,Haataja Invest Oy,2023-03-31,2023-07-27,instant,,2023-03-31,x541,Tuloverot,md103,Tilikauden rahallinen kertymä,-237.99,ISO4217_EUR,2,MCY=x541,https://avoindata.prh.fi/opendata-xbrl-api/v3/financial?businessId=2859618-4&financialDate=2023-03-31
22,2859618-4,Haataja Invest Oy,2023-03-31,2023-07-27,instant,,2022-03-31,x541,Tuloverot,md103,Tilikauden rahallinen kertymä,-906.38,ISO4217_EUR,2,MCY=x541;REF=x53,https://avoindata.prh.fi/opendata-xbrl-api/v3/financial?businessId=2859618-4&financialDate=2023-03-31
22,2859618-4,Haataja Invest Oy,2023-03-31,2023-07-27,instant,,2023-03-31,x740,Tilikauden voitto (tappio),md103,Tilikauden rahallinen kertymä,937.82,ISO4217_EUR,2,MCY=x740,https://avoindata.prh.fi/opendata-xbrl-api/v3/financial?businessId=2859618-4&financialDate=2023-03-31
22,2859618-4,Haataja Invest Oy,2023-03-31,2023-07-27,instant,,2022-03-31,x740,Tilikauden voitto (tappio),md103,Tilikauden rahallinen kertymä,-4821.99,ISO4217_EUR,2,MCY=x740;REF=x53,https://avoindata.prh.fi/opendata-xbrl-api/v3/financial?businessId=2859618-4&financialDate=2023-03-31
23,2860564-2,Kiinteistöosakeyhtiö Tallinmonttu,2025-12-31,2026-04-30,instant,,2025-12-31,x2334,"Rakennukset ja rakennelmat, Omistetut",mi53,Kirjanpitoarvo,26444.78,ISO4217_EUR,2,MCY=x2334,https://avoindata.prh.fi/opendata-xbrl-api/v3/financial?businessId=2860564-2&financialDate=2025-12-31
23,2860564-2,Kiinteistöosakeyhtiö Tallinmonttu,2025-12-31,2026-04-30,instant,,2024-12-31,x2334,"Rakennukset ja rakennelmat, Omistetut",mi53,Kirjanpitoarvo,28435.24,ISO4217_EUR,2,MCY=x2334;REF=x4,https://avoindata.prh.fi/opendata-xbrl-api/v3/financial?businessId=2860564-2&financialDate=2025-12-31
23,2860564-2,Kiinteistöosakeyhtiö Tallinmonttu,2025-12-31,2026-04-30,instant,,2025-12-31,x1729,Muut aineelliset hyödykkeet,mi53,Kirjanpitoarvo,7537.01,ISO4217_EUR,2,MCY=x1729,https://avoindata.prh.fi/opendata-xbrl-api/v3/financial?businessId=2860564-2&financialDate=2025-12-31
23,2860564-2,Kiinteistöosakeyhtiö Tallinmonttu,2025-12-31,2026-04-30,instant,,2024-12-31,x1729,Muut aineelliset hyödykkeet,mi53,Kirjanpitoarvo,11305.49,ISO4217_EUR,2,MCY=x1729;REF=x4,https://avoindata.prh.fi/opendata-xbrl-api/v3/financial?businessId=2860564-2&financialDate=2025-12-31
23,2860564-2,Kiinteistöosakeyhtiö Tallinmonttu,2025-12-31,2026-04-30,instant,,2025-12-31,x816,Aineelliset hyödykkeet,mi53,Kirjanpitoarvo,33981.79,ISO4217_EUR,2,MCY=x816,https://avoindata.prh.fi/opendata-xbrl-api/v3/financial?businessId=2860564-2&financialDate=2025-12-31
23,2860564-2,Kiinteistöosakeyhtiö Tallinmonttu,2025-12-31,2026-04-30,instant,,2024-12-31,x816,Aineelliset hyödykkeet,mi53,Kirjanpitoarvo,39740.73,ISO4217_EUR,2,MCY=x816;REF=x4,https://avoindata.prh.fi/opendata-xbrl-api/v3/financial?businessId=2860564-2&financialDate=2025-12-31
23,2860564-2,Kiinteistöosakeyhtiö Tallinmonttu,2025-12-31,2026-04-30,instant,,2025-12-31,x513,Pysyvät vastaavat,mi53,Kirjanpitoarvo,33981.79,ISO4217_EUR,2,MCY=x513,https://avoindata.prh.fi/opendata-xbrl-api/v3/financial?businessId=2860564-2&financialDate=2025-12-31
23,2860564-2,Kiinteistöosakeyhtiö Tallinmonttu,2025-12-31,2026-04-30,instant,,2024-12-31,x513,Pysyvät vastaavat,mi53,Kirjanpitoarvo,39740.73,ISO4217_EUR,2,MCY=x513;REF=x4,https://avoindata.prh.fi/opendata-xbrl-api/v3/financial?businessId=2860564-2&financialDate=2025-12-31
23,2860564-2,Kiinteistöosakeyhtiö Tallinmonttu,2025-12-31,2026-04-30,instant,,2025-12-31,x1769,Lyhytaikaiset myyntisaamiset,mi53,Kirjanpitoarvo,4184.22,ISO4217_EUR,2,MCY=x1769,https://avoindata.prh.fi/opendata-xbrl-api/v3/financial?businessId=2860564-2&financialDate=2025-12-31
23,2860564-2,Kiinteistöosakeyhtiö Tallinmonttu,2025-12-31,2026-04-30,instant,,2024-12-31,x1769,Lyhytaikaiset myyntisaamiset,mi53,Kirjanpitoarvo,0.00,ISO4217_EUR,2,MCY=x1769;REF=x4,https://avoindata.prh.fi/opendata-xbrl-api/v3/financial?businessId=2860564-2&financialDate=2025-12-31
23,2860564-2,Kiinteistöosakeyhtiö Tallinmonttu,2025-12-31,2026-04-30,instant,,2025-12-31,x1775,Lyhytaikaiset siirtosaamiset,mi53,Kirjanpitoarvo,0.00,ISO4217_EUR,2,MCY=x1775,https://avoindata.prh.fi/opendata-xbrl-api/v3/financial?businessId=2860564-2&financialDate=2025-12-31
23,2860564-2,Kiinteistöosakeyhtiö Tallinmonttu,2025-12-31,2026-04-30,instant,,2024-12-31,x1775,Lyhytaikaiset siirtosaamiset,mi53,Kirjanpitoarvo,7400.00,ISO4217_EUR,2,MCY=x1775;REF=x4,https://avoindata.prh.fi/opendata-xbrl-api/v3/financial?businessId=2860564-2&financialDate=2025-12-31
23,2860564-2,Kiinteistöosakeyhtiö Tallinmonttu,2025-12-31,2026-04-30,instant,,2025-12-31,x1768,Lyhytaikaiset saamiset,mi53,Kirjanpitoarvo,4184.22,ISO4217_EUR,2,MCY=x1768,https://avoindata.prh.fi/opendata-xbrl-api/v3/financial?businessId=2860564-2&financialDate=2025-12-31
23,2860564-2,Kiinteistöosakeyhtiö Tallinmonttu,2025-12-31,2026-04-30,instant,,2024-12-31,x1768,Lyhytaikaiset saamiset,mi53,Kirjanpitoarvo,7400.00,ISO4217_EUR,2,MCY=x1768;REF=x4,https://avoindata.prh.fi/opendata-xbrl-api/v3/financial?businessId=2860564-2&financialDate=2025-12-31
23,2860564-2,Kiinteistöosakeyhtiö Tallinmonttu,2025-12-31,2026-04-30,instant,,2025-12-31,x438,Saamiset,mi53,Kirjanpitoarvo,4184.22,ISO4217_EUR,2,MCY=x438,https://avoindata.prh.fi/opendata-xbrl-api/v3/financial?businessId=2860564-2&financialDate=2025-12-31
23,2860564-2,Kiinteistöosakeyhtiö Tallinmonttu,2025-12-31,2026-04-30,instant,,2024-12-31,x438,Saamiset,mi53,Kirjanpitoarvo,7400.00,ISO4217_EUR,2,MCY=x438;REF=x4,https://avoindata.prh.fi/opendata-xbrl-api/v3/financial?businessId=2860564-2&financialDate=2025-12-31
23,2860564-2,Kiinteistöosakeyhtiö Tallinmonttu,2025-12-31,2026-04-30,instant,,2025-12-31,x399,Rahat ja pankkisaamiset,mi53,Kirjanpitoarvo,60385.86,ISO4217_EUR,2,MCY=x399,https://avoindata.prh.fi/opendata-xbrl-api/v3/financial?businessId=2860564-2&financialDate=2025-12-31
23,2860564-2,Kiinteistöosakeyhtiö Tallinmonttu,2025-12-31,2026-04-30,instant,,2024-12-31,x399,Rahat ja pankkisaamiset,mi53,Kirjanpitoarvo,43753.40,ISO4217_EUR,2,MCY=x399;REF=x4,https://avoindata.prh.fi/opendata-xbrl-api/v3/financial?businessId=2860564-2&financialDate=2025-12-31
23,2860564-2,Kiinteistöosakeyhtiö Tallinmonttu,2025-12-31,2026-04-30,instant,,2025-12-31,x435,Vaihtuvat vastaavat,mi53,Kirjanpitoarvo,64570.08,ISO4217_EUR,2,MCY=x435,https://avoindata.prh.fi/opendata-xbrl-api/v3/financial?businessId=2860564-2&financialDate=2025-12-31
23,2860564-2,Kiinteistöosakeyhtiö Tallinmonttu,2025-12-31,2026-04-30,instant,,2024-12-31,x435,Vaihtuvat vastaavat,mi53,Kirjanpitoarvo,51153.40,ISO4217_EUR,2,MCY=x435;REF=x4,https://avoindata.prh.fi/opendata-xbrl-api/v3/financial?businessId=2860564-2&financialDate=2025-12-31
23,2860564-2,Kiinteistöosakeyhtiö Tallinmonttu,2025-12-31,2026-04-30,instant,,2025-12-31,x360,Vastaavaa,mi53,Kirjanpitoarvo,98551.87,ISO4217_EUR,2,MCY=x360,https://avoindata.prh.fi/opendata-xbrl-api/v3/financial?businessId=2860564-2&financialDate=2025-12-31
23,2860564-2,Kiinteistöosakeyhtiö Tallinmonttu,2025-12-31,2026-04-30,instant,,2024-12-31,x360,Vastaavaa,mi53,Kirjanpitoarvo,90894.13,ISO4217_EUR,2,MCY=x360;REF=x4,https://avoindata.prh.fi/opendata-xbrl-api/v3/financial?businessId=2860564-2&financialDate=2025-12-31
23,2860564-2,Kiinteistöosakeyhtiö Tallinmonttu,2025-12-31,2026-04-30,instant,,2025-12-31,x4116,"Osake-, osuus- tai muu vastaava pääoma",mi53,Kirjanpitoarvo,50000.00,ISO4217_EUR,2,MCY=x4116,https://avoindata.prh.fi/opendata-xbrl-api/v3/financial?businessId=2860564-2&financialDate=2025-12-31
23,2860564-2,Kiinteistöosakeyhtiö Tallinmonttu,2025-12-31,2026-04-30,instant,,2024-12-31,x4116,"Osake-, osuus- tai muu vastaava pääoma",mi53,Kirjanpitoarvo,50000.00,ISO4217_EUR,2,MCY=x4116;REF=x4,https://avoindata.prh.fi/opendata-xbrl-api/v3/financial?businessId=2860564-2&financialDate=2025-12-31
23,2860564-2,Kiinteistöosakeyhtiö Tallinmonttu,2025-12-31,2026-04-30,instant,,2025-12-31,x932,Edellisten tilikausien voitto (tappio),mi53,Kirjanpitoarvo,21027.50,ISO4217_EUR,2,MCY=x932,https://avoindata.prh.fi/opendata-xbrl-api/v3/financial?businessId=2860564-2&financialDate=2025-12-31
23,2860564-2,Kiinteistöosakeyhtiö Tallinmonttu,2025-12-31,2026-04-30,instant,,2024-12-31,x932,Edellisten tilikausien voitto (tappio),mi53,Kirjanpitoarvo,22137.38,ISO4217_EUR,2,MCY=x932;REF=x4,https://avoindata.prh.fi/opendata-xbrl-api/v3/financial?businessId=2860564-2&financialDate=2025-12-31
23,2860564-2,Kiinteistöosakeyhtiö Tallinmonttu,2025-12-31,2026-04-30,instant,,2025-12-31,x2895,"Tilikauden voitto (tappio), oma pääoma",mi53,Kirjanpitoarvo,17126.24,ISO4217_EUR,2,MCY=x2895,https://avoindata.prh.fi/opendata-xbrl-api/v3/financial?businessId=2860564-2&financialDate=2025-12-31
23,2860564-2,Kiinteistöosakeyhtiö Tallinmonttu,2025-12-31,2026-04-30,instant,,2024-12-31,x2895,"Tilikauden voitto (tappio), oma pääoma",mi53,Kirjanpitoarvo,-1109.88,ISO4217_EUR,2,MCY=x2895;REF=x4,https://avoindata.prh.fi/opendata-xbrl-api/v3/financial?businessId=2860564-2&financialDate=2025-12-31
23,2860564-2,Kiinteistöosakeyhtiö Tallinmonttu,2025-12-31,2026-04-30,instant,,2025-12-31,x376,Oma pääoma,mi53,Kirjanpitoarvo,88153.74,ISO4217_EUR,2,MCY=x376,https://avoindata.prh.fi/opendata-xbrl-api/v3/financial?businessId=2860564-2&financialDate=2025-12-31
23,2860564-2,Kiinteistöosakeyhtiö Tallinmonttu,2025-12-31,2026-04-30,instant,,2024-12-31,x376,Oma pääoma,mi53,Kirjanpitoarvo,71027.50,ISO4217_EUR,2,MCY=x376;REF=x4,https://avoindata.prh.fi/opendata-xbrl-api/v3/financial?businessId=2860564-2&financialDate=2025-12-31
23,2860564-2,Kiinteistöosakeyhtiö Tallinmonttu,2025-12-31,2026-04-30,instant,,2025-12-31,x1819,Lyhytaikaiset ostovelat,mi53,Kirjanpitoarvo,6394.07,ISO4217_EUR,2,MCY=x1819,https://avoindata.prh.fi/opendata-xbrl-api/v3/financial?businessId=2860564-2&financialDate=2025-12-31
23,2860564-2,Kiinteistöosakeyhtiö Tallinmonttu,2025-12-31,2026-04-30,instant,,2024-12-31,x1819,Lyhytaikaiset ostovelat,mi53,Kirjanpitoarvo,7366.63,ISO4217_EUR,2,MCY=x1819;REF=x4,https://avoindata.prh.fi/opendata-xbrl-api/v3/financial?businessId=2860564-2&financialDate=2025-12-31
23,2860564-2,Kiinteistöosakeyhtiö Tallinmonttu,2025-12-31,2026-04-30,instant,,2025-12-31,x1825,Lyhytaikaiset muut velat,mi53,Kirjanpitoarvo,0.00,ISO4217_EUR,2,MCY=x1825,https://avoindata.prh.fi/opendata-xbrl-api/v3/financial?businessId=2860564-2&financialDate=2025-12-31
23,2860564-2,Kiinteistöosakeyhtiö Tallinmonttu,2025-12-31,2026-04-30,instant,,2024-12-31,x1825,Lyhytaikaiset muut velat,mi53,Kirjanpitoarvo,12500.00,ISO4217_EUR,2,MCY=x1825;REF=x4,https://avoindata.prh.fi/opendata-xbrl-api/v3/financial?businessId=2860564-2&financialDate=2025-12-31
23,2860564-2,Kiinteistöosakeyhtiö Tallinmonttu,2025-12-31,2026-04-30,instant,,2025-12-31,x1826,Lyhytaikaiset siirtovelat,mi53,Kirjanpitoarvo,4004.06,ISO4217_EUR,2,MCY=x1826,https://avoindata.prh.fi/opendata-xbrl-api/v3/financial?businessId=2860564-2&financialDate=2025-12-31
23,2860564-2,Kiinteistöosakeyhtiö Tallinmonttu,2025-12-31,2026-04-30,instant,,2024-12-31,x1826,Lyhytaikaiset siirtovelat,mi53,Kirjanpitoarvo,0.00,ISO4217_EUR,2,MCY=x1826;REF=x4,https://avoindata.prh.fi/opendata-xbrl-api/v3/financial?businessId=2860564-2&financialDate=2025-12-31
23,2860564-2,Kiinteistöosakeyhtiö Tallinmonttu,2025-12-31,2026-04-30,instant,,2025-12-31,x1811,Lyhytaikainen vieras pääoma,mi53,Kirjanpitoarvo,10398.13,ISO4217_EUR,2,MCY=x1811,https://avoindata.prh.fi/opendata-xbrl-api/v3/financial?businessId=2860564-2&financialDate=2025-12-31
23,2860564-2,Kiinteistöosakeyhtiö Tallinmonttu,2025-12-31,2026-04-30,instant,,2024-12-31,x1811,Lyhytaikainen vieras pääoma,mi53,Kirjanpitoarvo,19866.63,ISO4217_EUR,2,MCY=x1811;REF=x4,https://avoindata.prh.fi/opendata-xbrl-api/v3/financial?businessId=2860564-2&financialDate=2025-12-31
23,2860564-2,Kiinteistöosakeyhtiö Tallinmonttu,2025-12-31,2026-04-30,instant,,2025-12-31,x424,Vieras pääoma,mi53,Kirjanpitoarvo,10398.13,ISO4217_EUR,2,MCY=x424,https://avoindata.prh.fi/opendata-xbrl-api/v3/financial?businessId=2860564-2&financialDate=2025-12-31
23,2860564-2,Kiinteistöosakeyhtiö Tallinmonttu,2025-12-31,2026-04-30,instant,,2024-12-31,x424,Vieras pääoma,mi53,Kirjanpitoarvo,19866.63,ISO4217_EUR,2,MCY=x424;REF=x4,https://avoindata.prh.fi/opendata-xbrl-api/v3/financial?businessId=2860564-2&financialDate=2025-12-31
23,2860564-2,Kiinteistöosakeyhtiö Tallinmonttu,2025-12-31,2026-04-30,instant,,2025-12-31,x481,Vastattavaa,mi53,Kirjanpitoarvo,98551.87,ISO4217_EUR,2,MCY=x481,https://avoindata.prh.fi/opendata-xbrl-api/v3/financial?businessId=2860564-2&financialDate=2025-12-31
23,2860564-2,Kiinteistöosakeyhtiö Tallinmonttu,2025-12-31,2026-04-30,instant,,2024-12-31,x481,Vastattavaa,mi53,Kirjanpitoarvo,90894.13,ISO4217_EUR,2,MCY=x481;REF=x4,https://avoindata.prh.fi/opendata-xbrl-api/v3/financial?businessId=2860564-2&financialDate=2025-12-31
23,2860564-2,Kiinteistöosakeyhtiö Tallinmonttu,2025-12-31,2026-04-30,instant,,2025-12-31,x673,Liikevaihto,md103,Tilikauden rahallinen kertymä,56636.80,ISO4217_EUR,2,MCY=x673,https://avoindata.prh.fi/opendata-xbrl-api/v3/financial?businessId=2860564-2&financialDate=2025-12-31
23,2860564-2,Kiinteistöosakeyhtiö Tallinmonttu,2025-12-31,2026-04-30,instant,,2024-12-31,x673,Liikevaihto,md103,Tilikauden rahallinen kertymä,55636.65,ISO4217_EUR,2,MCY=x673;REF=x53,https://avoindata.prh.fi/opendata-xbrl-api/v3/financial?businessId=2860564-2&financialDate=2025-12-31
23,2860564-2,Kiinteistöosakeyhtiö Tallinmonttu,2025-12-31,2026-04-30,instant,,2025-12-31,x49,Liiketoiminnan muut tuotot,md103,Tilikauden rahallinen kertymä,12500.00,ISO4217_EUR,2,MCY=x49,https://avoindata.prh.fi/opendata-xbrl-api/v3/financial?businessId=2860564-2&financialDate=2025-12-31
23,2860564-2,Kiinteistöosakeyhtiö Tallinmonttu,2025-12-31,2026-04-30,instant,,2024-12-31,x49,Liiketoiminnan muut tuotot,md103,Tilikauden rahallinen kertymä,12500.00,ISO4217_EUR,2,MCY=x49;REF=x53,https://avoindata.prh.fi/opendata-xbrl-api/v3/financial?businessId=2860564-2&financialDate=2025-12-31
23,2860564-2,Kiinteistöosakeyhtiö Tallinmonttu,2025-12-31,2026-04-30,instant,,2025-12-31,x449,Suunnitelman mukaiset poistot,md103,Tilikauden rahallinen kertymä,5758.94,ISO4217_EUR,2,MCY=x449,https://avoindata.prh.fi/opendata-xbrl-api/v3/financial?businessId=2860564-2&financialDate=2025-12-31
23,2860564-2,Kiinteistöosakeyhtiö Tallinmonttu,2025-12-31,2026-04-30,instant,,2024-12-31,x449,Suunnitelman mukaiset poistot,md103,Tilikauden rahallinen kertymä,5908.76,ISO4217_EUR,2,MCY=x449;REF=x53,https://avoindata.prh.fi/opendata-xbrl-api/v3/financial?businessId=2860564-2&financialDate=2025-12-31
23,2860564-2,Kiinteistöosakeyhtiö Tallinmonttu,2025-12-31,2026-04-30,instant,,2025-12-31,x448,Poistot ja arvonalentumiset,md103,Tilikauden rahallinen kertymä,5758.94,ISO4217_EUR,2,MCY=x448,https://avoindata.prh.fi/opendata-xbrl-api/v3/financial?businessId=2860564-2&financialDate=2025-12-31
23,2860564-2,Kiinteistöosakeyhtiö Tallinmonttu,2025-12-31,2026-04-30,instant,,2024-12-31,x448,Poistot ja arvonalentumiset,md103,Tilikauden rahallinen kertymä,5908.76,ISO4217_EUR,2,MCY=x448;REF=x53,https://avoindata.prh.fi/opendata-xbrl-api/v3/financial?businessId=2860564-2&financialDate=2025-12-31
23,2860564-2,Kiinteistöosakeyhtiö Tallinmonttu,2025-12-31,2026-04-30,instant,,2025-12-31,x1869,Liiketoiminnan muut kulut,md103,Tilikauden rahallinen kertymä,42247.56,ISO4217_EUR,2,MCY=x1869,https://avoindata.prh.fi/opendata-xbrl-api/v3/financial?businessId=2860564-2&financialDate=2025-12-31
23,2860564-2,Kiinteistöosakeyhtiö Tallinmonttu,2025-12-31,2026-04-30,instant,,2024-12-31,x1869,Liiketoiminnan muut kulut,md103,Tilikauden rahallinen kertymä,63337.77,ISO4217_EUR,2,MCY=x1869;REF=x53,https://avoindata.prh.fi/opendata-xbrl-api/v3/financial?businessId=2860564-2&financialDate=2025-12-31
23,2860564-2,Kiinteistöosakeyhtiö Tallinmonttu,2025-12-31,2026-04-30,instant,,2025-12-31,x689,Liikevoitto (-tappio),md103,Tilikauden rahallinen kertymä,21130.30,ISO4217_EUR,2,MCY=x689,https://avoindata.prh.fi/opendata-xbrl-api/v3/financial?businessId=2860564-2&financialDate=2025-12-31
23,2860564-2,Kiinteistöosakeyhtiö Tallinmonttu,2025-12-31,2026-04-30,instant,,2024-12-31,x689,Liikevoitto (-tappio),md103,Tilikauden rahallinen kertymä,-1109.88,ISO4217_EUR,2,MCY=x689;REF=x53,https://avoindata.prh.fi/opendata-xbrl-api/v3/financial?businessId=2860564-2&financialDate=2025-12-31
23,2860564-2,Kiinteistöosakeyhtiö Tallinmonttu,2025-12-31,2026-04-30,instant,,2025-12-31,x738,Voitto (tappio) ennen tilinpäätössiirtoja ja veroja,md103,Tilikauden rahallinen kertymä,21130.30,ISO4217_EUR,2,MCY=x738,https://avoindata.prh.fi/opendata-xbrl-api/v3/financial?businessId=2860564-2&financialDate=2025-12-31
23,2860564-2,Kiinteistöosakeyhtiö Tallinmonttu,2025-12-31,2026-04-30,instant,,2024-12-31,x738,Voitto (tappio) ennen tilinpäätössiirtoja ja veroja,md103,Tilikauden rahallinen kertymä,-1109.88,ISO4217_EUR,2,MCY=x738;REF=x53,https://avoindata.prh.fi/opendata-xbrl-api/v3/financial?businessId=2860564-2&financialDate=2025-12-31
23,2860564-2,Kiinteistöosakeyhtiö Tallinmonttu,2025-12-31,2026-04-30,instant,,2025-12-31,x541,Tuloverot,md103,Tilikauden rahallinen kertymä,4004.06,ISO4217_EUR,2,MCY=x541,https://avoindata.prh.fi/opendata-xbrl-api/v3/financial?businessId=2860564-2&financialDate=2025-12-31
23,2860564-2,Kiinteistöosakeyhtiö Tallinmonttu,2025-12-31,2026-04-30,instant,,2024-12-31,x541,Tuloverot,md103,Tilikauden rahallinen kertymä,0.00,ISO4217_EUR,2,MCY=x541;REF=x53,https://avoindata.prh.fi/opendata-xbrl-api/v3/financial?businessId=2860564-2&financialDate=2025-12-31
23,2860564-2,Kiinteistöosakeyhtiö Tallinmonttu,2025-12-31,2026-04-30,instant,,2025-12-31,x740,Tilikauden voitto (tappio),md103,Tilikauden rahallinen kertymä,17126.24,ISO4217_EUR,2,MCY=x740,https://avoindata.prh.fi/opendata-xbrl-api/v3/financial?businessId=2860564-2&financialDate=2025-12-31
23,2860564-2,Kiinteistöosakeyhtiö Tallinmonttu,2025-12-31,2026-04-30,instant,,2024-12-31,x740,Tilikauden voitto (tappio),md103,Tilikauden rahallinen kertymä,-1109.88,ISO4217_EUR,2,MCY=x740;REF=x53,https://avoindata.prh.fi/opendata-xbrl-api/v3/financial?businessId=2860564-2&financialDate=2025-12-31
24,2861451-4,Primor Services Oy,2022-12-31,2023-04-27,instant,,2022-12-31,x1036,Koneet ja kalusto,mi53,Kirjanpitoarvo,11565.00,ISO4217_EUR,2,MCY=x1036,https://avoindata.prh.fi/opendata-xbrl-api/v3/financial?businessId=2861451-4&financialDate=2022-12-31
24,2861451-4,Primor Services Oy,2022-12-31,2023-04-27,instant,,2021-12-31,x1036,Koneet ja kalusto,mi53,Kirjanpitoarvo,15419.00,ISO4217_EUR,2,MCY=x1036;REF=x4,https://avoindata.prh.fi/opendata-xbrl-api/v3/financial?businessId=2861451-4&financialDate=2022-12-31
24,2861451-4,Primor Services Oy,2022-12-31,2023-04-27,instant,,2022-12-31,x816,Aineelliset hyödykkeet,mi53,Kirjanpitoarvo,11565.00,ISO4217_EUR,2,MCY=x816,https://avoindata.prh.fi/opendata-xbrl-api/v3/financial?businessId=2861451-4&financialDate=2022-12-31
24,2861451-4,Primor Services Oy,2022-12-31,2023-04-27,instant,,2021-12-31,x816,Aineelliset hyödykkeet,mi53,Kirjanpitoarvo,15419.00,ISO4217_EUR,2,MCY=x816;REF=x4,https://avoindata.prh.fi/opendata-xbrl-api/v3/financial?businessId=2861451-4&financialDate=2022-12-31
24,2861451-4,Primor Services Oy,2022-12-31,2023-04-27,instant,,2022-12-31,x513,Pysyvät vastaavat,mi53,Kirjanpitoarvo,11565.00,ISO4217_EUR,2,MCY=x513,https://avoindata.prh.fi/opendata-xbrl-api/v3/financial?businessId=2861451-4&financialDate=2022-12-31
24,2861451-4,Primor Services Oy,2022-12-31,2023-04-27,instant,,2021-12-31,x513,Pysyvät vastaavat,mi53,Kirjanpitoarvo,15419.00,ISO4217_EUR,2,MCY=x513;REF=x4,https://avoindata.prh.fi/opendata-xbrl-api/v3/financial?businessId=2861451-4&financialDate=2022-12-31
24,2861451-4,Primor Services Oy,2022-12-31,2023-04-27,instant,,2022-12-31,x1771,Lyhytaikaiset muut saamiset,mi53,Kirjanpitoarvo,807.17,ISO4217_EUR,2,MCY=x1771,https://avoindata.prh.fi/opendata-xbrl-api/v3/financial?businessId=2861451-4&financialDate=2022-12-31
24,2861451-4,Primor Services Oy,2022-12-31,2023-04-27,instant,,2021-12-31,x1771,Lyhytaikaiset muut saamiset,mi53,Kirjanpitoarvo,800.00,ISO4217_EUR,2,MCY=x1771;REF=x4,https://avoindata.prh.fi/opendata-xbrl-api/v3/financial?businessId=2861451-4&financialDate=2022-12-31
24,2861451-4,Primor Services Oy,2022-12-31,2023-04-27,instant,,2022-12-31,x1775,Lyhytaikaiset siirtosaamiset,mi53,Kirjanpitoarvo,7.17,ISO4217_EUR,2,MCY=x1775,https://avoindata.prh.fi/opendata-xbrl-api/v3/financial?businessId=2861451-4&financialDate=2022-12-31
24,2861451-4,Primor Services Oy,2022-12-31,2023-04-27,instant,,2021-12-31,x1775,Lyhytaikaiset siirtosaamiset,mi53,Kirjanpitoarvo,344.87,ISO4217_EUR,2,MCY=x1775;REF=x4,https://avoindata.prh.fi/opendata-xbrl-api/v3/financial?businessId=2861451-4&financialDate=2022-12-31
24,2861451-4,Primor Services Oy,2022-12-31,2023-04-27,instant,,2022-12-31,x1768,Lyhytaikaiset saamiset,mi53,Kirjanpitoarvo,814.34,ISO4217_EUR,2,MCY=x1768,https://avoindata.prh.fi/opendata-xbrl-api/v3/financial?businessId=2861451-4&financialDate=2022-12-31
24,2861451-4,Primor Services Oy,2022-12-31,2023-04-27,instant,,2021-12-31,x1768,Lyhytaikaiset saamiset,mi53,Kirjanpitoarvo,1144.87,ISO4217_EUR,2,MCY=x1768;REF=x4,https://avoindata.prh.fi/opendata-xbrl-api/v3/financial?businessId=2861451-4&financialDate=2022-12-31
24,2861451-4,Primor Services Oy,2022-12-31,2023-04-27,instant,,2022-12-31,x438,Saamiset,mi53,Kirjanpitoarvo,814.34,ISO4217_EUR,2,MCY=x438,https://avoindata.prh.fi/opendata-xbrl-api/v3/financial?businessId=2861451-4&financialDate=2022-12-31
24,2861451-4,Primor Services Oy,2022-12-31,2023-04-27,instant,,2021-12-31,x438,Saamiset,mi53,Kirjanpitoarvo,1144.87,ISO4217_EUR,2,MCY=x438;REF=x4,https://avoindata.prh.fi/opendata-xbrl-api/v3/financial?businessId=2861451-4&financialDate=2022-12-31
24,2861451-4,Primor Services Oy,2022-12-31,2023-04-27,instant,,2022-12-31,x435,Vaihtuvat vastaavat,mi53,Kirjanpitoarvo,814.34,ISO4217_EUR,2,MCY=x435,https://avoindata.prh.fi/opendata-xbrl-api/v3/financial?businessId=2861451-4&financialDate=2022-12-31
24,2861451-4,Primor Services Oy,2022-12-31,2023-04-27,instant,,2021-12-31,x435,Vaihtuvat vastaavat,mi53,Kirjanpitoarvo,1144.87,ISO4217_EUR,2,MCY=x435;REF=x4,https://avoindata.prh.fi/opendata-xbrl-api/v3/financial?businessId=2861451-4&financialDate=2022-12-31
24,2861451-4,Primor Services Oy,2022-12-31,2023-04-27,instant,,2022-12-31,x360,Vastaavaa,mi53,Kirjanpitoarvo,12379.34,ISO4217_EUR,2,MCY=x360,https://avoindata.prh.fi/opendata-xbrl-api/v3/financial?businessId=2861451-4&financialDate=2022-12-31
24,2861451-4,Primor Services Oy,2022-12-31,2023-04-27,instant,,2021-12-31,x360,Vastaavaa,mi53,Kirjanpitoarvo,16563.87,ISO4217_EUR,2,MCY=x360;REF=x4,https://avoindata.prh.fi/opendata-xbrl-api/v3/financial?businessId=2861451-4&financialDate=2022-12-31
24,2861451-4,Primor Services Oy,2022-12-31,2023-04-27,instant,,2022-12-31,x4116,"Osake-, osuus- tai muu vastaava pääoma",mi53,Kirjanpitoarvo,2500.00,ISO4217_EUR,2,MCY=x4116,https://avoindata.prh.fi/opendata-xbrl-api/v3/financial?businessId=2861451-4&financialDate=2022-12-31
24,2861451-4,Primor Services Oy,2022-12-31,2023-04-27,instant,,2021-12-31,x4116,"Osake-, osuus- tai muu vastaava pääoma",mi53,Kirjanpitoarvo,2500.00,ISO4217_EUR,2,MCY=x4116;REF=x4,https://avoindata.prh.fi/opendata-xbrl-api/v3/financial?businessId=2861451-4&financialDate=2022-12-31
24,2861451-4,Primor Services Oy,2022-12-31,2023-04-27,instant,,2022-12-31,x932,Edellisten tilikausien voitto (tappio),mi53,Kirjanpitoarvo,-59808.07,ISO4217_EUR,2,MCY=x932,https://avoindata.prh.fi/opendata-xbrl-api/v3/financial?businessId=2861451-4&financialDate=2022-12-31
24,2861451-4,Primor Services Oy,2022-12-31,2023-04-27,instant,,2021-12-31,x932,Edellisten tilikausien voitto (tappio),mi53,Kirjanpitoarvo,-47121.27,ISO4217_EUR,2,MCY=x932;REF=x4,https://avoindata.prh.fi/opendata-xbrl-api/v3/financial?businessId=2861451-4&financialDate=2022-12-31
24,2861451-4,Primor Services Oy,2022-12-31,2023-04-27,instant,,2022-12-31,x2895,"Tilikauden voitto (tappio), oma pääoma",mi53,Kirjanpitoarvo,-10464.57,ISO4217_EUR,2,MCY=x2895,https://avoindata.prh.fi/opendata-xbrl-api/v3/financial?businessId=2861451-4&financialDate=2022-12-31
24,2861451-4,Primor Services Oy,2022-12-31,2023-04-27,instant,,2021-12-31,x2895,"Tilikauden voitto (tappio), oma pääoma",mi53,Kirjanpitoarvo,-12686.80,ISO4217_EUR,2,MCY=x2895;REF=x4,https://avoindata.prh.fi/opendata-xbrl-api/v3/financial?businessId=2861451-4&financialDate=2022-12-31
24,2861451-4,Primor Services Oy,2022-12-31,2023-04-27,instant,,2022-12-31,x376,Oma pääoma,mi53,Kirjanpitoarvo,-67772.64,ISO4217_EUR,2,MCY=x376,https://avoindata.prh.fi/opendata-xbrl-api/v3/financial?businessId=2861451-4&financialDate=2022-12-31
24,2861451-4,Primor Services Oy,2022-12-31,2023-04-27,instant,,2021-12-31,x376,Oma pääoma,mi53,Kirjanpitoarvo,-57308.07,ISO4217_EUR,2,MCY=x376;REF=x4,https://avoindata.prh.fi/opendata-xbrl-api/v3/financial?businessId=2861451-4&financialDate=2022-12-31
24,2861451-4,Primor Services Oy,2022-12-31,2023-04-27,instant,,2022-12-31,x2934,Pitkäaikaiset lainat rahoituslaitoksilta,mi53,Kirjanpitoarvo,0.00,ISO4217_EUR,2,MCY=x2934,https://avoindata.prh.fi/opendata-xbrl-api/v3/financial?businessId=2861451-4&financialDate=2022-12-31
24,2861451-4,Primor Services Oy,2022-12-31,2023-04-27,instant,,2021-12-31,x2934,Pitkäaikaiset lainat rahoituslaitoksilta,mi53,Kirjanpitoarvo,34890.00,ISO4217_EUR,2,MCY=x2934;REF=x4,https://avoindata.prh.fi/opendata-xbrl-api/v3/financial?businessId=2861451-4&financialDate=2022-12-31
24,2861451-4,Primor Services Oy,2022-12-31,2023-04-27,instant,,2022-12-31,x1830,Pitkäaikainen vieras pääoma,mi53,Kirjanpitoarvo,0.00,ISO4217_EUR,2,MCY=x1830,https://avoindata.prh.fi/opendata-xbrl-api/v3/financial?businessId=2861451-4&financialDate=2022-12-31
24,2861451-4,Primor Services Oy,2022-12-31,2023-04-27,instant,,2021-12-31,x1830,Pitkäaikainen vieras pääoma,mi53,Kirjanpitoarvo,34890.00,ISO4217_EUR,2,MCY=x1830;REF=x4,https://avoindata.prh.fi/opendata-xbrl-api/v3/financial?businessId=2861451-4&financialDate=2022-12-31
24,2861451-4,Primor Services Oy,2022-12-31,2023-04-27,instant,,2022-12-31,x3023,Lyhytaikaiset lainat rahoituslaitoksilta,mi53,Kirjanpitoarvo,36783.86,ISO4217_EUR,2,MCY=x3023,https://avoindata.prh.fi/opendata-xbrl-api/v3/financial?businessId=2861451-4&financialDate=2022-12-31
24,2861451-4,Primor Services Oy,2022-12-31,2023-04-27,instant,,2021-12-31,x3023,Lyhytaikaiset lainat rahoituslaitoksilta,mi53,Kirjanpitoarvo,8781.12,ISO4217_EUR,2,MCY=x3023;REF=x4,https://avoindata.prh.fi/opendata-xbrl-api/v3/financial?businessId=2861451-4&financialDate=2022-12-31
24,2861451-4,Primor Services Oy,2022-12-31,2023-04-27,instant,,2022-12-31,x1819,Lyhytaikaiset ostovelat,mi53,Kirjanpitoarvo,11710.71,ISO4217_EUR,2,MCY=x1819,https://avoindata.prh.fi/opendata-xbrl-api/v3/financial?businessId=2861451-4&financialDate=2022-12-31
24,2861451-4,Primor Services Oy,2022-12-31,2023-04-27,instant,,2021-12-31,x1819,Lyhytaikaiset ostovelat,mi53,Kirjanpitoarvo,11944.68,ISO4217_EUR,2,MCY=x1819;REF=x4,https://avoindata.prh.fi/opendata-xbrl-api/v3/financial?businessId=2861451-4&financialDate=2022-12-31
24,2861451-4,Primor Services Oy,2022-12-31,2023-04-27,instant,,2022-12-31,x1825,Lyhytaikaiset muut velat,mi53,Kirjanpitoarvo,31657.41,ISO4217_EUR,2,MCY=x1825,https://avoindata.prh.fi/opendata-xbrl-api/v3/financial?businessId=2861451-4&financialDate=2022-12-31
24,2861451-4,Primor Services Oy,2022-12-31,2023-04-27,instant,,2021-12-31,x1825,Lyhytaikaiset muut velat,mi53,Kirjanpitoarvo,18256.14,ISO4217_EUR,2,MCY=x1825;REF=x4,https://avoindata.prh.fi/opendata-xbrl-api/v3/financial?businessId=2861451-4&financialDate=2022-12-31
24,2861451-4,Primor Services Oy,2022-12-31,2023-04-27,instant,,2022-12-31,x1811,Lyhytaikainen vieras pääoma,mi53,Kirjanpitoarvo,80151.98,ISO4217_EUR,2,MCY=x1811,https://avoindata.prh.fi/opendata-xbrl-api/v3/financial?businessId=2861451-4&financialDate=2022-12-31
24,2861451-4,Primor Services Oy,2022-12-31,2023-04-27,instant,,2021-12-31,x1811,Lyhytaikainen vieras pääoma,mi53,Kirjanpitoarvo,38981.94,ISO4217_EUR,2,MCY=x1811;REF=x4,https://avoindata.prh.fi/opendata-xbrl-api/v3/financial?businessId=2861451-4&financialDate=2022-12-31
24,2861451-4,Primor Services Oy,2022-12-31,2023-04-27,instant,,2022-12-31,x424,Vieras pääoma,mi53,Kirjanpitoarvo,80151.98,ISO4217_EUR,2,MCY=x424,https://avoindata.prh.fi/opendata-xbrl-api/v3/financial?businessId=2861451-4&financialDate=2022-12-31
24,2861451-4,Primor Services Oy,2022-12-31,2023-04-27,instant,,2021-12-31,x424,Vieras pääoma,mi53,Kirjanpitoarvo,73871.94,ISO4217_EUR,2,MCY=x424;REF=x4,https://avoindata.prh.fi/opendata-xbrl-api/v3/financial?businessId=2861451-4&financialDate=2022-12-31
24,2861451-4,Primor Services Oy,2022-12-31,2023-04-27,instant,,2022-12-31,x481,Vastattavaa,mi53,Kirjanpitoarvo,12379.34,ISO4217_EUR,2,MCY=x481,https://avoindata.prh.fi/opendata-xbrl-api/v3/financial?businessId=2861451-4&financialDate=2022-12-31
24,2861451-4,Primor Services Oy,2022-12-31,2023-04-27,instant,,2021-12-31,x481,Vastattavaa,mi53,Kirjanpitoarvo,16563.87,ISO4217_EUR,2,MCY=x481;REF=x4,https://avoindata.prh.fi/opendata-xbrl-api/v3/financial?businessId=2861451-4&financialDate=2022-12-31
24,2861451-4,Primor Services Oy,2022-12-31,2023-04-27,instant,,2022-12-31,x673,Liikevaihto,md103,Tilikauden rahallinen kertymä,0.00,ISO4217_EUR,2,MCY=x673,https://avoindata.prh.fi/opendata-xbrl-api/v3/financial?businessId=2861451-4&financialDate=2022-12-31
24,2861451-4,Primor Services Oy,2022-12-31,2023-04-27,instant,,2021-12-31,x673,Liikevaihto,md103,Tilikauden rahallinen kertymä,-632.25,ISO4217_EUR,2,MCY=x673;REF=x53,https://avoindata.prh.fi/opendata-xbrl-api/v3/financial?businessId=2861451-4&financialDate=2022-12-31
24,2861451-4,Primor Services Oy,2022-12-31,2023-04-27,instant,,2022-12-31,x49,Liiketoiminnan muut tuotot,md103,Tilikauden rahallinen kertymä,0.00,ISO4217_EUR,2,MCY=x49,https://avoindata.prh.fi/opendata-xbrl-api/v3/financial?businessId=2861451-4&financialDate=2022-12-31
24,2861451-4,Primor Services Oy,2022-12-31,2023-04-27,instant,,2021-12-31,x49,Liiketoiminnan muut tuotot,md103,Tilikauden rahallinen kertymä,4805.12,ISO4217_EUR,2,MCY=x49;REF=x53,https://avoindata.prh.fi/opendata-xbrl-api/v3/financial?businessId=2861451-4&financialDate=2022-12-31
24,2861451-4,Primor Services Oy,2022-12-31,2023-04-27,instant,,2022-12-31,x10,Palvelujen ostot,md103,Tilikauden rahallinen kertymä,0.00,ISO4217_EUR,2,MCY=x10,https://avoindata.prh.fi/opendata-xbrl-api/v3/financial?businessId=2861451-4&financialDate=2022-12-31
24,2861451-4,Primor Services Oy,2022-12-31,2023-04-27,instant,,2021-12-31,x10,Palvelujen ostot,md103,Tilikauden rahallinen kertymä,-3952.42,ISO4217_EUR,2,MCY=x10;REF=x53,https://avoindata.prh.fi/opendata-xbrl-api/v3/financial?businessId=2861451-4&financialDate=2022-12-31
24,2861451-4,Primor Services Oy,2022-12-31,2023-04-27,instant,,2022-12-31,x758,Materiaalit ja palvelut,md103,Tilikauden rahallinen kertymä,0.00,ISO4217_EUR,2,MCY=x758,https://avoindata.prh.fi/opendata-xbrl-api/v3/financial?businessId=2861451-4&financialDate=2022-12-31
24,2861451-4,Primor Services Oy,2022-12-31,2023-04-27,instant,,2021-12-31,x758,Materiaalit ja palvelut,md103,Tilikauden rahallinen kertymä,-3952.42,ISO4217_EUR,2,MCY=x758;REF=x53,https://avoindata.prh.fi/opendata-xbrl-api/v3/financial?businessId=2861451-4&financialDate=2022-12-31
24,2861451-4,Primor Services Oy,2022-12-31,2023-04-27,instant,,2022-12-31,x8,Eläkekulut,md103,Tilikauden rahallinen kertymä,0.00,ISO4217_EUR,2,MCY=x8,https://avoindata.prh.fi/opendata-xbrl-api/v3/financial?businessId=2861451-4&financialDate=2022-12-31
24,2861451-4,Primor Services Oy,2022-12-31,2023-04-27,instant,,2021-12-31,x8,Eläkekulut,md103,Tilikauden rahallinen kertymä,-84.32,ISO4217_EUR,2,MCY=x8;REF=x53,https://avoindata.prh.fi/opendata-xbrl-api/v3/financial?businessId=2861451-4&financialDate=2022-12-31
24,2861451-4,Primor Services Oy,2022-12-31,2023-04-27,instant,,2022-12-31,x5,Henkilöstökulut,md103,Tilikauden rahallinen kertymä,0.00,ISO4217_EUR,2,MCY=x5,https://avoindata.prh.fi/opendata-xbrl-api/v3/financial?businessId=2861451-4&financialDate=2022-12-31
24,2861451-4,Primor Services Oy,2022-12-31,2023-04-27,instant,,2021-12-31,x5,Henkilöstökulut,md103,Tilikauden rahallinen kertymä,-84.32,ISO4217_EUR,2,MCY=x5;REF=x53,https://avoindata.prh.fi/opendata-xbrl-api/v3/financial?businessId=2861451-4&financialDate=2022-12-31
24,2861451-4,Primor Services Oy,2022-12-31,2023-04-27,instant,,2022-12-31,x449,Suunnitelman mukaiset poistot,md103,Tilikauden rahallinen kertymä,-3854.00,ISO4217_EUR,2,MCY=x449,https://avoindata.prh.fi/opendata-xbrl-api/v3/financial?businessId=2861451-4&financialDate=2022-12-31
24,2861451-4,Primor Services Oy,2022-12-31,2023-04-27,instant,,2021-12-31,x449,Suunnitelman mukaiset poistot,md103,Tilikauden rahallinen kertymä,-5138.52,ISO4217_EUR,2,MCY=x449;REF=x53,https://avoindata.prh.fi/opendata-xbrl-api/v3/financial?businessId=2861451-4&financialDate=2022-12-31
24,2861451-4,Primor Services Oy,2022-12-31,2023-04-27,instant,,2022-12-31,x448,Poistot ja arvonalentumiset,md103,Tilikauden rahallinen kertymä,-3854.00,ISO4217_EUR,2,MCY=x448,https://avoindata.prh.fi/opendata-xbrl-api/v3/financial?businessId=2861451-4&financialDate=2022-12-31
24,2861451-4,Primor Services Oy,2022-12-31,2023-04-27,instant,,2021-12-31,x448,Poistot ja arvonalentumiset,md103,Tilikauden rahallinen kertymä,-5138.52,ISO4217_EUR,2,MCY=x448;REF=x53,https://avoindata.prh.fi/opendata-xbrl-api/v3/financial?businessId=2861451-4&financialDate=2022-12-31
24,2861451-4,Primor Services Oy,2022-12-31,2023-04-27,instant,,2022-12-31,x1869,Liiketoiminnan muut kulut,md103,Tilikauden rahallinen kertymä,-3229.11,ISO4217_EUR,2,MCY=x1869,https://avoindata.prh.fi/opendata-xbrl-api/v3/financial?businessId=2861451-4&financialDate=2022-12-31
24,2861451-4,Primor Services Oy,2022-12-31,2023-04-27,instant,,2021-12-31,x1869,Liiketoiminnan muut kulut,md103,Tilikauden rahallinen kertymä,-5083.39,ISO4217_EUR,2,MCY=x1869;REF=x53,https://avoindata.prh.fi/opendata-xbrl-api/v3/financial?businessId=2861451-4&financialDate=2022-12-31
24,2861451-4,Primor Services Oy,2022-12-31,2023-04-27,instant,,2022-12-31,x689,Liikevoitto (-tappio),md103,Tilikauden rahallinen kertymä,-7083.11,ISO4217_EUR,2,MCY=x689,https://avoindata.prh.fi/opendata-xbrl-api/v3/financial?businessId=2861451-4&financialDate=2022-12-31
24,2861451-4,Primor Services Oy,2022-12-31,2023-04-27,instant,,2021-12-31,x689,Liikevoitto (-tappio),md103,Tilikauden rahallinen kertymä,-10085.78,ISO4217_EUR,2,MCY=x689;REF=x53,https://avoindata.prh.fi/opendata-xbrl-api/v3/financial?businessId=2861451-4&financialDate=2022-12-31
24,2861451-4,Primor Services Oy,2022-12-31,2023-04-27,instant,,2022-12-31,x4014,Muut korko- ja rahoitustuotot muilta kuin saman konsernin yrityksiltä,md103,Tilikauden rahallinen kertymä,0.02,ISO4217_EUR,2,MCY=x4014,https://avoindata.prh.fi/opendata-xbrl-api/v3/financial?businessId=2861451-4&financialDate=2022-12-31
24,2861451-4,Primor Services Oy,2022-12-31,2023-04-27,instant,,2021-12-31,x4014,Muut korko- ja rahoitustuotot muilta kuin saman konsernin yrityksiltä,md103,Tilikauden rahallinen kertymä,0.00,ISO4217_EUR,2,MCY=x4014;REF=x53,https://avoindata.prh.fi/opendata-xbrl-api/v3/financial?businessId=2861451-4&financialDate=2022-12-31
24,2861451-4,Primor Services Oy,2022-12-31,2023-04-27,instant,,2022-12-31,x4046,Korkokulut- ja muut rahoituskulut muille kuin saman konsernin yrityksille,md103,Tilikauden rahallinen kertymä,-3381.48,ISO4217_EUR,2,MCY=x4046,https://avoindata.prh.fi/opendata-xbrl-api/v3/financial?businessId=2861451-4&financialDate=2022-12-31
24,2861451-4,Primor Services Oy,2022-12-31,2023-04-27,instant,,2021-12-31,x4046,Korkokulut- ja muut rahoituskulut muille kuin saman konsernin yrityksille,md103,Tilikauden rahallinen kertymä,-2601.02,ISO4217_EUR,2,MCY=x4046;REF=x53,https://avoindata.prh.fi/opendata-xbrl-api/v3/financial?businessId=2861451-4&financialDate=2022-12-31
24,2861451-4,Primor Services Oy,2022-12-31,2023-04-27,instant,,2022-12-31,x12,Rahoitustuotot ja -kulut + (-),md103,Tilikauden rahallinen kertymä,-3381.46,ISO4217_EUR,2,MCY=x12,https://avoindata.prh.fi/opendata-xbrl-api/v3/financial?businessId=2861451-4&financialDate=2022-12-31
24,2861451-4,Primor Services Oy,2022-12-31,2023-04-27,instant,,2021-12-31,x12,Rahoitustuotot ja -kulut + (-),md103,Tilikauden rahallinen kertymä,-2601.02,ISO4217_EUR,2,MCY=x12;REF=x53,https://avoindata.prh.fi/opendata-xbrl-api/v3/financial?businessId=2861451-4&financialDate=2022-12-31
24,2861451-4,Primor Services Oy,2022-12-31,2023-04-27,instant,,2022-12-31,x738,Voitto (tappio) ennen tilinpäätössiirtoja ja veroja,md103,Tilikauden rahallinen kertymä,-10464.57,ISO4217_EUR,2,MCY=x738,https://avoindata.prh.fi/opendata-xbrl-api/v3/financial?businessId=2861451-4&financialDate=2022-12-31
24,2861451-4,Primor Services Oy,2022-12-31,2023-04-27,instant,,2021-12-31,x738,Voitto (tappio) ennen tilinpäätössiirtoja ja veroja,md103,Tilikauden rahallinen kertymä,-12686.80,ISO4217_EUR,2,MCY=x738;REF=x53,https://avoindata.prh.fi/opendata-xbrl-api/v3/financial?businessId=2861451-4&financialDate=2022-12-31
24,2861451-4,Primor Services Oy,2022-12-31,2023-04-27,instant,,2022-12-31,x740,Tilikauden voitto (tappio),md103,Tilikauden rahallinen kertymä,-10464.57,ISO4217_EUR,2,MCY=x740,https://avoindata.prh.fi/opendata-xbrl-api/v3/financial?businessId=2861451-4&financialDate=2022-12-31
24,2861451-4,Primor Services Oy,2022-12-31,2023-04-27,instant,,2021-12-31,x740,Tilikauden voitto (tappio),md103,Tilikauden rahallinen kertymä,-12686.80,ISO4217_EUR,2,MCY=x740;REF=x53,https://avoindata.prh.fi/opendata-xbrl-api/v3/financial?businessId=2861451-4&financialDate=2022-12-31
25,3095006-6,Nerdsbay Oy Ltd,2022-12-31,2023-05-18,instant,,2022-12-31,x1036,Koneet ja kalusto,mi53,Kirjanpitoarvo,5890.79,ISO4217_EUR,2,MCY=x1036,https://avoindata.prh.fi/opendata-xbrl-api/v3/financial?businessId=3095006-6&financialDate=2022-12-31
25,3095006-6,Nerdsbay Oy Ltd,2022-12-31,2023-05-18,instant,,2021-12-31,x1036,Koneet ja kalusto,mi53,Kirjanpitoarvo,7854.37,ISO4217_EUR,2,MCY=x1036;REF=x4,https://avoindata.prh.fi/opendata-xbrl-api/v3/financial?businessId=3095006-6&financialDate=2022-12-31
25,3095006-6,Nerdsbay Oy Ltd,2022-12-31,2023-05-18,instant,,2022-12-31,x816,Aineelliset hyödykkeet,mi53,Kirjanpitoarvo,5890.79,ISO4217_EUR,2,MCY=x816,https://avoindata.prh.fi/opendata-xbrl-api/v3/financial?businessId=3095006-6&financialDate=2022-12-31
25,3095006-6,Nerdsbay Oy Ltd,2022-12-31,2023-05-18,instant,,2021-12-31,x816,Aineelliset hyödykkeet,mi53,Kirjanpitoarvo,7854.37,ISO4217_EUR,2,MCY=x816;REF=x4,https://avoindata.prh.fi/opendata-xbrl-api/v3/financial?businessId=3095006-6&financialDate=2022-12-31
25,3095006-6,Nerdsbay Oy Ltd,2022-12-31,2023-05-18,instant,,2022-12-31,x513,Pysyvät vastaavat,mi53,Kirjanpitoarvo,5890.79,ISO4217_EUR,2,MCY=x513,https://avoindata.prh.fi/opendata-xbrl-api/v3/financial?businessId=3095006-6&financialDate=2022-12-31
25,3095006-6,Nerdsbay Oy Ltd,2022-12-31,2023-05-18,instant,,2021-12-31,x513,Pysyvät vastaavat,mi53,Kirjanpitoarvo,7854.37,ISO4217_EUR,2,MCY=x513;REF=x4,https://avoindata.prh.fi/opendata-xbrl-api/v3/financial?businessId=3095006-6&financialDate=2022-12-31
25,3095006-6,Nerdsbay Oy Ltd,2022-12-31,2023-05-18,instant,,2022-12-31,x1769,Lyhytaikaiset myyntisaamiset,mi53,Kirjanpitoarvo,7068.00,ISO4217_EUR,2,MCY=x1769,https://avoindata.prh.fi/opendata-xbrl-api/v3/financial?businessId=3095006-6&financialDate=2022-12-31
25,3095006-6,Nerdsbay Oy Ltd,2022-12-31,2023-05-18,instant,,2021-12-31,x1769,Lyhytaikaiset myyntisaamiset,mi53,Kirjanpitoarvo,9300.00,ISO4217_EUR,2,MCY=x1769;REF=x4,https://avoindata.prh.fi/opendata-xbrl-api/v3/financial?businessId=3095006-6&financialDate=2022-12-31
25,3095006-6,Nerdsbay Oy Ltd,2022-12-31,2023-05-18,instant,,2022-12-31,x1768,Lyhytaikaiset saamiset,mi53,Kirjanpitoarvo,7068.00,ISO4217_EUR,2,MCY=x1768,https://avoindata.prh.fi/opendata-xbrl-api/v3/financial?businessId=3095006-6&financialDate=2022-12-31
25,3095006-6,Nerdsbay Oy Ltd,2022-12-31,2023-05-18,instant,,2021-12-31,x1768,Lyhytaikaiset saamiset,mi53,Kirjanpitoarvo,9300.00,ISO4217_EUR,2,MCY=x1768;REF=x4,https://avoindata.prh.fi/opendata-xbrl-api/v3/financial?businessId=3095006-6&financialDate=2022-12-31
25,3095006-6,Nerdsbay Oy Ltd,2022-12-31,2023-05-18,instant,,2022-12-31,x438,Saamiset,mi53,Kirjanpitoarvo,7068.00,ISO4217_EUR,2,MCY=x438,https://avoindata.prh.fi/opendata-xbrl-api/v3/financial?businessId=3095006-6&financialDate=2022-12-31
25,3095006-6,Nerdsbay Oy Ltd,2022-12-31,2023-05-18,instant,,2021-12-31,x438,Saamiset,mi53,Kirjanpitoarvo,9300.00,ISO4217_EUR,2,MCY=x438;REF=x4,https://avoindata.prh.fi/opendata-xbrl-api/v3/financial?businessId=3095006-6&financialDate=2022-12-31
25,3095006-6,Nerdsbay Oy Ltd,2022-12-31,2023-05-18,instant,,2022-12-31,x399,Rahat ja pankkisaamiset,mi53,Kirjanpitoarvo,34030.55,ISO4217_EUR,2,MCY=x399,https://avoindata.prh.fi/opendata-xbrl-api/v3/financial?businessId=3095006-6&financialDate=2022-12-31
25,3095006-6,Nerdsbay Oy Ltd,2022-12-31,2023-05-18,instant,,2021-12-31,x399,Rahat ja pankkisaamiset,mi53,Kirjanpitoarvo,32706.12,ISO4217_EUR,2,MCY=x399;REF=x4,https://avoindata.prh.fi/opendata-xbrl-api/v3/financial?businessId=3095006-6&financialDate=2022-12-31
25,3095006-6,Nerdsbay Oy Ltd,2022-12-31,2023-05-18,instant,,2022-12-31,x435,Vaihtuvat vastaavat,mi53,Kirjanpitoarvo,41098.55,ISO4217_EUR,2,MCY=x435,https://avoindata.prh.fi/opendata-xbrl-api/v3/financial?businessId=3095006-6&financialDate=2022-12-31
25,3095006-6,Nerdsbay Oy Ltd,2022-12-31,2023-05-18,instant,,2021-12-31,x435,Vaihtuvat vastaavat,mi53,Kirjanpitoarvo,42006.12,ISO4217_EUR,2,MCY=x435;REF=x4,https://avoindata.prh.fi/opendata-xbrl-api/v3/financial?businessId=3095006-6&financialDate=2022-12-31
25,3095006-6,Nerdsbay Oy Ltd,2022-12-31,2023-05-18,instant,,2022-12-31,x360,Vastaavaa,mi53,Kirjanpitoarvo,46989.34,ISO4217_EUR,2,MCY=x360,https://avoindata.prh.fi/opendata-xbrl-api/v3/financial?businessId=3095006-6&financialDate=2022-12-31
25,3095006-6,Nerdsbay Oy Ltd,2022-12-31,2023-05-18,instant,,2021-12-31,x360,Vastaavaa,mi53,Kirjanpitoarvo,49860.49,ISO4217_EUR,2,MCY=x360;REF=x4,https://avoindata.prh.fi/opendata-xbrl-api/v3/financial?businessId=3095006-6&financialDate=2022-12-31
25,3095006-6,Nerdsbay Oy Ltd,2022-12-31,2023-05-18,instant,,2022-12-31,x924,Sijoitetun vapaan oman pääoman rahasto,mi53,Kirjanpitoarvo,19180.00,ISO4217_EUR,2,MCY=x924,https://avoindata.prh.fi/opendata-xbrl-api/v3/financial?businessId=3095006-6&financialDate=2022-12-31
25,3095006-6,Nerdsbay Oy Ltd,2022-12-31,2023-05-18,instant,,2021-12-31,x924,Sijoitetun vapaan oman pääoman rahasto,mi53,Kirjanpitoarvo,19180.00,ISO4217_EUR,2,MCY=x924;REF=x4,https://avoindata.prh.fi/opendata-xbrl-api/v3/financial?businessId=3095006-6&financialDate=2022-12-31
25,3095006-6,Nerdsbay Oy Ltd,2022-12-31,2023-05-18,instant,,2022-12-31,x932,Edellisten tilikausien voitto (tappio),mi53,Kirjanpitoarvo,-15651.40,ISO4217_EUR,2,MCY=x932,https://avoindata.prh.fi/opendata-xbrl-api/v3/financial?businessId=3095006-6&financialDate=2022-12-31
25,3095006-6,Nerdsbay Oy Ltd,2022-12-31,2023-05-18,instant,,2021-12-31,x932,Edellisten tilikausien voitto (tappio),mi53,Kirjanpitoarvo,15301.96,ISO4217_EUR,2,MCY=x932;REF=x4,https://avoindata.prh.fi/opendata-xbrl-api/v3/financial?businessId=3095006-6&financialDate=2022-12-31
25,3095006-6,Nerdsbay Oy Ltd,2022-12-31,2023-05-18,instant,,2022-12-31,x2895,"Tilikauden voitto (tappio), oma pääoma",mi53,Kirjanpitoarvo,21921.18,ISO4217_EUR,2,MCY=x2895,https://avoindata.prh.fi/opendata-xbrl-api/v3/financial?businessId=3095006-6&financialDate=2022-12-31
25,3095006-6,Nerdsbay Oy Ltd,2022-12-31,2023-05-18,instant,,2021-12-31,x2895,"Tilikauden voitto (tappio), oma pääoma",mi53,Kirjanpitoarvo,-30953.36,ISO4217_EUR,2,MCY=x2895;REF=x4,https://avoindata.prh.fi/opendata-xbrl-api/v3/financial?businessId=3095006-6&financialDate=2022-12-31
25,3095006-6,Nerdsbay Oy Ltd,2022-12-31,2023-05-18,instant,,2022-12-31,x376,Oma pääoma,mi53,Kirjanpitoarvo,25449.78,ISO4217_EUR,2,MCY=x376,https://avoindata.prh.fi/opendata-xbrl-api/v3/financial?businessId=3095006-6&financialDate=2022-12-31
25,3095006-6,Nerdsbay Oy Ltd,2022-12-31,2023-05-18,instant,,2021-12-31,x376,Oma pääoma,mi53,Kirjanpitoarvo,3528.60,ISO4217_EUR,2,MCY=x376;REF=x4,https://avoindata.prh.fi/opendata-xbrl-api/v3/financial?businessId=3095006-6&financialDate=2022-12-31
25,3095006-6,Nerdsbay Oy Ltd,2022-12-31,2023-05-18,instant,,2022-12-31,x1818,Lyhytaikaiset saadut ennakot,mi53,Kirjanpitoarvo,0.00,ISO4217_EUR,2,MCY=x1818,https://avoindata.prh.fi/opendata-xbrl-api/v3/financial?businessId=3095006-6&financialDate=2022-12-31
25,3095006-6,Nerdsbay Oy Ltd,2022-12-31,2023-05-18,instant,,2021-12-31,x1818,Lyhytaikaiset saadut ennakot,mi53,Kirjanpitoarvo,33600.00,ISO4217_EUR,2,MCY=x1818;REF=x4,https://avoindata.prh.fi/opendata-xbrl-api/v3/financial?businessId=3095006-6&financialDate=2022-12-31
25,3095006-6,Nerdsbay Oy Ltd,2022-12-31,2023-05-18,instant,,2022-12-31,x1819,Lyhytaikaiset ostovelat,mi53,Kirjanpitoarvo,0.00,ISO4217_EUR,2,MCY=x1819,https://avoindata.prh.fi/opendata-xbrl-api/v3/financial?businessId=3095006-6&financialDate=2022-12-31
25,3095006-6,Nerdsbay Oy Ltd,2022-12-31,2023-05-18,instant,,2021-12-31,x1819,Lyhytaikaiset ostovelat,mi53,Kirjanpitoarvo,199.20,ISO4217_EUR,2,MCY=x1819;REF=x4,https://avoindata.prh.fi/opendata-xbrl-api/v3/financial?businessId=3095006-6&financialDate=2022-12-31
25,3095006-6,Nerdsbay Oy Ltd,2022-12-31,2023-05-18,instant,,2022-12-31,x1825,Lyhytaikaiset muut velat,mi53,Kirjanpitoarvo,13810.99,ISO4217_EUR,2,MCY=x1825,https://avoindata.prh.fi/opendata-xbrl-api/v3/financial?businessId=3095006-6&financialDate=2022-12-31
25,3095006-6,Nerdsbay Oy Ltd,2022-12-31,2023-05-18,instant,,2021-12-31,x1825,Lyhytaikaiset muut velat,mi53,Kirjanpitoarvo,7080.72,ISO4217_EUR,2,MCY=x1825;REF=x4,https://avoindata.prh.fi/opendata-xbrl-api/v3/financial?businessId=3095006-6&financialDate=2022-12-31
25,3095006-6,Nerdsbay Oy Ltd,2022-12-31,2023-05-18,instant,,2022-12-31,x1826,Lyhytaikaiset siirtovelat,mi53,Kirjanpitoarvo,7728.57,ISO4217_EUR,2,MCY=x1826,https://avoindata.prh.fi/opendata-xbrl-api/v3/financial?businessId=3095006-6&financialDate=2022-12-31
25,3095006-6,Nerdsbay Oy Ltd,2022-12-31,2023-05-18,instant,,2021-12-31,x1826,Lyhytaikaiset siirtovelat,mi53,Kirjanpitoarvo,5451.97,ISO4217_EUR,2,MCY=x1826;REF=x4,https://avoindata.prh.fi/opendata-xbrl-api/v3/financial?businessId=3095006-6&financialDate=2022-12-31
25,3095006-6,Nerdsbay Oy Ltd,2022-12-31,2023-05-18,instant,,2022-12-31,x1811,Lyhytaikainen vieras pääoma,mi53,Kirjanpitoarvo,21539.56,ISO4217_EUR,2,MCY=x1811,https://avoindata.prh.fi/opendata-xbrl-api/v3/financial?businessId=3095006-6&financialDate=2022-12-31
25,3095006-6,Nerdsbay Oy Ltd,2022-12-31,2023-05-18,instant,,2021-12-31,x1811,Lyhytaikainen vieras pääoma,mi53,Kirjanpitoarvo,46331.89,ISO4217_EUR,2,MCY=x1811;REF=x4,https://avoindata.prh.fi/opendata-xbrl-api/v3/financial?businessId=3095006-6&financialDate=2022-12-31
25,3095006-6,Nerdsbay Oy Ltd,2022-12-31,2023-05-18,instant,,2022-12-31,x424,Vieras pääoma,mi53,Kirjanpitoarvo,21539.56,ISO4217_EUR,2,MCY=x424,https://avoindata.prh.fi/opendata-xbrl-api/v3/financial?businessId=3095006-6&financialDate=2022-12-31
25,3095006-6,Nerdsbay Oy Ltd,2022-12-31,2023-05-18,instant,,2021-12-31,x424,Vieras pääoma,mi53,Kirjanpitoarvo,46331.89,ISO4217_EUR,2,MCY=x424;REF=x4,https://avoindata.prh.fi/opendata-xbrl-api/v3/financial?businessId=3095006-6&financialDate=2022-12-31
25,3095006-6,Nerdsbay Oy Ltd,2022-12-31,2023-05-18,instant,,2022-12-31,x481,Vastattavaa,mi53,Kirjanpitoarvo,46989.34,ISO4217_EUR,2,MCY=x481,https://avoindata.prh.fi/opendata-xbrl-api/v3/financial?businessId=3095006-6&financialDate=2022-12-31
25,3095006-6,Nerdsbay Oy Ltd,2022-12-31,2023-05-18,instant,,2021-12-31,x481,Vastattavaa,mi53,Kirjanpitoarvo,49860.49,ISO4217_EUR,2,MCY=x481;REF=x4,https://avoindata.prh.fi/opendata-xbrl-api/v3/financial?businessId=3095006-6&financialDate=2022-12-31
25,3095006-6,Nerdsbay Oy Ltd,2022-12-31,2023-05-18,instant,,2022-12-31,x673,Liikevaihto,md103,Tilikauden rahallinen kertymä,141542.57,ISO4217_EUR,2,MCY=x673,https://avoindata.prh.fi/opendata-xbrl-api/v3/financial?businessId=3095006-6&financialDate=2022-12-31
25,3095006-6,Nerdsbay Oy Ltd,2022-12-31,2023-05-18,instant,,2021-12-31,x673,Liikevaihto,md103,Tilikauden rahallinen kertymä,34802.00,ISO4217_EUR,2,MCY=x673;REF=x53,https://avoindata.prh.fi/opendata-xbrl-api/v3/financial?businessId=3095006-6&financialDate=2022-12-31
25,3095006-6,Nerdsbay Oy Ltd,2022-12-31,2023-05-18,instant,,2022-12-31,x49,Liiketoiminnan muut tuotot,md103,Tilikauden rahallinen kertymä,47997.75,ISO4217_EUR,2,MCY=x49,https://avoindata.prh.fi/opendata-xbrl-api/v3/financial?businessId=3095006-6&financialDate=2022-12-31
25,3095006-6,Nerdsbay Oy Ltd,2022-12-31,2023-05-18,instant,,2021-12-31,x49,Liiketoiminnan muut tuotot,md103,Tilikauden rahallinen kertymä,0.00,ISO4217_EUR,2,MCY=x49;REF=x53,https://avoindata.prh.fi/opendata-xbrl-api/v3/financial?businessId=3095006-6&financialDate=2022-12-31
25,3095006-6,Nerdsbay Oy Ltd,2022-12-31,2023-05-18,instant,,2022-12-31,x755,Ostot tilikauden aikana,md103,Tilikauden rahallinen kertymä,-380.08,ISO4217_EUR,2,MCY=x755,https://avoindata.prh.fi/opendata-xbrl-api/v3/financial?businessId=3095006-6&financialDate=2022-12-31
25,3095006-6,Nerdsbay Oy Ltd,2022-12-31,2023-05-18,instant,,2021-12-31,x755,Ostot tilikauden aikana,md103,Tilikauden rahallinen kertymä,-852.00,ISO4217_EUR,2,MCY=x755;REF=x53,https://avoindata.prh.fi/opendata-xbrl-api/v3/financial?businessId=3095006-6&financialDate=2022-12-31
25,3095006-6,Nerdsbay Oy Ltd,2022-12-31,2023-05-18,instant,,2022-12-31,x758,Materiaalit ja palvelut,md103,Tilikauden rahallinen kertymä,-380.08,ISO4217_EUR,2,MCY=x758,https://avoindata.prh.fi/opendata-xbrl-api/v3/financial?businessId=3095006-6&financialDate=2022-12-31
25,3095006-6,Nerdsbay Oy Ltd,2022-12-31,2023-05-18,instant,,2021-12-31,x758,Materiaalit ja palvelut,md103,Tilikauden rahallinen kertymä,-852.00,ISO4217_EUR,2,MCY=x758;REF=x53,https://avoindata.prh.fi/opendata-xbrl-api/v3/financial?businessId=3095006-6&financialDate=2022-12-31
25,3095006-6,Nerdsbay Oy Ltd,2022-12-31,2023-05-18,instant,,2022-12-31,x6,Palkat ja palkkiot,md103,Tilikauden rahallinen kertymä,-107476.29,ISO4217_EUR,2,MCY=x6,https://avoindata.prh.fi/opendata-xbrl-api/v3/financial?businessId=3095006-6&financialDate=2022-12-31
25,3095006-6,Nerdsbay Oy Ltd,2022-12-31,2023-05-18,instant,,2021-12-31,x6,Palkat ja palkkiot,md103,Tilikauden rahallinen kertymä,-55465.72,ISO4217_EUR,2,MCY=x6;REF=x53,https://avoindata.prh.fi/opendata-xbrl-api/v3/financial?businessId=3095006-6&financialDate=2022-12-31
25,3095006-6,Nerdsbay Oy Ltd,2022-12-31,2023-05-18,instant,,2022-12-31,x8,Eläkekulut,md103,Tilikauden rahallinen kertymä,-7779.26,ISO4217_EUR,2,MCY=x8,https://avoindata.prh.fi/opendata-xbrl-api/v3/financial?businessId=3095006-6&financialDate=2022-12-31
25,3095006-6,Nerdsbay Oy Ltd,2022-12-31,2023-05-18,instant,,2021-12-31,x8,Eläkekulut,md103,Tilikauden rahallinen kertymä,-3247.42,ISO4217_EUR,2,MCY=x8;REF=x53,https://avoindata.prh.fi/opendata-xbrl-api/v3/financial?businessId=3095006-6&financialDate=2022-12-31
25,3095006-6,Nerdsbay Oy Ltd,2022-12-31,2023-05-18,instant,,2022-12-31,x9,Muut henkilösivukulut,md103,Tilikauden rahallinen kertymä,-1265.19,ISO4217_EUR,2,MCY=x9,https://avoindata.prh.fi/opendata-xbrl-api/v3/financial?businessId=3095006-6&financialDate=2022-12-31
25,3095006-6,Nerdsbay Oy Ltd,2022-12-31,2023-05-18,instant,,2021-12-31,x9,Muut henkilösivukulut,md103,Tilikauden rahallinen kertymä,-741.48,ISO4217_EUR,2,MCY=x9;REF=x53,https://avoindata.prh.fi/opendata-xbrl-api/v3/financial?businessId=3095006-6&financialDate=2022-12-31
25,3095006-6,Nerdsbay Oy Ltd,2022-12-31,2023-05-18,instant,,2022-12-31,x5,Henkilöstökulut,md103,Tilikauden rahallinen kertymä,-116520.74,ISO4217_EUR,2,MCY=x5,https://avoindata.prh.fi/opendata-xbrl-api/v3/financial?businessId=3095006-6&financialDate=2022-12-31
25,3095006-6,Nerdsbay Oy Ltd,2022-12-31,2023-05-18,instant,,2021-12-31,x5,Henkilöstökulut,md103,Tilikauden rahallinen kertymä,-59454.62,ISO4217_EUR,2,MCY=x5;REF=x53,https://avoindata.prh.fi/opendata-xbrl-api/v3/financial?businessId=3095006-6&financialDate=2022-12-31
25,3095006-6,Nerdsbay Oy Ltd,2022-12-31,2023-05-18,instant,,2022-12-31,x449,Suunnitelman mukaiset poistot,md103,Tilikauden rahallinen kertymä,-1963.58,ISO4217_EUR,2,MCY=x449,https://avoindata.prh.fi/opendata-xbrl-api/v3/financial?businessId=3095006-6&financialDate=2022-12-31
25,3095006-6,Nerdsbay Oy Ltd,2022-12-31,2023-05-18,instant,,2021-12-31,x449,Suunnitelman mukaiset poistot,md103,Tilikauden rahallinen kertymä,-2618.13,ISO4217_EUR,2,MCY=x449;REF=x53,https://avoindata.prh.fi/opendata-xbrl-api/v3/financial?businessId=3095006-6&financialDate=2022-12-31
25,3095006-6,Nerdsbay Oy Ltd,2022-12-31,2023-05-18,instant,,2022-12-31,x448,Poistot ja arvonalentumiset,md103,Tilikauden rahallinen kertymä,-1963.58,ISO4217_EUR,2,MCY=x448,https://avoindata.prh.fi/opendata-xbrl-api/v3/financial?businessId=3095006-6&financialDate=2022-12-31
25,3095006-6,Nerdsbay Oy Ltd,2022-12-31,2023-05-18,instant,,2021-12-31,x448,Poistot ja arvonalentumiset,md103,Tilikauden rahallinen kertymä,-2618.13,ISO4217_EUR,2,MCY=x448;REF=x53,https://avoindata.prh.fi/opendata-xbrl-api/v3/financial?businessId=3095006-6&financialDate=2022-12-31
25,3095006-6,Nerdsbay Oy Ltd,2022-12-31,2023-05-18,instant,,2022-12-31,x1869,Liiketoiminnan muut kulut,md103,Tilikauden rahallinen kertymä,-43177.55,ISO4217_EUR,2,MCY=x1869,https://avoindata.prh.fi/opendata-xbrl-api/v3/financial?businessId=3095006-6&financialDate=2022-12-31
25,3095006-6,Nerdsbay Oy Ltd,2022-12-31,2023-05-18,instant,,2021-12-31,x1869,Liiketoiminnan muut kulut,md103,Tilikauden rahallinen kertymä,-2536.24,ISO4217_EUR,2,MCY=x1869;REF=x53,https://avoindata.prh.fi/opendata-xbrl-api/v3/financial?businessId=3095006-6&financialDate=2022-12-31
25,3095006-6,Nerdsbay Oy Ltd,2022-12-31,2023-05-18,instant,,2022-12-31,x689,Liikevoitto (-tappio),md103,Tilikauden rahallinen kertymä,27498.37,ISO4217_EUR,2,MCY=x689,https://avoindata.prh.fi/opendata-xbrl-api/v3/financial?businessId=3095006-6&financialDate=2022-12-31
25,3095006-6,Nerdsbay Oy Ltd,2022-12-31,2023-05-18,instant,,2021-12-31,x689,Liikevoitto (-tappio),md103,Tilikauden rahallinen kertymä,-30658.99,ISO4217_EUR,2,MCY=x689;REF=x53,https://avoindata.prh.fi/opendata-xbrl-api/v3/financial?businessId=3095006-6&financialDate=2022-12-31
25,3095006-6,Nerdsbay Oy Ltd,2022-12-31,2023-05-18,instant,,2022-12-31,x4046,Korkokulut- ja muut rahoituskulut muille kuin saman konsernin yrityksille,md103,Tilikauden rahallinen kertymä,-43.77,ISO4217_EUR,2,MCY=x4046,https://avoindata.prh.fi/opendata-xbrl-api/v3/financial?businessId=3095006-6&financialDate=2022-12-31
25,3095006-6,Nerdsbay Oy Ltd,2022-12-31,2023-05-18,instant,,2021-12-31,x4046,Korkokulut- ja muut rahoituskulut muille kuin saman konsernin yrityksille,md103,Tilikauden rahallinen kertymä,-294.37,ISO4217_EUR,2,MCY=x4046;REF=x53,https://avoindata.prh.fi/opendata-xbrl-api/v3/financial?businessId=3095006-6&financialDate=2022-12-31
25,3095006-6,Nerdsbay Oy Ltd,2022-12-31,2023-05-18,instant,,2022-12-31,x12,Rahoitustuotot ja -kulut + (-),md103,Tilikauden rahallinen kertymä,-43.77,ISO4217_EUR,2,MCY=x12,https://avoindata.prh.fi/opendata-xbrl-api/v3/financial?businessId=3095006-6&financialDate=2022-12-31
25,3095006-6,Nerdsbay Oy Ltd,2022-12-31,2023-05-18,instant,,2021-12-31,x12,Rahoitustuotot ja -kulut + (-),md103,Tilikauden rahallinen kertymä,-294.37,ISO4217_EUR,2,MCY=x12;REF=x53,https://avoindata.prh.fi/opendata-xbrl-api/v3/financial?businessId=3095006-6&financialDate=2022-12-31
25,3095006-6,Nerdsbay Oy Ltd,2022-12-31,2023-05-18,instant,,2022-12-31,x738,Voitto (tappio) ennen tilinpäätössiirtoja ja veroja,md103,Tilikauden rahallinen kertymä,27454.60,ISO4217_EUR,2,MCY=x738,https://avoindata.prh.fi/opendata-xbrl-api/v3/financial?businessId=3095006-6&financialDate=2022-12-31
25,3095006-6,Nerdsbay Oy Ltd,2022-12-31,2023-05-18,instant,,2021-12-31,x738,Voitto (tappio) ennen tilinpäätössiirtoja ja veroja,md103,Tilikauden rahallinen kertymä,-30953.36,ISO4217_EUR,2,MCY=x738;REF=x53,https://avoindata.prh.fi/opendata-xbrl-api/v3/financial?businessId=3095006-6&financialDate=2022-12-31
25,3095006-6,Nerdsbay Oy Ltd,2022-12-31,2023-05-18,instant,,2022-12-31,x541,Tuloverot,md103,Tilikauden rahallinen kertymä,-5533.42,ISO4217_EUR,2,MCY=x541,https://avoindata.prh.fi/opendata-xbrl-api/v3/financial?businessId=3095006-6&financialDate=2022-12-31
25,3095006-6,Nerdsbay Oy Ltd,2022-12-31,2023-05-18,instant,,2021-12-31,x541,Tuloverot,md103,Tilikauden rahallinen kertymä,0.00,ISO4217_EUR,2,MCY=x541;REF=x53,https://avoindata.prh.fi/opendata-xbrl-api/v3/financial?businessId=3095006-6&financialDate=2022-12-31
25,3095006-6,Nerdsbay Oy Ltd,2022-12-31,2023-05-18,instant,,2022-12-31,x740,Tilikauden voitto (tappio),md103,Tilikauden rahallinen kertymä,21921.18,ISO4217_EUR,2,MCY=x740,https://avoindata.prh.fi/opendata-xbrl-api/v3/financial?businessId=3095006-6&financialDate=2022-12-31
25,3095006-6,Nerdsbay Oy Ltd,2022-12-31,2023-05-18,instant,,2021-12-31,x740,Tilikauden voitto (tappio),md103,Tilikauden rahallinen kertymä,-30953.36,ISO4217_EUR,2,MCY=x740;REF=x53,https://avoindata.prh.fi/opendata-xbrl-api/v3/financial?businessId=3095006-6&financialDate=2022-12-31
26,3095737-2,Eliano clean Oy,2025-12-31,2026-05-14,instant,,2025-12-31,x1893,Liikearvo,mi53,Kirjanpitoarvo,26076.00,ISO4217_EUR,2,MCY=x1893,https://avoindata.prh.fi/opendata-xbrl-api/v3/financial?businessId=3095737-2&financialDate=2025-12-31
26,3095737-2,Eliano clean Oy,2025-12-31,2026-05-14,instant,,2024-12-31,x1893,Liikearvo,mi53,Kirjanpitoarvo,31284.00,ISO4217_EUR,2,MCY=x1893;REF=x4,https://avoindata.prh.fi/opendata-xbrl-api/v3/financial?businessId=3095737-2&financialDate=2025-12-31
26,3095737-2,Eliano clean Oy,2025-12-31,2026-05-14,instant,,2025-12-31,x551,Aineettomat hyödykkeet,mi53,Kirjanpitoarvo,26076.00,ISO4217_EUR,2,MCY=x551,https://avoindata.prh.fi/opendata-xbrl-api/v3/financial?businessId=3095737-2&financialDate=2025-12-31
26,3095737-2,Eliano clean Oy,2025-12-31,2026-05-14,instant,,2024-12-31,x551,Aineettomat hyödykkeet,mi53,Kirjanpitoarvo,31284.00,ISO4217_EUR,2,MCY=x551;REF=x4,https://avoindata.prh.fi/opendata-xbrl-api/v3/financial?businessId=3095737-2&financialDate=2025-12-31
26,3095737-2,Eliano clean Oy,2025-12-31,2026-05-14,instant,,2025-12-31,x1036,Koneet ja kalusto,mi53,Kirjanpitoarvo,16256.16,ISO4217_EUR,2,MCY=x1036,https://avoindata.prh.fi/opendata-xbrl-api/v3/financial?businessId=3095737-2&financialDate=2025-12-31
26,3095737-2,Eliano clean Oy,2025-12-31,2026-05-14,instant,,2024-12-31,x1036,Koneet ja kalusto,mi53,Kirjanpitoarvo,21674.88,ISO4217_EUR,2,MCY=x1036;REF=x4,https://avoindata.prh.fi/opendata-xbrl-api/v3/financial?businessId=3095737-2&financialDate=2025-12-31
26,3095737-2,Eliano clean Oy,2025-12-31,2026-05-14,instant,,2025-12-31,x816,Aineelliset hyödykkeet,mi53,Kirjanpitoarvo,16256.16,ISO4217_EUR,2,MCY=x816,https://avoindata.prh.fi/opendata-xbrl-api/v3/financial?businessId=3095737-2&financialDate=2025-12-31
26,3095737-2,Eliano clean Oy,2025-12-31,2026-05-14,instant,,2024-12-31,x816,Aineelliset hyödykkeet,mi53,Kirjanpitoarvo,21674.88,ISO4217_EUR,2,MCY=x816;REF=x4,https://avoindata.prh.fi/opendata-xbrl-api/v3/financial?businessId=3095737-2&financialDate=2025-12-31
26,3095737-2,Eliano clean Oy,2025-12-31,2026-05-14,instant,,2025-12-31,x513,Pysyvät vastaavat,mi53,Kirjanpitoarvo,42332.16,ISO4217_EUR,2,MCY=x513,https://avoindata.prh.fi/opendata-xbrl-api/v3/financial?businessId=3095737-2&financialDate=2025-12-31
26,3095737-2,Eliano clean Oy,2025-12-31,2026-05-14,instant,,2024-12-31,x513,Pysyvät vastaavat,mi53,Kirjanpitoarvo,52958.88,ISO4217_EUR,2,MCY=x513;REF=x4,https://avoindata.prh.fi/opendata-xbrl-api/v3/financial?businessId=3095737-2&financialDate=2025-12-31
26,3095737-2,Eliano clean Oy,2025-12-31,2026-05-14,instant,,2025-12-31,x1757,Aineet ja tarvikkeet,mi53,Kirjanpitoarvo,3418.70,ISO4217_EUR,2,MCY=x1757,https://avoindata.prh.fi/opendata-xbrl-api/v3/financial?businessId=3095737-2&financialDate=2025-12-31
26,3095737-2,Eliano clean Oy,2025-12-31,2026-05-14,instant,,2024-12-31,x1757,Aineet ja tarvikkeet,mi53,Kirjanpitoarvo,2969.75,ISO4217_EUR,2,MCY=x1757;REF=x4,https://avoindata.prh.fi/opendata-xbrl-api/v3/financial?businessId=3095737-2&financialDate=2025-12-31
26,3095737-2,Eliano clean Oy,2025-12-31,2026-05-14,instant,,2025-12-31,x807,Vaihto-omaisuus,mi53,Kirjanpitoarvo,3418.70,ISO4217_EUR,2,MCY=x807,https://avoindata.prh.fi/opendata-xbrl-api/v3/financial?businessId=3095737-2&financialDate=2025-12-31
26,3095737-2,Eliano clean Oy,2025-12-31,2026-05-14,instant,,2024-12-31,x807,Vaihto-omaisuus,mi53,Kirjanpitoarvo,2969.75,ISO4217_EUR,2,MCY=x807;REF=x4,https://avoindata.prh.fi/opendata-xbrl-api/v3/financial?businessId=3095737-2&financialDate=2025-12-31
26,3095737-2,Eliano clean Oy,2025-12-31,2026-05-14,instant,,2025-12-31,x1769,Lyhytaikaiset myyntisaamiset,mi53,Kirjanpitoarvo,12131.00,ISO4217_EUR,2,MCY=x1769,https://avoindata.prh.fi/opendata-xbrl-api/v3/financial?businessId=3095737-2&financialDate=2025-12-31
26,3095737-2,Eliano clean Oy,2025-12-31,2026-05-14,instant,,2024-12-31,x1769,Lyhytaikaiset myyntisaamiset,mi53,Kirjanpitoarvo,12139.31,ISO4217_EUR,2,MCY=x1769;REF=x4,https://avoindata.prh.fi/opendata-xbrl-api/v3/financial?businessId=3095737-2&financialDate=2025-12-31
26,3095737-2,Eliano clean Oy,2025-12-31,2026-05-14,instant,,2025-12-31,x1771,Lyhytaikaiset muut saamiset,mi53,Kirjanpitoarvo,8780.00,ISO4217_EUR,2,MCY=x1771,https://avoindata.prh.fi/opendata-xbrl-api/v3/financial?businessId=3095737-2&financialDate=2025-12-31
26,3095737-2,Eliano clean Oy,2025-12-31,2026-05-14,instant,,2024-12-31,x1771,Lyhytaikaiset muut saamiset,mi53,Kirjanpitoarvo,8780.00,ISO4217_EUR,2,MCY=x1771;REF=x4,https://avoindata.prh.fi/opendata-xbrl-api/v3/financial?businessId=3095737-2&financialDate=2025-12-31
26,3095737-2,Eliano clean Oy,2025-12-31,2026-05-14,instant,,2025-12-31,x1775,Lyhytaikaiset siirtosaamiset,mi53,Kirjanpitoarvo,79.08,ISO4217_EUR,2,MCY=x1775,https://avoindata.prh.fi/opendata-xbrl-api/v3/financial?businessId=3095737-2&financialDate=2025-12-31
26,3095737-2,Eliano clean Oy,2025-12-31,2026-05-14,instant,,2024-12-31,x1775,Lyhytaikaiset siirtosaamiset,mi53,Kirjanpitoarvo,537.06,ISO4217_EUR,2,MCY=x1775;REF=x4,https://avoindata.prh.fi/opendata-xbrl-api/v3/financial?businessId=3095737-2&financialDate=2025-12-31
26,3095737-2,Eliano clean Oy,2025-12-31,2026-05-14,instant,,2025-12-31,x1768,Lyhytaikaiset saamiset,mi53,Kirjanpitoarvo,20990.08,ISO4217_EUR,2,MCY=x1768,https://avoindata.prh.fi/opendata-xbrl-api/v3/financial?businessId=3095737-2&financialDate=2025-12-31
26,3095737-2,Eliano clean Oy,2025-12-31,2026-05-14,instant,,2024-12-31,x1768,Lyhytaikaiset saamiset,mi53,Kirjanpitoarvo,21456.37,ISO4217_EUR,2,MCY=x1768;REF=x4,https://avoindata.prh.fi/opendata-xbrl-api/v3/financial?businessId=3095737-2&financialDate=2025-12-31
26,3095737-2,Eliano clean Oy,2025-12-31,2026-05-14,instant,,2025-12-31,x438,Saamiset,mi53,Kirjanpitoarvo,20990.08,ISO4217_EUR,2,MCY=x438,https://avoindata.prh.fi/opendata-xbrl-api/v3/financial?businessId=3095737-2&financialDate=2025-12-31
26,3095737-2,Eliano clean Oy,2025-12-31,2026-05-14,instant,,2024-12-31,x438,Saamiset,mi53,Kirjanpitoarvo,21456.37,ISO4217_EUR,2,MCY=x438;REF=x4,https://avoindata.prh.fi/opendata-xbrl-api/v3/financial?businessId=3095737-2&financialDate=2025-12-31
26,3095737-2,Eliano clean Oy,2025-12-31,2026-05-14,instant,,2025-12-31,x399,Rahat ja pankkisaamiset,mi53,Kirjanpitoarvo,22484.38,ISO4217_EUR,2,MCY=x399,https://avoindata.prh.fi/opendata-xbrl-api/v3/financial?businessId=3095737-2&financialDate=2025-12-31
26,3095737-2,Eliano clean Oy,2025-12-31,2026-05-14,instant,,2024-12-31,x399,Rahat ja pankkisaamiset,mi53,Kirjanpitoarvo,17718.36,ISO4217_EUR,2,MCY=x399;REF=x4,https://avoindata.prh.fi/opendata-xbrl-api/v3/financial?businessId=3095737-2&financialDate=2025-12-31
26,3095737-2,Eliano clean Oy,2025-12-31,2026-05-14,instant,,2025-12-31,x435,Vaihtuvat vastaavat,mi53,Kirjanpitoarvo,46893.16,ISO4217_EUR,2,MCY=x435,https://avoindata.prh.fi/opendata-xbrl-api/v3/financial?businessId=3095737-2&financialDate=2025-12-31
26,3095737-2,Eliano clean Oy,2025-12-31,2026-05-14,instant,,2024-12-31,x435,Vaihtuvat vastaavat,mi53,Kirjanpitoarvo,42144.48,ISO4217_EUR,2,MCY=x435;REF=x4,https://avoindata.prh.fi/opendata-xbrl-api/v3/financial?businessId=3095737-2&financialDate=2025-12-31
26,3095737-2,Eliano clean Oy,2025-12-31,2026-05-14,instant,,2025-12-31,x360,Vastaavaa,mi53,Kirjanpitoarvo,89225.32,ISO4217_EUR,2,MCY=x360,https://avoindata.prh.fi/opendata-xbrl-api/v3/financial?businessId=3095737-2&financialDate=2025-12-31
26,3095737-2,Eliano clean Oy,2025-12-31,2026-05-14,instant,,2024-12-31,x360,Vastaavaa,mi53,Kirjanpitoarvo,95103.36,ISO4217_EUR,2,MCY=x360;REF=x4,https://avoindata.prh.fi/opendata-xbrl-api/v3/financial?businessId=3095737-2&financialDate=2025-12-31
26,3095737-2,Eliano clean Oy,2025-12-31,2026-05-14,instant,,2025-12-31,x932,Edellisten tilikausien voitto (tappio),mi53,Kirjanpitoarvo,7495.97,ISO4217_EUR,2,MCY=x932,https://avoindata.prh.fi/opendata-xbrl-api/v3/financial?businessId=3095737-2&financialDate=2025-12-31
26,3095737-2,Eliano clean Oy,2025-12-31,2026-05-14,instant,,2024-12-31,x932,Edellisten tilikausien voitto (tappio),mi53,Kirjanpitoarvo,-8880.99,ISO4217_EUR,2,MCY=x932;REF=x4,https://avoindata.prh.fi/opendata-xbrl-api/v3/financial?businessId=3095737-2&financialDate=2025-12-31
26,3095737-2,Eliano clean Oy,2025-12-31,2026-05-14,instant,,2025-12-31,x2895,"Tilikauden voitto (tappio), oma pääoma",mi53,Kirjanpitoarvo,25464.08,ISO4217_EUR,2,MCY=x2895,https://avoindata.prh.fi/opendata-xbrl-api/v3/financial?businessId=3095737-2&financialDate=2025-12-31
26,3095737-2,Eliano clean Oy,2025-12-31,2026-05-14,instant,,2024-12-31,x2895,"Tilikauden voitto (tappio), oma pääoma",mi53,Kirjanpitoarvo,17026.96,ISO4217_EUR,2,MCY=x2895;REF=x4,https://avoindata.prh.fi/opendata-xbrl-api/v3/financial?businessId=3095737-2&financialDate=2025-12-31
26,3095737-2,Eliano clean Oy,2025-12-31,2026-05-14,instant,,2025-12-31,x376,Oma pääoma,mi53,Kirjanpitoarvo,32960.05,ISO4217_EUR,2,MCY=x376,https://avoindata.prh.fi/opendata-xbrl-api/v3/financial?businessId=3095737-2&financialDate=2025-12-31
26,3095737-2,Eliano clean Oy,2025-12-31,2026-05-14,instant,,2024-12-31,x376,Oma pääoma,mi53,Kirjanpitoarvo,8145.97,ISO4217_EUR,2,MCY=x376;REF=x4,https://avoindata.prh.fi/opendata-xbrl-api/v3/financial?businessId=3095737-2&financialDate=2025-12-31
26,3095737-2,Eliano clean Oy,2025-12-31,2026-05-14,instant,,2025-12-31,x2934,Pitkäaikaiset lainat rahoituslaitoksilta,mi53,Kirjanpitoarvo,11871.80,ISO4217_EUR,2,MCY=x2934,https://avoindata.prh.fi/opendata-xbrl-api/v3/financial?businessId=3095737-2&financialDate=2025-12-31
26,3095737-2,Eliano clean Oy,2025-12-31,2026-05-14,instant,,2024-12-31,x2934,Pitkäaikaiset lainat rahoituslaitoksilta,mi53,Kirjanpitoarvo,40263.46,ISO4217_EUR,2,MCY=x2934;REF=x4,https://avoindata.prh.fi/opendata-xbrl-api/v3/financial?businessId=3095737-2&financialDate=2025-12-31
26,3095737-2,Eliano clean Oy,2025-12-31,2026-05-14,instant,,2025-12-31,x1830,Pitkäaikainen vieras pääoma,mi53,Kirjanpitoarvo,11871.80,ISO4217_EUR,2,MCY=x1830,https://avoindata.prh.fi/opendata-xbrl-api/v3/financial?businessId=3095737-2&financialDate=2025-12-31
26,3095737-2,Eliano clean Oy,2025-12-31,2026-05-14,instant,,2024-12-31,x1830,Pitkäaikainen vieras pääoma,mi53,Kirjanpitoarvo,40263.46,ISO4217_EUR,2,MCY=x1830;REF=x4,https://avoindata.prh.fi/opendata-xbrl-api/v3/financial?businessId=3095737-2&financialDate=2025-12-31
26,3095737-2,Eliano clean Oy,2025-12-31,2026-05-14,instant,,2025-12-31,x3023,Lyhytaikaiset lainat rahoituslaitoksilta,mi53,Kirjanpitoarvo,23481.36,ISO4217_EUR,2,MCY=x3023,https://avoindata.prh.fi/opendata-xbrl-api/v3/financial?businessId=3095737-2&financialDate=2025-12-31
26,3095737-2,Eliano clean Oy,2025-12-31,2026-05-14,instant,,2024-12-31,x3023,Lyhytaikaiset lainat rahoituslaitoksilta,mi53,Kirjanpitoarvo,28110.79,ISO4217_EUR,2,MCY=x3023;REF=x4,https://avoindata.prh.fi/opendata-xbrl-api/v3/financial?businessId=3095737-2&financialDate=2025-12-31
26,3095737-2,Eliano clean Oy,2025-12-31,2026-05-14,instant,,2025-12-31,x1819,Lyhytaikaiset ostovelat,mi53,Kirjanpitoarvo,100.00,ISO4217_EUR,2,MCY=x1819,https://avoindata.prh.fi/opendata-xbrl-api/v3/financial?businessId=3095737-2&financialDate=2025-12-31
26,3095737-2,Eliano clean Oy,2025-12-31,2026-05-14,instant,,2024-12-31,x1819,Lyhytaikaiset ostovelat,mi53,Kirjanpitoarvo,2047.29,ISO4217_EUR,2,MCY=x1819;REF=x4,https://avoindata.prh.fi/opendata-xbrl-api/v3/financial?businessId=3095737-2&financialDate=2025-12-31
26,3095737-2,Eliano clean Oy,2025-12-31,2026-05-14,instant,,2025-12-31,x1825,Lyhytaikaiset muut velat,mi53,Kirjanpitoarvo,8586.48,ISO4217_EUR,2,MCY=x1825,https://avoindata.prh.fi/opendata-xbrl-api/v3/financial?businessId=3095737-2&financialDate=2025-12-31
26,3095737-2,Eliano clean Oy,2025-12-31,2026-05-14,instant,,2024-12-31,x1825,Lyhytaikaiset muut velat,mi53,Kirjanpitoarvo,7979.51,ISO4217_EUR,2,MCY=x1825;REF=x4,https://avoindata.prh.fi/opendata-xbrl-api/v3/financial?businessId=3095737-2&financialDate=2025-12-31
26,3095737-2,Eliano clean Oy,2025-12-31,2026-05-14,instant,,2025-12-31,x1826,Lyhytaikaiset siirtovelat,mi53,Kirjanpitoarvo,12225.63,ISO4217_EUR,2,MCY=x1826,https://avoindata.prh.fi/opendata-xbrl-api/v3/financial?businessId=3095737-2&financialDate=2025-12-31
26,3095737-2,Eliano clean Oy,2025-12-31,2026-05-14,instant,,2024-12-31,x1826,Lyhytaikaiset siirtovelat,mi53,Kirjanpitoarvo,8556.34,ISO4217_EUR,2,MCY=x1826;REF=x4,https://avoindata.prh.fi/opendata-xbrl-api/v3/financial?businessId=3095737-2&financialDate=2025-12-31
26,3095737-2,Eliano clean Oy,2025-12-31,2026-05-14,instant,,2025-12-31,x1811,Lyhytaikainen vieras pääoma,mi53,Kirjanpitoarvo,44393.47,ISO4217_EUR,2,MCY=x1811,https://avoindata.prh.fi/opendata-xbrl-api/v3/financial?businessId=3095737-2&financialDate=2025-12-31
26,3095737-2,Eliano clean Oy,2025-12-31,2026-05-14,instant,,2024-12-31,x1811,Lyhytaikainen vieras pääoma,mi53,Kirjanpitoarvo,46693.93,ISO4217_EUR,2,MCY=x1811;REF=x4,https://avoindata.prh.fi/opendata-xbrl-api/v3/financial?businessId=3095737-2&financialDate=2025-12-31
26,3095737-2,Eliano clean Oy,2025-12-31,2026-05-14,instant,,2025-12-31,x424,Vieras pääoma,mi53,Kirjanpitoarvo,56265.27,ISO4217_EUR,2,MCY=x424,https://avoindata.prh.fi/opendata-xbrl-api/v3/financial?businessId=3095737-2&financialDate=2025-12-31
26,3095737-2,Eliano clean Oy,2025-12-31,2026-05-14,instant,,2024-12-31,x424,Vieras pääoma,mi53,Kirjanpitoarvo,86957.39,ISO4217_EUR,2,MCY=x424;REF=x4,https://avoindata.prh.fi/opendata-xbrl-api/v3/financial?businessId=3095737-2&financialDate=2025-12-31
26,3095737-2,Eliano clean Oy,2025-12-31,2026-05-14,instant,,2025-12-31,x481,Vastattavaa,mi53,Kirjanpitoarvo,89225.32,ISO4217_EUR,2,MCY=x481,https://avoindata.prh.fi/opendata-xbrl-api/v3/financial?businessId=3095737-2&financialDate=2025-12-31
26,3095737-2,Eliano clean Oy,2025-12-31,2026-05-14,instant,,2024-12-31,x481,Vastattavaa,mi53,Kirjanpitoarvo,95103.36,ISO4217_EUR,2,MCY=x481;REF=x4,https://avoindata.prh.fi/opendata-xbrl-api/v3/financial?businessId=3095737-2&financialDate=2025-12-31
26,3095737-2,Eliano clean Oy,2025-12-31,2026-05-14,instant,,2025-12-31,x673,Liikevaihto,md103,Tilikauden rahallinen kertymä,293872.08,ISO4217_EUR,2,MCY=x673,https://avoindata.prh.fi/opendata-xbrl-api/v3/financial?businessId=3095737-2&financialDate=2025-12-31
26,3095737-2,Eliano clean Oy,2025-12-31,2026-05-14,instant,,2024-12-31,x673,Liikevaihto,md103,Tilikauden rahallinen kertymä,176104.74,ISO4217_EUR,2,MCY=x673;REF=x53,https://avoindata.prh.fi/opendata-xbrl-api/v3/financial?businessId=3095737-2&financialDate=2025-12-31
26,3095737-2,Eliano clean Oy,2025-12-31,2026-05-14,instant,,2025-12-31,x755,Ostot tilikauden aikana,md103,Tilikauden rahallinen kertymä,9635.76,ISO4217_EUR,2,MCY=x755,https://avoindata.prh.fi/opendata-xbrl-api/v3/financial?businessId=3095737-2&financialDate=2025-12-31
26,3095737-2,Eliano clean Oy,2025-12-31,2026-05-14,instant,,2024-12-31,x755,Ostot tilikauden aikana,md103,Tilikauden rahallinen kertymä,8967.28,ISO4217_EUR,2,MCY=x755;REF=x53,https://avoindata.prh.fi/opendata-xbrl-api/v3/financial?businessId=3095737-2&financialDate=2025-12-31
26,3095737-2,Eliano clean Oy,2025-12-31,2026-05-14,instant,,2025-12-31,x544,Varastojen lisäys (+) tai vähennys (-),md103,Tilikauden rahallinen kertymä,-448.95,ISO4217_EUR,2,MCY=x544,https://avoindata.prh.fi/opendata-xbrl-api/v3/financial?businessId=3095737-2&financialDate=2025-12-31
26,3095737-2,Eliano clean Oy,2025-12-31,2026-05-14,instant,,2024-12-31,x544,Varastojen lisäys (+) tai vähennys (-),md103,Tilikauden rahallinen kertymä,67.64,ISO4217_EUR,2,MCY=x544;REF=x53,https://avoindata.prh.fi/opendata-xbrl-api/v3/financial?businessId=3095737-2&financialDate=2025-12-31
26,3095737-2,Eliano clean Oy,2025-12-31,2026-05-14,instant,,2025-12-31,x10,Palvelujen ostot,md103,Tilikauden rahallinen kertymä,2549.81,ISO4217_EUR,2,MCY=x10,https://avoindata.prh.fi/opendata-xbrl-api/v3/financial?businessId=3095737-2&financialDate=2025-12-31
26,3095737-2,Eliano clean Oy,2025-12-31,2026-05-14,instant,,2024-12-31,x10,Palvelujen ostot,md103,Tilikauden rahallinen kertymä,403.23,ISO4217_EUR,2,MCY=x10;REF=x53,https://avoindata.prh.fi/opendata-xbrl-api/v3/financial?businessId=3095737-2&financialDate=2025-12-31
26,3095737-2,Eliano clean Oy,2025-12-31,2026-05-14,instant,,2025-12-31,x758,Materiaalit ja palvelut,md103,Tilikauden rahallinen kertymä,11736.62,ISO4217_EUR,2,MCY=x758,https://avoindata.prh.fi/opendata-xbrl-api/v3/financial?businessId=3095737-2&financialDate=2025-12-31
26,3095737-2,Eliano clean Oy,2025-12-31,2026-05-14,instant,,2024-12-31,x758,Materiaalit ja palvelut,md103,Tilikauden rahallinen kertymä,9438.15,ISO4217_EUR,2,MCY=x758;REF=x53,https://avoindata.prh.fi/opendata-xbrl-api/v3/financial?businessId=3095737-2&financialDate=2025-12-31
26,3095737-2,Eliano clean Oy,2025-12-31,2026-05-14,instant,,2025-12-31,x6,Palkat ja palkkiot,md103,Tilikauden rahallinen kertymä,151120.32,ISO4217_EUR,2,MCY=x6,https://avoindata.prh.fi/opendata-xbrl-api/v3/financial?businessId=3095737-2&financialDate=2025-12-31
26,3095737-2,Eliano clean Oy,2025-12-31,2026-05-14,instant,,2024-12-31,x6,Palkat ja palkkiot,md103,Tilikauden rahallinen kertymä,67155.95,ISO4217_EUR,2,MCY=x6;REF=x53,https://avoindata.prh.fi/opendata-xbrl-api/v3/financial?businessId=3095737-2&financialDate=2025-12-31
26,3095737-2,Eliano clean Oy,2025-12-31,2026-05-14,instant,,2025-12-31,x8,Eläkekulut,md103,Tilikauden rahallinen kertymä,23787.32,ISO4217_EUR,2,MCY=x8,https://avoindata.prh.fi/opendata-xbrl-api/v3/financial?businessId=3095737-2&financialDate=2025-12-31
26,3095737-2,Eliano clean Oy,2025-12-31,2026-05-14,instant,,2024-12-31,x8,Eläkekulut,md103,Tilikauden rahallinen kertymä,8570.53,ISO4217_EUR,2,MCY=x8;REF=x53,https://avoindata.prh.fi/opendata-xbrl-api/v3/financial?businessId=3095737-2&financialDate=2025-12-31
26,3095737-2,Eliano clean Oy,2025-12-31,2026-05-14,instant,,2025-12-31,x9,Muut henkilösivukulut,md103,Tilikauden rahallinen kertymä,6624.95,ISO4217_EUR,2,MCY=x9,https://avoindata.prh.fi/opendata-xbrl-api/v3/financial?businessId=3095737-2&financialDate=2025-12-31
26,3095737-2,Eliano clean Oy,2025-12-31,2026-05-14,instant,,2024-12-31,x9,Muut henkilösivukulut,md103,Tilikauden rahallinen kertymä,3153.27,ISO4217_EUR,2,MCY=x9;REF=x53,https://avoindata.prh.fi/opendata-xbrl-api/v3/financial?businessId=3095737-2&financialDate=2025-12-31
26,3095737-2,Eliano clean Oy,2025-12-31,2026-05-14,instant,,2025-12-31,x5,Henkilöstökulut,md103,Tilikauden rahallinen kertymä,181532.59,ISO4217_EUR,2,MCY=x5,https://avoindata.prh.fi/opendata-xbrl-api/v3/financial?businessId=3095737-2&financialDate=2025-12-31
26,3095737-2,Eliano clean Oy,2025-12-31,2026-05-14,instant,,2024-12-31,x5,Henkilöstökulut,md103,Tilikauden rahallinen kertymä,78879.75,ISO4217_EUR,2,MCY=x5;REF=x53,https://avoindata.prh.fi/opendata-xbrl-api/v3/financial?businessId=3095737-2&financialDate=2025-12-31
26,3095737-2,Eliano clean Oy,2025-12-31,2026-05-14,instant,,2025-12-31,x449,Suunnitelman mukaiset poistot,md103,Tilikauden rahallinen kertymä,10626.72,ISO4217_EUR,2,MCY=x449,https://avoindata.prh.fi/opendata-xbrl-api/v3/financial?businessId=3095737-2&financialDate=2025-12-31
26,3095737-2,Eliano clean Oy,2025-12-31,2026-05-14,instant,,2024-12-31,x449,Suunnitelman mukaiset poistot,md103,Tilikauden rahallinen kertymä,12432.96,ISO4217_EUR,2,MCY=x449;REF=x53,https://avoindata.prh.fi/opendata-xbrl-api/v3/financial?businessId=3095737-2&financialDate=2025-12-31
26,3095737-2,Eliano clean Oy,2025-12-31,2026-05-14,instant,,2025-12-31,x448,Poistot ja arvonalentumiset,md103,Tilikauden rahallinen kertymä,10626.72,ISO4217_EUR,2,MCY=x448,https://avoindata.prh.fi/opendata-xbrl-api/v3/financial?businessId=3095737-2&financialDate=2025-12-31
26,3095737-2,Eliano clean Oy,2025-12-31,2026-05-14,instant,,2024-12-31,x448,Poistot ja arvonalentumiset,md103,Tilikauden rahallinen kertymä,12432.96,ISO4217_EUR,2,MCY=x448;REF=x53,https://avoindata.prh.fi/opendata-xbrl-api/v3/financial?businessId=3095737-2&financialDate=2025-12-31
26,3095737-2,Eliano clean Oy,2025-12-31,2026-05-14,instant,,2025-12-31,x1869,Liiketoiminnan muut kulut,md103,Tilikauden rahallinen kertymä,59226.45,ISO4217_EUR,2,MCY=x1869,https://avoindata.prh.fi/opendata-xbrl-api/v3/financial?businessId=3095737-2&financialDate=2025-12-31
26,3095737-2,Eliano clean Oy,2025-12-31,2026-05-14,instant,,2024-12-31,x1869,Liiketoiminnan muut kulut,md103,Tilikauden rahallinen kertymä,52291.09,ISO4217_EUR,2,MCY=x1869;REF=x53,https://avoindata.prh.fi/opendata-xbrl-api/v3/financial?businessId=3095737-2&financialDate=2025-12-31
26,3095737-2,Eliano clean Oy,2025-12-31,2026-05-14,instant,,2025-12-31,x689,Liikevoitto (-tappio),md103,Tilikauden rahallinen kertymä,30749.70,ISO4217_EUR,2,MCY=x689,https://avoindata.prh.fi/opendata-xbrl-api/v3/financial?businessId=3095737-2&financialDate=2025-12-31
26,3095737-2,Eliano clean Oy,2025-12-31,2026-05-14,instant,,2024-12-31,x689,Liikevoitto (-tappio),md103,Tilikauden rahallinen kertymä,23062.79,ISO4217_EUR,2,MCY=x689;REF=x53,https://avoindata.prh.fi/opendata-xbrl-api/v3/financial?businessId=3095737-2&financialDate=2025-12-31
26,3095737-2,Eliano clean Oy,2025-12-31,2026-05-14,instant,,2025-12-31,x4046,Korkokulut- ja muut rahoituskulut muille kuin saman konsernin yrityksille,md103,Tilikauden rahallinen kertymä,3374.20,ISO4217_EUR,2,MCY=x4046,https://avoindata.prh.fi/opendata-xbrl-api/v3/financial?businessId=3095737-2&financialDate=2025-12-31
26,3095737-2,Eliano clean Oy,2025-12-31,2026-05-14,instant,,2024-12-31,x4046,Korkokulut- ja muut rahoituskulut muille kuin saman konsernin yrityksille,md103,Tilikauden rahallinen kertymä,6035.83,ISO4217_EUR,2,MCY=x4046;REF=x53,https://avoindata.prh.fi/opendata-xbrl-api/v3/financial?businessId=3095737-2&financialDate=2025-12-31
26,3095737-2,Eliano clean Oy,2025-12-31,2026-05-14,instant,,2025-12-31,x12,Rahoitustuotot ja -kulut + (-),md103,Tilikauden rahallinen kertymä,3374.20,ISO4217_EUR,2,MCY=x12,https://avoindata.prh.fi/opendata-xbrl-api/v3/financial?businessId=3095737-2&financialDate=2025-12-31
26,3095737-2,Eliano clean Oy,2025-12-31,2026-05-14,instant,,2024-12-31,x12,Rahoitustuotot ja -kulut + (-),md103,Tilikauden rahallinen kertymä,6035.83,ISO4217_EUR,2,MCY=x12;REF=x53,https://avoindata.prh.fi/opendata-xbrl-api/v3/financial?businessId=3095737-2&financialDate=2025-12-31
26,3095737-2,Eliano clean Oy,2025-12-31,2026-05-14,instant,,2025-12-31,x738,Voitto (tappio) ennen tilinpäätössiirtoja ja veroja,md103,Tilikauden rahallinen kertymä,27375.50,ISO4217_EUR,2,MCY=x738,https://avoindata.prh.fi/opendata-xbrl-api/v3/financial?businessId=3095737-2&financialDate=2025-12-31
26,3095737-2,Eliano clean Oy,2025-12-31,2026-05-14,instant,,2024-12-31,x738,Voitto (tappio) ennen tilinpäätössiirtoja ja veroja,md103,Tilikauden rahallinen kertymä,17026.96,ISO4217_EUR,2,MCY=x738;REF=x53,https://avoindata.prh.fi/opendata-xbrl-api/v3/financial?businessId=3095737-2&financialDate=2025-12-31
26,3095737-2,Eliano clean Oy,2025-12-31,2026-05-14,instant,,2025-12-31,x541,Tuloverot,md103,Tilikauden rahallinen kertymä,1911.42,ISO4217_EUR,2,MCY=x541,https://avoindata.prh.fi/opendata-xbrl-api/v3/financial?businessId=3095737-2&financialDate=2025-12-31
26,3095737-2,Eliano clean Oy,2025-12-31,2026-05-14,instant,,2024-12-31,x541,Tuloverot,md103,Tilikauden rahallinen kertymä,0.00,ISO4217_EUR,2,MCY=x541;REF=x53,https://avoindata.prh.fi/opendata-xbrl-api/v3/financial?businessId=3095737-2&financialDate=2025-12-31
26,3095737-2,Eliano clean Oy,2025-12-31,2026-05-14,instant,,2025-12-31,x740,Tilikauden voitto (tappio),md103,Tilikauden rahallinen kertymä,25464.08,ISO4217_EUR,2,MCY=x740,https://avoindata.prh.fi/opendata-xbrl-api/v3/financial?businessId=3095737-2&financialDate=2025-12-31
26,3095737-2,Eliano clean Oy,2025-12-31,2026-05-14,instant,,2024-12-31,x740,Tilikauden voitto (tappio),md103,Tilikauden rahallinen kertymä,17026.96,ISO4217_EUR,2,MCY=x740;REF=x53,https://avoindata.prh.fi/opendata-xbrl-api/v3/financial?businessId=3095737-2&financialDate=2025-12-31
27,3096230-7,RMO - Rakennus Oy,2024-12-31,2025-05-14,instant,,2024-12-31,x1036,Koneet ja kalusto,mi53,Kirjanpitoarvo,14364.59,ISO4217_EUR,2,MCY=x1036,https://avoindata.prh.fi/opendata-xbrl-api/v3/financial?businessId=3096230-7&financialDate=2024-12-31
27,3096230-7,RMO - Rakennus Oy,2024-12-31,2025-05-14,instant,,2023-12-31,x1036,Koneet ja kalusto,mi53,Kirjanpitoarvo,20797.78,ISO4217_EUR,2,MCY=x1036;REF=x4,https://avoindata.prh.fi/opendata-xbrl-api/v3/financial?businessId=3096230-7&financialDate=2024-12-31
27,3096230-7,RMO - Rakennus Oy,2024-12-31,2025-05-14,instant,,2024-12-31,x816,Aineelliset hyödykkeet,mi53,Kirjanpitoarvo,14364.59,ISO4217_EUR,2,MCY=x816,https://avoindata.prh.fi/opendata-xbrl-api/v3/financial?businessId=3096230-7&financialDate=2024-12-31
27,3096230-7,RMO - Rakennus Oy,2024-12-31,2025-05-14,instant,,2023-12-31,x816,Aineelliset hyödykkeet,mi53,Kirjanpitoarvo,20797.78,ISO4217_EUR,2,MCY=x816;REF=x4,https://avoindata.prh.fi/opendata-xbrl-api/v3/financial?businessId=3096230-7&financialDate=2024-12-31
27,3096230-7,RMO - Rakennus Oy,2024-12-31,2025-05-14,instant,,2024-12-31,x513,Pysyvät vastaavat,mi53,Kirjanpitoarvo,14364.59,ISO4217_EUR,2,MCY=x513,https://avoindata.prh.fi/opendata-xbrl-api/v3/financial?businessId=3096230-7&financialDate=2024-12-31
27,3096230-7,RMO - Rakennus Oy,2024-12-31,2025-05-14,instant,,2023-12-31,x513,Pysyvät vastaavat,mi53,Kirjanpitoarvo,20797.78,ISO4217_EUR,2,MCY=x513;REF=x4,https://avoindata.prh.fi/opendata-xbrl-api/v3/financial?businessId=3096230-7&financialDate=2024-12-31
27,3096230-7,RMO - Rakennus Oy,2024-12-31,2025-05-14,instant,,2024-12-31,x1764,Pitkäaikaiset muut saamiset,mi53,Kirjanpitoarvo,0.00,ISO4217_EUR,2,MCY=x1764,https://avoindata.prh.fi/opendata-xbrl-api/v3/financial?businessId=3096230-7&financialDate=2024-12-31
27,3096230-7,RMO - Rakennus Oy,2024-12-31,2025-05-14,instant,,2023-12-31,x1764,Pitkäaikaiset muut saamiset,mi53,Kirjanpitoarvo,1280.00,ISO4217_EUR,2,MCY=x1764;REF=x4,https://avoindata.prh.fi/opendata-xbrl-api/v3/financial?businessId=3096230-7&financialDate=2024-12-31
27,3096230-7,RMO - Rakennus Oy,2024-12-31,2025-05-14,instant,,2024-12-31,x1761,Pitkäaikaiset saamiset,mi53,Kirjanpitoarvo,0.00,ISO4217_EUR,2,MCY=x1761,https://avoindata.prh.fi/opendata-xbrl-api/v3/financial?businessId=3096230-7&financialDate=2024-12-31
27,3096230-7,RMO - Rakennus Oy,2024-12-31,2025-05-14,instant,,2023-12-31,x1761,Pitkäaikaiset saamiset,mi53,Kirjanpitoarvo,1280.00,ISO4217_EUR,2,MCY=x1761;REF=x4,https://avoindata.prh.fi/opendata-xbrl-api/v3/financial?businessId=3096230-7&financialDate=2024-12-31
27,3096230-7,RMO - Rakennus Oy,2024-12-31,2025-05-14,instant,,2024-12-31,x1769,Lyhytaikaiset myyntisaamiset,mi53,Kirjanpitoarvo,3457.25,ISO4217_EUR,2,MCY=x1769,https://avoindata.prh.fi/opendata-xbrl-api/v3/financial?businessId=3096230-7&financialDate=2024-12-31
27,3096230-7,RMO - Rakennus Oy,2024-12-31,2025-05-14,instant,,2023-12-31,x1769,Lyhytaikaiset myyntisaamiset,mi53,Kirjanpitoarvo,5588.80,ISO4217_EUR,2,MCY=x1769;REF=x4,https://avoindata.prh.fi/opendata-xbrl-api/v3/financial?businessId=3096230-7&financialDate=2024-12-31
27,3096230-7,RMO - Rakennus Oy,2024-12-31,2025-05-14,instant,,2024-12-31,x1770,Lyhytaikaiset lainasaamiset,mi53,Kirjanpitoarvo,0.00,ISO4217_EUR,2,MCY=x1770,https://avoindata.prh.fi/opendata-xbrl-api/v3/financial?businessId=3096230-7&financialDate=2024-12-31
27,3096230-7,RMO - Rakennus Oy,2024-12-31,2025-05-14,instant,,2023-12-31,x1770,Lyhytaikaiset lainasaamiset,mi53,Kirjanpitoarvo,5147.03,ISO4217_EUR,2,MCY=x1770;REF=x4,https://avoindata.prh.fi/opendata-xbrl-api/v3/financial?businessId=3096230-7&financialDate=2024-12-31
27,3096230-7,RMO - Rakennus Oy,2024-12-31,2025-05-14,instant,,2024-12-31,x1771,Lyhytaikaiset muut saamiset,mi53,Kirjanpitoarvo,0.00,ISO4217_EUR,2,MCY=x1771,https://avoindata.prh.fi/opendata-xbrl-api/v3/financial?businessId=3096230-7&financialDate=2024-12-31
27,3096230-7,RMO - Rakennus Oy,2024-12-31,2025-05-14,instant,,2023-12-31,x1771,Lyhytaikaiset muut saamiset,mi53,Kirjanpitoarvo,2488.36,ISO4217_EUR,2,MCY=x1771;REF=x4,https://avoindata.prh.fi/opendata-xbrl-api/v3/financial?businessId=3096230-7&financialDate=2024-12-31
27,3096230-7,RMO - Rakennus Oy,2024-12-31,2025-05-14,instant,,2024-12-31,x1775,Lyhytaikaiset siirtosaamiset,mi53,Kirjanpitoarvo,2338.18,ISO4217_EUR,2,MCY=x1775,https://avoindata.prh.fi/opendata-xbrl-api/v3/financial?businessId=3096230-7&financialDate=2024-12-31
27,3096230-7,RMO - Rakennus Oy,2024-12-31,2025-05-14,instant,,2023-12-31,x1775,Lyhytaikaiset siirtosaamiset,mi53,Kirjanpitoarvo,1617.73,ISO4217_EUR,2,MCY=x1775;REF=x4,https://avoindata.prh.fi/opendata-xbrl-api/v3/financial?businessId=3096230-7&financialDate=2024-12-31
27,3096230-7,RMO - Rakennus Oy,2024-12-31,2025-05-14,instant,,2024-12-31,x1768,Lyhytaikaiset saamiset,mi53,Kirjanpitoarvo,5795.43,ISO4217_EUR,2,MCY=x1768,https://avoindata.prh.fi/opendata-xbrl-api/v3/financial?businessId=3096230-7&financialDate=2024-12-31
27,3096230-7,RMO - Rakennus Oy,2024-12-31,2025-05-14,instant,,2023-12-31,x1768,Lyhytaikaiset saamiset,mi53,Kirjanpitoarvo,14841.92,ISO4217_EUR,2,MCY=x1768;REF=x4,https://avoindata.prh.fi/opendata-xbrl-api/v3/financial?businessId=3096230-7&financialDate=2024-12-31
27,3096230-7,RMO - Rakennus Oy,2024-12-31,2025-05-14,instant,,2024-12-31,x438,Saamiset,mi53,Kirjanpitoarvo,5795.43,ISO4217_EUR,2,MCY=x438,https://avoindata.prh.fi/opendata-xbrl-api/v3/financial?businessId=3096230-7&financialDate=2024-12-31
27,3096230-7,RMO - Rakennus Oy,2024-12-31,2025-05-14,instant,,2023-12-31,x438,Saamiset,mi53,Kirjanpitoarvo,16121.92,ISO4217_EUR,2,MCY=x438;REF=x4,https://avoindata.prh.fi/opendata-xbrl-api/v3/financial?businessId=3096230-7&financialDate=2024-12-31
27,3096230-7,RMO - Rakennus Oy,2024-12-31,2025-05-14,instant,,2024-12-31,x399,Rahat ja pankkisaamiset,mi53,Kirjanpitoarvo,633.23,ISO4217_EUR,2,MCY=x399,https://avoindata.prh.fi/opendata-xbrl-api/v3/financial?businessId=3096230-7&financialDate=2024-12-31
27,3096230-7,RMO - Rakennus Oy,2024-12-31,2025-05-14,instant,,2023-12-31,x399,Rahat ja pankkisaamiset,mi53,Kirjanpitoarvo,5812.30,ISO4217_EUR,2,MCY=x399;REF=x4,https://avoindata.prh.fi/opendata-xbrl-api/v3/financial?businessId=3096230-7&financialDate=2024-12-31
27,3096230-7,RMO - Rakennus Oy,2024-12-31,2025-05-14,instant,,2024-12-31,x435,Vaihtuvat vastaavat,mi53,Kirjanpitoarvo,6428.66,ISO4217_EUR,2,MCY=x435,https://avoindata.prh.fi/opendata-xbrl-api/v3/financial?businessId=3096230-7&financialDate=2024-12-31
27,3096230-7,RMO - Rakennus Oy,2024-12-31,2025-05-14,instant,,2023-12-31,x435,Vaihtuvat vastaavat,mi53,Kirjanpitoarvo,21934.22,ISO4217_EUR,2,MCY=x435;REF=x4,https://avoindata.prh.fi/opendata-xbrl-api/v3/financial?businessId=3096230-7&financialDate=2024-12-31
27,3096230-7,RMO - Rakennus Oy,2024-12-31,2025-05-14,instant,,2024-12-31,x360,Vastaavaa,mi53,Kirjanpitoarvo,20793.25,ISO4217_EUR,2,MCY=x360,https://avoindata.prh.fi/opendata-xbrl-api/v3/financial?businessId=3096230-7&financialDate=2024-12-31
27,3096230-7,RMO - Rakennus Oy,2024-12-31,2025-05-14,instant,,2023-12-31,x360,Vastaavaa,mi53,Kirjanpitoarvo,42732.00,ISO4217_EUR,2,MCY=x360;REF=x4,https://avoindata.prh.fi/opendata-xbrl-api/v3/financial?businessId=3096230-7&financialDate=2024-12-31
27,3096230-7,RMO - Rakennus Oy,2024-12-31,2025-05-14,instant,,2024-12-31,x4116,"Osake-, osuus- tai muu vastaava pääoma",mi53,Kirjanpitoarvo,2500.00,ISO4217_EUR,2,MCY=x4116,https://avoindata.prh.fi/opendata-xbrl-api/v3/financial?businessId=3096230-7&financialDate=2024-12-31
27,3096230-7,RMO - Rakennus Oy,2024-12-31,2025-05-14,instant,,2023-12-31,x4116,"Osake-, osuus- tai muu vastaava pääoma",mi53,Kirjanpitoarvo,2500.00,ISO4217_EUR,2,MCY=x4116;REF=x4,https://avoindata.prh.fi/opendata-xbrl-api/v3/financial?businessId=3096230-7&financialDate=2024-12-31
27,3096230-7,RMO - Rakennus Oy,2024-12-31,2025-05-14,instant,,2024-12-31,x932,Edellisten tilikausien voitto (tappio),mi53,Kirjanpitoarvo,-18008.24,ISO4217_EUR,2,MCY=x932,https://avoindata.prh.fi/opendata-xbrl-api/v3/financial?businessId=3096230-7&financialDate=2024-12-31
27,3096230-7,RMO - Rakennus Oy,2024-12-31,2025-05-14,instant,,2023-12-31,x932,Edellisten tilikausien voitto (tappio),mi53,Kirjanpitoarvo,8672.45,ISO4217_EUR,2,MCY=x932;REF=x4,https://avoindata.prh.fi/opendata-xbrl-api/v3/financial?businessId=3096230-7&financialDate=2024-12-31
27,3096230-7,RMO - Rakennus Oy,2024-12-31,2025-05-14,instant,,2024-12-31,x2895,"Tilikauden voitto (tappio), oma pääoma",mi53,Kirjanpitoarvo,-8173.50,ISO4217_EUR,2,MCY=x2895,https://avoindata.prh.fi/opendata-xbrl-api/v3/financial?businessId=3096230-7&financialDate=2024-12-31
27,3096230-7,RMO - Rakennus Oy,2024-12-31,2025-05-14,instant,,2023-12-31,x2895,"Tilikauden voitto (tappio), oma pääoma",mi53,Kirjanpitoarvo,-26680.69,ISO4217_EUR,2,MCY=x2895;REF=x4,https://avoindata.prh.fi/opendata-xbrl-api/v3/financial?businessId=3096230-7&financialDate=2024-12-31
27,3096230-7,RMO - Rakennus Oy,2024-12-31,2025-05-14,instant,,2024-12-31,x376,Oma pääoma,mi53,Kirjanpitoarvo,-23681.74,ISO4217_EUR,2,MCY=x376,https://avoindata.prh.fi/opendata-xbrl-api/v3/financial?businessId=3096230-7&financialDate=2024-12-31
27,3096230-7,RMO - Rakennus Oy,2024-12-31,2025-05-14,instant,,2023-12-31,x376,Oma pääoma,mi53,Kirjanpitoarvo,-15508.24,ISO4217_EUR,2,MCY=x376;REF=x4,https://avoindata.prh.fi/opendata-xbrl-api/v3/financial?businessId=3096230-7&financialDate=2024-12-31
27,3096230-7,RMO - Rakennus Oy,2024-12-31,2025-05-14,instant,,2024-12-31,x2934,Pitkäaikaiset lainat rahoituslaitoksilta,mi53,Kirjanpitoarvo,20436.26,ISO4217_EUR,2,MCY=x2934,https://avoindata.prh.fi/opendata-xbrl-api/v3/financial?businessId=3096230-7&financialDate=2024-12-31
27,3096230-7,RMO - Rakennus Oy,2024-12-31,2025-05-14,instant,,2023-12-31,x2934,Pitkäaikaiset lainat rahoituslaitoksilta,mi53,Kirjanpitoarvo,24394.33,ISO4217_EUR,2,MCY=x2934;REF=x4,https://avoindata.prh.fi/opendata-xbrl-api/v3/financial?businessId=3096230-7&financialDate=2024-12-31
27,3096230-7,RMO - Rakennus Oy,2024-12-31,2025-05-14,instant,,2024-12-31,x1830,Pitkäaikainen vieras pääoma,mi53,Kirjanpitoarvo,20436.26,ISO4217_EUR,2,MCY=x1830,https://avoindata.prh.fi/opendata-xbrl-api/v3/financial?businessId=3096230-7&financialDate=2024-12-31
27,3096230-7,RMO - Rakennus Oy,2024-12-31,2025-05-14,instant,,2023-12-31,x1830,Pitkäaikainen vieras pääoma,mi53,Kirjanpitoarvo,24394.33,ISO4217_EUR,2,MCY=x1830;REF=x4,https://avoindata.prh.fi/opendata-xbrl-api/v3/financial?businessId=3096230-7&financialDate=2024-12-31
27,3096230-7,RMO - Rakennus Oy,2024-12-31,2025-05-14,instant,,2024-12-31,x3023,Lyhytaikaiset lainat rahoituslaitoksilta,mi53,Kirjanpitoarvo,3840.00,ISO4217_EUR,2,MCY=x3023,https://avoindata.prh.fi/opendata-xbrl-api/v3/financial?businessId=3096230-7&financialDate=2024-12-31
27,3096230-7,RMO - Rakennus Oy,2024-12-31,2025-05-14,instant,,2023-12-31,x3023,Lyhytaikaiset lainat rahoituslaitoksilta,mi53,Kirjanpitoarvo,3600.00,ISO4217_EUR,2,MCY=x3023;REF=x4,https://avoindata.prh.fi/opendata-xbrl-api/v3/financial?businessId=3096230-7&financialDate=2024-12-31
27,3096230-7,RMO - Rakennus Oy,2024-12-31,2025-05-14,instant,,2024-12-31,x1819,Lyhytaikaiset ostovelat,mi53,Kirjanpitoarvo,15425.18,ISO4217_EUR,2,MCY=x1819,https://avoindata.prh.fi/opendata-xbrl-api/v3/financial?businessId=3096230-7&financialDate=2024-12-31
27,3096230-7,RMO - Rakennus Oy,2024-12-31,2025-05-14,instant,,2023-12-31,x1819,Lyhytaikaiset ostovelat,mi53,Kirjanpitoarvo,27573.16,ISO4217_EUR,2,MCY=x1819;REF=x4,https://avoindata.prh.fi/opendata-xbrl-api/v3/financial?businessId=3096230-7&financialDate=2024-12-31
27,3096230-7,RMO - Rakennus Oy,2024-12-31,2025-05-14,instant,,2024-12-31,x1825,Lyhytaikaiset muut velat,mi53,Kirjanpitoarvo,4773.55,ISO4217_EUR,2,MCY=x1825,https://avoindata.prh.fi/opendata-xbrl-api/v3/financial?businessId=3096230-7&financialDate=2024-12-31
27,3096230-7,RMO - Rakennus Oy,2024-12-31,2025-05-14,instant,,2023-12-31,x1825,Lyhytaikaiset muut velat,mi53,Kirjanpitoarvo,2672.75,ISO4217_EUR,2,MCY=x1825;REF=x4,https://avoindata.prh.fi/opendata-xbrl-api/v3/financial?businessId=3096230-7&financialDate=2024-12-31
27,3096230-7,RMO - Rakennus Oy,2024-12-31,2025-05-14,instant,,2024-12-31,x1811,Lyhytaikainen vieras pääoma,mi53,Kirjanpitoarvo,24038.73,ISO4217_EUR,2,MCY=x1811,https://avoindata.prh.fi/opendata-xbrl-api/v3/financial?businessId=3096230-7&financialDate=2024-12-31
27,3096230-7,RMO - Rakennus Oy,2024-12-31,2025-05-14,instant,,2023-12-31,x1811,Lyhytaikainen vieras pääoma,mi53,Kirjanpitoarvo,33845.91,ISO4217_EUR,2,MCY=x1811;REF=x4,https://avoindata.prh.fi/opendata-xbrl-api/v3/financial?businessId=3096230-7&financialDate=2024-12-31
27,3096230-7,RMO - Rakennus Oy,2024-12-31,2025-05-14,instant,,2024-12-31,x424,Vieras pääoma,mi53,Kirjanpitoarvo,44474.99,ISO4217_EUR,2,MCY=x424,https://avoindata.prh.fi/opendata-xbrl-api/v3/financial?businessId=3096230-7&financialDate=2024-12-31
27,3096230-7,RMO - Rakennus Oy,2024-12-31,2025-05-14,instant,,2023-12-31,x424,Vieras pääoma,mi53,Kirjanpitoarvo,58240.24,ISO4217_EUR,2,MCY=x424;REF=x4,https://avoindata.prh.fi/opendata-xbrl-api/v3/financial?businessId=3096230-7&financialDate=2024-12-31
27,3096230-7,RMO - Rakennus Oy,2024-12-31,2025-05-14,instant,,2024-12-31,x481,Vastattavaa,mi53,Kirjanpitoarvo,20793.25,ISO4217_EUR,2,MCY=x481,https://avoindata.prh.fi/opendata-xbrl-api/v3/financial?businessId=3096230-7&financialDate=2024-12-31
27,3096230-7,RMO - Rakennus Oy,2024-12-31,2025-05-14,instant,,2023-12-31,x481,Vastattavaa,mi53,Kirjanpitoarvo,42732.00,ISO4217_EUR,2,MCY=x481;REF=x4,https://avoindata.prh.fi/opendata-xbrl-api/v3/financial?businessId=3096230-7&financialDate=2024-12-31
27,3096230-7,RMO - Rakennus Oy,2024-12-31,2025-05-14,instant,,2024-12-31,x673,Liikevaihto,md103,Tilikauden rahallinen kertymä,139359.96,ISO4217_EUR,2,MCY=x673,https://avoindata.prh.fi/opendata-xbrl-api/v3/financial?businessId=3096230-7&financialDate=2024-12-31
27,3096230-7,RMO - Rakennus Oy,2024-12-31,2025-05-14,instant,,2023-12-31,x673,Liikevaihto,md103,Tilikauden rahallinen kertymä,227966.96,ISO4217_EUR,2,MCY=x673;REF=x53,https://avoindata.prh.fi/opendata-xbrl-api/v3/financial?businessId=3096230-7&financialDate=2024-12-31
27,3096230-7,RMO - Rakennus Oy,2024-12-31,2025-05-14,instant,,2024-12-31,x755,Ostot tilikauden aikana,md103,Tilikauden rahallinen kertymä,-50250.30,ISO4217_EUR,2,MCY=x755,https://avoindata.prh.fi/opendata-xbrl-api/v3/financial?businessId=3096230-7&financialDate=2024-12-31
27,3096230-7,RMO - Rakennus Oy,2024-12-31,2025-05-14,instant,,2023-12-31,x755,Ostot tilikauden aikana,md103,Tilikauden rahallinen kertymä,-49051.81,ISO4217_EUR,2,MCY=x755;REF=x53,https://avoindata.prh.fi/opendata-xbrl-api/v3/financial?businessId=3096230-7&financialDate=2024-12-31
27,3096230-7,RMO - Rakennus Oy,2024-12-31,2025-05-14,instant,,2024-12-31,x10,Palvelujen ostot,md103,Tilikauden rahallinen kertymä,-8679.57,ISO4217_EUR,2,MCY=x10,https://avoindata.prh.fi/opendata-xbrl-api/v3/financial?businessId=3096230-7&financialDate=2024-12-31
27,3096230-7,RMO - Rakennus Oy,2024-12-31,2025-05-14,instant,,2023-12-31,x10,Palvelujen ostot,md103,Tilikauden rahallinen kertymä,-103863.50,ISO4217_EUR,2,MCY=x10;REF=x53,https://avoindata.prh.fi/opendata-xbrl-api/v3/financial?businessId=3096230-7&financialDate=2024-12-31
27,3096230-7,RMO - Rakennus Oy,2024-12-31,2025-05-14,instant,,2024-12-31,x758,Materiaalit ja palvelut,md103,Tilikauden rahallinen kertymä,-58929.87,ISO4217_EUR,2,MCY=x758,https://avoindata.prh.fi/opendata-xbrl-api/v3/financial?businessId=3096230-7&financialDate=2024-12-31
27,3096230-7,RMO - Rakennus Oy,2024-12-31,2025-05-14,instant,,2023-12-31,x758,Materiaalit ja palvelut,md103,Tilikauden rahallinen kertymä,-152915.31,ISO4217_EUR,2,MCY=x758;REF=x53,https://avoindata.prh.fi/opendata-xbrl-api/v3/financial?businessId=3096230-7&financialDate=2024-12-31
27,3096230-7,RMO - Rakennus Oy,2024-12-31,2025-05-14,instant,,2024-12-31,x6,Palkat ja palkkiot,md103,Tilikauden rahallinen kertymä,-44795.56,ISO4217_EUR,2,MCY=x6,https://avoindata.prh.fi/opendata-xbrl-api/v3/financial?businessId=3096230-7&financialDate=2024-12-31
27,3096230-7,RMO - Rakennus Oy,2024-12-31,2025-05-14,instant,,2023-12-31,x6,Palkat ja palkkiot,md103,Tilikauden rahallinen kertymä,-33200.00,ISO4217_EUR,2,MCY=x6;REF=x53,https://avoindata.prh.fi/opendata-xbrl-api/v3/financial?businessId=3096230-7&financialDate=2024-12-31
27,3096230-7,RMO - Rakennus Oy,2024-12-31,2025-05-14,instant,,2024-12-31,x8,Eläkekulut,md103,Tilikauden rahallinen kertymä,-11286.67,ISO4217_EUR,2,MCY=x8,https://avoindata.prh.fi/opendata-xbrl-api/v3/financial?businessId=3096230-7&financialDate=2024-12-31
27,3096230-7,RMO - Rakennus Oy,2024-12-31,2025-05-14,instant,,2023-12-31,x8,Eläkekulut,md103,Tilikauden rahallinen kertymä,-12037.89,ISO4217_EUR,2,MCY=x8;REF=x53,https://avoindata.prh.fi/opendata-xbrl-api/v3/financial?businessId=3096230-7&financialDate=2024-12-31
27,3096230-7,RMO - Rakennus Oy,2024-12-31,2025-05-14,instant,,2024-12-31,x9,Muut henkilösivukulut,md103,Tilikauden rahallinen kertymä,-1685.30,ISO4217_EUR,2,MCY=x9,https://avoindata.prh.fi/opendata-xbrl-api/v3/financial?businessId=3096230-7&financialDate=2024-12-31
27,3096230-7,RMO - Rakennus Oy,2024-12-31,2025-05-14,instant,,2023-12-31,x9,Muut henkilösivukulut,md103,Tilikauden rahallinen kertymä,-4548.58,ISO4217_EUR,2,MCY=x9;REF=x53,https://avoindata.prh.fi/opendata-xbrl-api/v3/financial?businessId=3096230-7&financialDate=2024-12-31
27,3096230-7,RMO - Rakennus Oy,2024-12-31,2025-05-14,instant,,2024-12-31,x5,Henkilöstökulut,md103,Tilikauden rahallinen kertymä,-57767.53,ISO4217_EUR,2,MCY=x5,https://avoindata.prh.fi/opendata-xbrl-api/v3/financial?businessId=3096230-7&financialDate=2024-12-31
27,3096230-7,RMO - Rakennus Oy,2024-12-31,2025-05-14,instant,,2023-12-31,x5,Henkilöstökulut,md103,Tilikauden rahallinen kertymä,-49786.47,ISO4217_EUR,2,MCY=x5;REF=x53,https://avoindata.prh.fi/opendata-xbrl-api/v3/financial?businessId=3096230-7&financialDate=2024-12-31
27,3096230-7,RMO - Rakennus Oy,2024-12-31,2025-05-14,instant,,2024-12-31,x449,Suunnitelman mukaiset poistot,md103,Tilikauden rahallinen kertymä,-4788.19,ISO4217_EUR,2,MCY=x449,https://avoindata.prh.fi/opendata-xbrl-api/v3/financial?businessId=3096230-7&financialDate=2024-12-31
27,3096230-7,RMO - Rakennus Oy,2024-12-31,2025-05-14,instant,,2023-12-31,x449,Suunnitelman mukaiset poistot,md103,Tilikauden rahallinen kertymä,-6932.58,ISO4217_EUR,2,MCY=x449;REF=x53,https://avoindata.prh.fi/opendata-xbrl-api/v3/financial?businessId=3096230-7&financialDate=2024-12-31
27,3096230-7,RMO - Rakennus Oy,2024-12-31,2025-05-14,instant,,2024-12-31,x448,Poistot ja arvonalentumiset,md103,Tilikauden rahallinen kertymä,-4788.19,ISO4217_EUR,2,MCY=x448,https://avoindata.prh.fi/opendata-xbrl-api/v3/financial?businessId=3096230-7&financialDate=2024-12-31
27,3096230-7,RMO - Rakennus Oy,2024-12-31,2025-05-14,instant,,2023-12-31,x448,Poistot ja arvonalentumiset,md103,Tilikauden rahallinen kertymä,-6932.58,ISO4217_EUR,2,MCY=x448;REF=x53,https://avoindata.prh.fi/opendata-xbrl-api/v3/financial?businessId=3096230-7&financialDate=2024-12-31
27,3096230-7,RMO - Rakennus Oy,2024-12-31,2025-05-14,instant,,2024-12-31,x1869,Liiketoiminnan muut kulut,md103,Tilikauden rahallinen kertymä,-22989.36,ISO4217_EUR,2,MCY=x1869,https://avoindata.prh.fi/opendata-xbrl-api/v3/financial?businessId=3096230-7&financialDate=2024-12-31
27,3096230-7,RMO - Rakennus Oy,2024-12-31,2025-05-14,instant,,2023-12-31,x1869,Liiketoiminnan muut kulut,md103,Tilikauden rahallinen kertymä,-38984.03,ISO4217_EUR,2,MCY=x1869;REF=x53,https://avoindata.prh.fi/opendata-xbrl-api/v3/financial?businessId=3096230-7&financialDate=2024-12-31
27,3096230-7,RMO - Rakennus Oy,2024-12-31,2025-05-14,instant,,2024-12-31,x689,Liikevoitto (-tappio),md103,Tilikauden rahallinen kertymä,-5114.99,ISO4217_EUR,2,MCY=x689,https://avoindata.prh.fi/opendata-xbrl-api/v3/financial?businessId=3096230-7&financialDate=2024-12-31
27,3096230-7,RMO - Rakennus Oy,2024-12-31,2025-05-14,instant,,2023-12-31,x689,Liikevoitto (-tappio),md103,Tilikauden rahallinen kertymä,-20651.43,ISO4217_EUR,2,MCY=x689;REF=x53,https://avoindata.prh.fi/opendata-xbrl-api/v3/financial?businessId=3096230-7&financialDate=2024-12-31
27,3096230-7,RMO - Rakennus Oy,2024-12-31,2025-05-14,instant,,2024-12-31,x4014,Muut korko- ja rahoitustuotot muilta kuin saman konsernin yrityksiltä,md103,Tilikauden rahallinen kertymä,0.00,ISO4217_EUR,2,MCY=x4014,https://avoindata.prh.fi/opendata-xbrl-api/v3/financial?businessId=3096230-7&financialDate=2024-12-31
27,3096230-7,RMO - Rakennus Oy,2024-12-31,2025-05-14,instant,,2023-12-31,x4014,Muut korko- ja rahoitustuotot muilta kuin saman konsernin yrityksiltä,md103,Tilikauden rahallinen kertymä,1.23,ISO4217_EUR,2,MCY=x4014;REF=x53,https://avoindata.prh.fi/opendata-xbrl-api/v3/financial?businessId=3096230-7&financialDate=2024-12-31
27,3096230-7,RMO - Rakennus Oy,2024-12-31,2025-05-14,instant,,2024-12-31,x4046,Korkokulut- ja muut rahoituskulut muille kuin saman konsernin yrityksille,md103,Tilikauden rahallinen kertymä,-3058.51,ISO4217_EUR,2,MCY=x4046,https://avoindata.prh.fi/opendata-xbrl-api/v3/financial?businessId=3096230-7&financialDate=2024-12-31
27,3096230-7,RMO - Rakennus Oy,2024-12-31,2025-05-14,instant,,2023-12-31,x4046,Korkokulut- ja muut rahoituskulut muille kuin saman konsernin yrityksille,md103,Tilikauden rahallinen kertymä,-6030.49,ISO4217_EUR,2,MCY=x4046;REF=x53,https://avoindata.prh.fi/opendata-xbrl-api/v3/financial?businessId=3096230-7&financialDate=2024-12-31
27,3096230-7,RMO - Rakennus Oy,2024-12-31,2025-05-14,instant,,2024-12-31,x12,Rahoitustuotot ja -kulut + (-),md103,Tilikauden rahallinen kertymä,-3058.51,ISO4217_EUR,2,MCY=x12,https://avoindata.prh.fi/opendata-xbrl-api/v3/financial?businessId=3096230-7&financialDate=2024-12-31
27,3096230-7,RMO - Rakennus Oy,2024-12-31,2025-05-14,instant,,2023-12-31,x12,Rahoitustuotot ja -kulut + (-),md103,Tilikauden rahallinen kertymä,-6029.26,ISO4217_EUR,2,MCY=x12;REF=x53,https://avoindata.prh.fi/opendata-xbrl-api/v3/financial?businessId=3096230-7&financialDate=2024-12-31
27,3096230-7,RMO - Rakennus Oy,2024-12-31,2025-05-14,instant,,2024-12-31,x738,Voitto (tappio) ennen tilinpäätössiirtoja ja veroja,md103,Tilikauden rahallinen kertymä,-8173.50,ISO4217_EUR,2,MCY=x738,https://avoindata.prh.fi/opendata-xbrl-api/v3/financial?businessId=3096230-7&financialDate=2024-12-31
27,3096230-7,RMO - Rakennus Oy,2024-12-31,2025-05-14,instant,,2023-12-31,x738,Voitto (tappio) ennen tilinpäätössiirtoja ja veroja,md103,Tilikauden rahallinen kertymä,-26680.69,ISO4217_EUR,2,MCY=x738;REF=x53,https://avoindata.prh.fi/opendata-xbrl-api/v3/financial?businessId=3096230-7&financialDate=2024-12-31
27,3096230-7,RMO - Rakennus Oy,2024-12-31,2025-05-14,instant,,2024-12-31,x740,Tilikauden voitto (tappio),md103,Tilikauden rahallinen kertymä,-8173.50,ISO4217_EUR,2,MCY=x740,https://avoindata.prh.fi/opendata-xbrl-api/v3/financial?businessId=3096230-7&financialDate=2024-12-31
27,3096230-7,RMO - Rakennus Oy,2024-12-31,2025-05-14,instant,,2023-12-31,x740,Tilikauden voitto (tappio),md103,Tilikauden rahallinen kertymä,-26680.69,ISO4217_EUR,2,MCY=x740;REF=x53,https://avoindata.prh.fi/opendata-xbrl-api/v3/financial?businessId=3096230-7&financialDate=2024-12-31
28,3097052-6,NY Group Ab Oy,2023-12-31,2024-08-23,instant,,2023-12-31,x673,Liikevaihto,md103,Tilikauden rahallinen kertymä,425824.25,ISO4217_EUR,2,MCY=x673,https://avoindata.prh.fi/opendata-xbrl-api/v3/financial?businessId=3097052-6&financialDate=2023-12-31
28,3097052-6,NY Group Ab Oy,2023-12-31,2024-08-23,instant,,2022-12-31,x673,Liikevaihto,md103,Tilikauden rahallinen kertymä,1857750.12,ISO4217_EUR,2,MCY=x673;REF=x53,https://avoindata.prh.fi/opendata-xbrl-api/v3/financial?businessId=3097052-6&financialDate=2023-12-31
28,3097052-6,NY Group Ab Oy,2023-12-31,2024-08-23,instant,,2023-12-31,x49,Liiketoiminnan muut tuotot,md103,Tilikauden rahallinen kertymä,13780.22,ISO4217_EUR,2,MCY=x49,https://avoindata.prh.fi/opendata-xbrl-api/v3/financial?businessId=3097052-6&financialDate=2023-12-31
28,3097052-6,NY Group Ab Oy,2023-12-31,2024-08-23,instant,,2022-12-31,x49,Liiketoiminnan muut tuotot,md103,Tilikauden rahallinen kertymä,7450.27,ISO4217_EUR,2,MCY=x49;REF=x53,https://avoindata.prh.fi/opendata-xbrl-api/v3/financial?businessId=3097052-6&financialDate=2023-12-31
28,3097052-6,NY Group Ab Oy,2023-12-31,2024-08-23,instant,,2023-12-31,x755,Ostot tilikauden aikana,md103,Tilikauden rahallinen kertymä,-221083.65,ISO4217_EUR,2,MCY=x755,https://avoindata.prh.fi/opendata-xbrl-api/v3/financial?businessId=3097052-6&financialDate=2023-12-31
28,3097052-6,NY Group Ab Oy,2023-12-31,2024-08-23,instant,,2022-12-31,x755,Ostot tilikauden aikana,md103,Tilikauden rahallinen kertymä,-1630029.19,ISO4217_EUR,2,MCY=x755;REF=x53,https://avoindata.prh.fi/opendata-xbrl-api/v3/financial?businessId=3097052-6&financialDate=2023-12-31
28,3097052-6,NY Group Ab Oy,2023-12-31,2024-08-23,instant,,2023-12-31,x544,Varastojen lisäys (+) tai vähennys (-),md103,Tilikauden rahallinen kertymä,-249365.14,ISO4217_EUR,2,MCY=x544,https://avoindata.prh.fi/opendata-xbrl-api/v3/financial?businessId=3097052-6&financialDate=2023-12-31
28,3097052-6,NY Group Ab Oy,2023-12-31,2024-08-23,instant,,2022-12-31,x544,Varastojen lisäys (+) tai vähennys (-),md103,Tilikauden rahallinen kertymä,-126136.70,ISO4217_EUR,2,MCY=x544;REF=x53,https://avoindata.prh.fi/opendata-xbrl-api/v3/financial?businessId=3097052-6&financialDate=2023-12-31
28,3097052-6,NY Group Ab Oy,2023-12-31,2024-08-23,instant,,2023-12-31,x10,Palvelujen ostot,md103,Tilikauden rahallinen kertymä,-830.00,ISO4217_EUR,2,MCY=x10,https://avoindata.prh.fi/opendata-xbrl-api/v3/financial?businessId=3097052-6&financialDate=2023-12-31
28,3097052-6,NY Group Ab Oy,2023-12-31,2024-08-23,instant,,2022-12-31,x10,Palvelujen ostot,md103,Tilikauden rahallinen kertymä,0.00,ISO4217_EUR,2,MCY=x10;REF=x53,https://avoindata.prh.fi/opendata-xbrl-api/v3/financial?businessId=3097052-6&financialDate=2023-12-31
28,3097052-6,NY Group Ab Oy,2023-12-31,2024-08-23,instant,,2023-12-31,x758,Materiaalit ja palvelut,md103,Tilikauden rahallinen kertymä,-471278.79,ISO4217_EUR,2,MCY=x758,https://avoindata.prh.fi/opendata-xbrl-api/v3/financial?businessId=3097052-6&financialDate=2023-12-31
28,3097052-6,NY Group Ab Oy,2023-12-31,2024-08-23,instant,,2022-12-31,x758,Materiaalit ja palvelut,md103,Tilikauden rahallinen kertymä,-1756165.89,ISO4217_EUR,2,MCY=x758;REF=x53,https://avoindata.prh.fi/opendata-xbrl-api/v3/financial?businessId=3097052-6&financialDate=2023-12-31
28,3097052-6,NY Group Ab Oy,2023-12-31,2024-08-23,instant,,2023-12-31,x6,Palkat ja palkkiot,md103,Tilikauden rahallinen kertymä,0.00,ISO4217_EUR,2,MCY=x6,https://avoindata.prh.fi/opendata-xbrl-api/v3/financial?businessId=3097052-6&financialDate=2023-12-31
28,3097052-6,NY Group Ab Oy,2023-12-31,2024-08-23,instant,,2022-12-31,x6,Palkat ja palkkiot,md103,Tilikauden rahallinen kertymä,-21175.49,ISO4217_EUR,2,MCY=x6;REF=x53,https://avoindata.prh.fi/opendata-xbrl-api/v3/financial?businessId=3097052-6&financialDate=2023-12-31
28,3097052-6,NY Group Ab Oy,2023-12-31,2024-08-23,instant,,2023-12-31,x8,Eläkekulut,md103,Tilikauden rahallinen kertymä,0.00,ISO4217_EUR,2,MCY=x8,https://avoindata.prh.fi/opendata-xbrl-api/v3/financial?businessId=3097052-6&financialDate=2023-12-31
28,3097052-6,NY Group Ab Oy,2023-12-31,2024-08-23,instant,,2022-12-31,x8,Eläkekulut,md103,Tilikauden rahallinen kertymä,-4082.23,ISO4217_EUR,2,MCY=x8;REF=x53,https://avoindata.prh.fi/opendata-xbrl-api/v3/financial?businessId=3097052-6&financialDate=2023-12-31
28,3097052-6,NY Group Ab Oy,2023-12-31,2024-08-23,instant,,2023-12-31,x9,Muut henkilösivukulut,md103,Tilikauden rahallinen kertymä,-128.00,ISO4217_EUR,2,MCY=x9,https://avoindata.prh.fi/opendata-xbrl-api/v3/financial?businessId=3097052-6&financialDate=2023-12-31
28,3097052-6,NY Group Ab Oy,2023-12-31,2024-08-23,instant,,2022-12-31,x9,Muut henkilösivukulut,md103,Tilikauden rahallinen kertymä,-402.66,ISO4217_EUR,2,MCY=x9;REF=x53,https://avoindata.prh.fi/opendata-xbrl-api/v3/financial?businessId=3097052-6&financialDate=2023-12-31
28,3097052-6,NY Group Ab Oy,2023-12-31,2024-08-23,instant,,2023-12-31,x5,Henkilöstökulut,md103,Tilikauden rahallinen kertymä,-128.00,ISO4217_EUR,2,MCY=x5,https://avoindata.prh.fi/opendata-xbrl-api/v3/financial?businessId=3097052-6&financialDate=2023-12-31
28,3097052-6,NY Group Ab Oy,2023-12-31,2024-08-23,instant,,2022-12-31,x5,Henkilöstökulut,md103,Tilikauden rahallinen kertymä,-25660.38,ISO4217_EUR,2,MCY=x5;REF=x53,https://avoindata.prh.fi/opendata-xbrl-api/v3/financial?businessId=3097052-6&financialDate=2023-12-31
28,3097052-6,NY Group Ab Oy,2023-12-31,2024-08-23,instant,,2023-12-31,x449,Suunnitelman mukaiset poistot,md103,Tilikauden rahallinen kertymä,0.00,ISO4217_EUR,2,MCY=x449,https://avoindata.prh.fi/opendata-xbrl-api/v3/financial?businessId=3097052-6&financialDate=2023-12-31
28,3097052-6,NY Group Ab Oy,2023-12-31,2024-08-23,instant,,2022-12-31,x449,Suunnitelman mukaiset poistot,md103,Tilikauden rahallinen kertymä,-1715.88,ISO4217_EUR,2,MCY=x449;REF=x53,https://avoindata.prh.fi/opendata-xbrl-api/v3/financial?businessId=3097052-6&financialDate=2023-12-31
28,3097052-6,NY Group Ab Oy,2023-12-31,2024-08-23,instant,,2023-12-31,x448,Poistot ja arvonalentumiset,md103,Tilikauden rahallinen kertymä,0.00,ISO4217_EUR,2,MCY=x448,https://avoindata.prh.fi/opendata-xbrl-api/v3/financial?businessId=3097052-6&financialDate=2023-12-31
28,3097052-6,NY Group Ab Oy,2023-12-31,2024-08-23,instant,,2022-12-31,x448,Poistot ja arvonalentumiset,md103,Tilikauden rahallinen kertymä,-1715.88,ISO4217_EUR,2,MCY=x448;REF=x53,https://avoindata.prh.fi/opendata-xbrl-api/v3/financial?businessId=3097052-6&financialDate=2023-12-31
28,3097052-6,NY Group Ab Oy,2023-12-31,2024-08-23,instant,,2023-12-31,x1869,Liiketoiminnan muut kulut,md103,Tilikauden rahallinen kertymä,-19614.98,ISO4217_EUR,2,MCY=x1869,https://avoindata.prh.fi/opendata-xbrl-api/v3/financial?businessId=3097052-6&financialDate=2023-12-31
28,3097052-6,NY Group Ab Oy,2023-12-31,2024-08-23,instant,,2022-12-31,x1869,Liiketoiminnan muut kulut,md103,Tilikauden rahallinen kertymä,-65938.21,ISO4217_EUR,2,MCY=x1869;REF=x53,https://avoindata.prh.fi/opendata-xbrl-api/v3/financial?businessId=3097052-6&financialDate=2023-12-31
28,3097052-6,NY Group Ab Oy,2023-12-31,2024-08-23,instant,,2023-12-31,x689,Liikevoitto (-tappio),md103,Tilikauden rahallinen kertymä,-51417.30,ISO4217_EUR,2,MCY=x689,https://avoindata.prh.fi/opendata-xbrl-api/v3/financial?businessId=3097052-6&financialDate=2023-12-31
28,3097052-6,NY Group Ab Oy,2023-12-31,2024-08-23,instant,,2022-12-31,x689,Liikevoitto (-tappio),md103,Tilikauden rahallinen kertymä,15720.03,ISO4217_EUR,2,MCY=x689;REF=x53,https://avoindata.prh.fi/opendata-xbrl-api/v3/financial?businessId=3097052-6&financialDate=2023-12-31
28,3097052-6,NY Group Ab Oy,2023-12-31,2024-08-23,instant,,2023-12-31,x4014,Muut korko- ja rahoitustuotot muilta kuin saman konsernin yrityksiltä,md103,Tilikauden rahallinen kertymä,69.42,ISO4217_EUR,2,MCY=x4014,https://avoindata.prh.fi/opendata-xbrl-api/v3/financial?businessId=3097052-6&financialDate=2023-12-31
28,3097052-6,NY Group Ab Oy,2023-12-31,2024-08-23,instant,,2022-12-31,x4014,Muut korko- ja rahoitustuotot muilta kuin saman konsernin yrityksiltä,md103,Tilikauden rahallinen kertymä,4163.78,ISO4217_EUR,2,MCY=x4014;REF=x53,https://avoindata.prh.fi/opendata-xbrl-api/v3/financial?businessId=3097052-6&financialDate=2023-12-31
28,3097052-6,NY Group Ab Oy,2023-12-31,2024-08-23,instant,,2023-12-31,x4046,Korkokulut- ja muut rahoituskulut muille kuin saman konsernin yrityksille,md103,Tilikauden rahallinen kertymä,-46715.60,ISO4217_EUR,2,MCY=x4046,https://avoindata.prh.fi/opendata-xbrl-api/v3/financial?businessId=3097052-6&financialDate=2023-12-31
28,3097052-6,NY Group Ab Oy,2023-12-31,2024-08-23,instant,,2022-12-31,x4046,Korkokulut- ja muut rahoituskulut muille kuin saman konsernin yrityksille,md103,Tilikauden rahallinen kertymä,-73866.18,ISO4217_EUR,2,MCY=x4046;REF=x53,https://avoindata.prh.fi/opendata-xbrl-api/v3/financial?businessId=3097052-6&financialDate=2023-12-31
28,3097052-6,NY Group Ab Oy,2023-12-31,2024-08-23,instant,,2023-12-31,x12,Rahoitustuotot ja -kulut + (-),md103,Tilikauden rahallinen kertymä,-46646.18,ISO4217_EUR,2,MCY=x12,https://avoindata.prh.fi/opendata-xbrl-api/v3/financial?businessId=3097052-6&financialDate=2023-12-31
28,3097052-6,NY Group Ab Oy,2023-12-31,2024-08-23,instant,,2022-12-31,x12,Rahoitustuotot ja -kulut + (-),md103,Tilikauden rahallinen kertymä,-69702.40,ISO4217_EUR,2,MCY=x12;REF=x53,https://avoindata.prh.fi/opendata-xbrl-api/v3/financial?businessId=3097052-6&financialDate=2023-12-31
28,3097052-6,NY Group Ab Oy,2023-12-31,2024-08-23,instant,,2023-12-31,x738,Voitto (tappio) ennen tilinpäätössiirtoja ja veroja,md103,Tilikauden rahallinen kertymä,-98063.48,ISO4217_EUR,2,MCY=x738,https://avoindata.prh.fi/opendata-xbrl-api/v3/financial?businessId=3097052-6&financialDate=2023-12-31
28,3097052-6,NY Group Ab Oy,2023-12-31,2024-08-23,instant,,2022-12-31,x738,Voitto (tappio) ennen tilinpäätössiirtoja ja veroja,md103,Tilikauden rahallinen kertymä,-53982.37,ISO4217_EUR,2,MCY=x738;REF=x53,https://avoindata.prh.fi/opendata-xbrl-api/v3/financial?businessId=3097052-6&financialDate=2023-12-31
28,3097052-6,NY Group Ab Oy,2023-12-31,2024-08-23,instant,,2023-12-31,x541,Tuloverot,md103,Tilikauden rahallinen kertymä,0.00,ISO4217_EUR,2,MCY=x541,https://avoindata.prh.fi/opendata-xbrl-api/v3/financial?businessId=3097052-6&financialDate=2023-12-31
28,3097052-6,NY Group Ab Oy,2023-12-31,2024-08-23,instant,,2022-12-31,x541,Tuloverot,md103,Tilikauden rahallinen kertymä,-106.36,ISO4217_EUR,2,MCY=x541;REF=x53,https://avoindata.prh.fi/opendata-xbrl-api/v3/financial?businessId=3097052-6&financialDate=2023-12-31
28,3097052-6,NY Group Ab Oy,2023-12-31,2024-08-23,instant,,2023-12-31,x740,Tilikauden voitto (tappio),md103,Tilikauden rahallinen kertymä,-98063.48,ISO4217_EUR,2,MCY=x740,https://avoindata.prh.fi/opendata-xbrl-api/v3/financial?businessId=3097052-6&financialDate=2023-12-31
28,3097052-6,NY Group Ab Oy,2023-12-31,2024-08-23,instant,,2022-12-31,x740,Tilikauden voitto (tappio),md103,Tilikauden rahallinen kertymä,-54088.73,ISO4217_EUR,2,MCY=x740;REF=x53,https://avoindata.prh.fi/opendata-xbrl-api/v3/financial?businessId=3097052-6&financialDate=2023-12-31
28,3097052-6,NY Group Ab Oy,2023-12-31,2024-08-23,instant,,2023-12-31,x2334,"Rakennukset ja rakennelmat, Omistetut",mi53,Kirjanpitoarvo,0.00,ISO4217_EUR,2,MCY=x2334,https://avoindata.prh.fi/opendata-xbrl-api/v3/financial?businessId=3097052-6&financialDate=2023-12-31
28,3097052-6,NY Group Ab Oy,2023-12-31,2024-08-23,instant,,2022-12-31,x2334,"Rakennukset ja rakennelmat, Omistetut",mi53,Kirjanpitoarvo,3248.66,ISO4217_EUR,2,MCY=x2334;REF=x4,https://avoindata.prh.fi/opendata-xbrl-api/v3/financial?businessId=3097052-6&financialDate=2023-12-31
28,3097052-6,NY Group Ab Oy,2023-12-31,2024-08-23,instant,,2023-12-31,x1036,Koneet ja kalusto,mi53,Kirjanpitoarvo,0.00,ISO4217_EUR,2,MCY=x1036,https://avoindata.prh.fi/opendata-xbrl-api/v3/financial?businessId=3097052-6&financialDate=2023-12-31
28,3097052-6,NY Group Ab Oy,2023-12-31,2024-08-23,instant,,2022-12-31,x1036,Koneet ja kalusto,mi53,Kirjanpitoarvo,2008.09,ISO4217_EUR,2,MCY=x1036;REF=x4,https://avoindata.prh.fi/opendata-xbrl-api/v3/financial?businessId=3097052-6&financialDate=2023-12-31
28,3097052-6,NY Group Ab Oy,2023-12-31,2024-08-23,instant,,2023-12-31,x1729,Muut aineelliset hyödykkeet,mi53,Kirjanpitoarvo,0.00,ISO4217_EUR,2,MCY=x1729,https://avoindata.prh.fi/opendata-xbrl-api/v3/financial?businessId=3097052-6&financialDate=2023-12-31
28,3097052-6,NY Group Ab Oy,2023-12-31,2024-08-23,instant,,2022-12-31,x1729,Muut aineelliset hyödykkeet,mi53,Kirjanpitoarvo,2109.19,ISO4217_EUR,2,MCY=x1729;REF=x4,https://avoindata.prh.fi/opendata-xbrl-api/v3/financial?businessId=3097052-6&financialDate=2023-12-31
28,3097052-6,NY Group Ab Oy,2023-12-31,2024-08-23,instant,,2023-12-31,x816,Aineelliset hyödykkeet,mi53,Kirjanpitoarvo,0.00,ISO4217_EUR,2,MCY=x816,https://avoindata.prh.fi/opendata-xbrl-api/v3/financial?businessId=3097052-6&financialDate=2023-12-31
28,3097052-6,NY Group Ab Oy,2023-12-31,2024-08-23,instant,,2022-12-31,x816,Aineelliset hyödykkeet,mi53,Kirjanpitoarvo,7365.94,ISO4217_EUR,2,MCY=x816;REF=x4,https://avoindata.prh.fi/opendata-xbrl-api/v3/financial?businessId=3097052-6&financialDate=2023-12-31
28,3097052-6,NY Group Ab Oy,2023-12-31,2024-08-23,instant,,2023-12-31,x1742,Muut osakkeet ja osuudet,mi53,Kirjanpitoarvo,0.00,ISO4217_EUR,2,MCY=x1742,https://avoindata.prh.fi/opendata-xbrl-api/v3/financial?businessId=3097052-6&financialDate=2023-12-31
28,3097052-6,NY Group Ab Oy,2023-12-31,2024-08-23,instant,,2022-12-31,x1742,Muut osakkeet ja osuudet,mi53,Kirjanpitoarvo,65135.07,ISO4217_EUR,2,MCY=x1742;REF=x4,https://avoindata.prh.fi/opendata-xbrl-api/v3/financial?businessId=3097052-6&financialDate=2023-12-31
28,3097052-6,NY Group Ab Oy,2023-12-31,2024-08-23,instant,,2023-12-31,x583,Sijoitukset,mi53,Kirjanpitoarvo,0.00,ISO4217_EUR,2,MCY=x583,https://avoindata.prh.fi/opendata-xbrl-api/v3/financial?businessId=3097052-6&financialDate=2023-12-31
28,3097052-6,NY Group Ab Oy,2023-12-31,2024-08-23,instant,,2022-12-31,x583,Sijoitukset,mi53,Kirjanpitoarvo,65135.07,ISO4217_EUR,2,MCY=x583;REF=x4,https://avoindata.prh.fi/opendata-xbrl-api/v3/financial?businessId=3097052-6&financialDate=2023-12-31
28,3097052-6,NY Group Ab Oy,2023-12-31,2024-08-23,instant,,2023-12-31,x513,Pysyvät vastaavat,mi53,Kirjanpitoarvo,0.00,ISO4217_EUR,2,MCY=x513,https://avoindata.prh.fi/opendata-xbrl-api/v3/financial?businessId=3097052-6&financialDate=2023-12-31
28,3097052-6,NY Group Ab Oy,2023-12-31,2024-08-23,instant,,2022-12-31,x513,Pysyvät vastaavat,mi53,Kirjanpitoarvo,72501.01,ISO4217_EUR,2,MCY=x513;REF=x4,https://avoindata.prh.fi/opendata-xbrl-api/v3/financial?businessId=3097052-6&financialDate=2023-12-31
28,3097052-6,NY Group Ab Oy,2023-12-31,2024-08-23,instant,,2023-12-31,x1759,Valmiit tuotteet,mi53,Kirjanpitoarvo,8000.00,ISO4217_EUR,2,MCY=x1759,https://avoindata.prh.fi/opendata-xbrl-api/v3/financial?businessId=3097052-6&financialDate=2023-12-31
28,3097052-6,NY Group Ab Oy,2023-12-31,2024-08-23,instant,,2022-12-31,x1759,Valmiit tuotteet,mi53,Kirjanpitoarvo,257365.14,ISO4217_EUR,2,MCY=x1759;REF=x4,https://avoindata.prh.fi/opendata-xbrl-api/v3/financial?businessId=3097052-6&financialDate=2023-12-31
28,3097052-6,NY Group Ab Oy,2023-12-31,2024-08-23,instant,,2023-12-31,x807,Vaihto-omaisuus,mi53,Kirjanpitoarvo,8000.00,ISO4217_EUR,2,MCY=x807,https://avoindata.prh.fi/opendata-xbrl-api/v3/financial?businessId=3097052-6&financialDate=2023-12-31
28,3097052-6,NY Group Ab Oy,2023-12-31,2024-08-23,instant,,2022-12-31,x807,Vaihto-omaisuus,mi53,Kirjanpitoarvo,257365.14,ISO4217_EUR,2,MCY=x807;REF=x4,https://avoindata.prh.fi/opendata-xbrl-api/v3/financial?businessId=3097052-6&financialDate=2023-12-31
28,3097052-6,NY Group Ab Oy,2023-12-31,2024-08-23,instant,,2023-12-31,x1763,Pitkäaikaiset lainasaamiset,mi53,Kirjanpitoarvo,176000.00,ISO4217_EUR,2,MCY=x1763,https://avoindata.prh.fi/opendata-xbrl-api/v3/financial?businessId=3097052-6&financialDate=2023-12-31
28,3097052-6,NY Group Ab Oy,2023-12-31,2024-08-23,instant,,2022-12-31,x1763,Pitkäaikaiset lainasaamiset,mi53,Kirjanpitoarvo,176000.00,ISO4217_EUR,2,MCY=x1763;REF=x4,https://avoindata.prh.fi/opendata-xbrl-api/v3/financial?businessId=3097052-6&financialDate=2023-12-31
28,3097052-6,NY Group Ab Oy,2023-12-31,2024-08-23,instant,,2023-12-31,x1761,Pitkäaikaiset saamiset,mi53,Kirjanpitoarvo,176000.00,ISO4217_EUR,2,MCY=x1761,https://avoindata.prh.fi/opendata-xbrl-api/v3/financial?businessId=3097052-6&financialDate=2023-12-31
28,3097052-6,NY Group Ab Oy,2023-12-31,2024-08-23,instant,,2022-12-31,x1761,Pitkäaikaiset saamiset,mi53,Kirjanpitoarvo,176000.00,ISO4217_EUR,2,MCY=x1761;REF=x4,https://avoindata.prh.fi/opendata-xbrl-api/v3/financial?businessId=3097052-6&financialDate=2023-12-31
28,3097052-6,NY Group Ab Oy,2023-12-31,2024-08-23,instant,,2023-12-31,x1769,Lyhytaikaiset myyntisaamiset,mi53,Kirjanpitoarvo,2444.00,ISO4217_EUR,2,MCY=x1769,https://avoindata.prh.fi/opendata-xbrl-api/v3/financial?businessId=3097052-6&financialDate=2023-12-31
28,3097052-6,NY Group Ab Oy,2023-12-31,2024-08-23,instant,,2022-12-31,x1769,Lyhytaikaiset myyntisaamiset,mi53,Kirjanpitoarvo,3156.19,ISO4217_EUR,2,MCY=x1769;REF=x4,https://avoindata.prh.fi/opendata-xbrl-api/v3/financial?businessId=3097052-6&financialDate=2023-12-31
28,3097052-6,NY Group Ab Oy,2023-12-31,2024-08-23,instant,,2023-12-31,x1770,Lyhytaikaiset lainasaamiset,mi53,Kirjanpitoarvo,0.00,ISO4217_EUR,2,MCY=x1770,https://avoindata.prh.fi/opendata-xbrl-api/v3/financial?businessId=3097052-6&financialDate=2023-12-31
28,3097052-6,NY Group Ab Oy,2023-12-31,2024-08-23,instant,,2022-12-31,x1770,Lyhytaikaiset lainasaamiset,mi53,Kirjanpitoarvo,1000.00,ISO4217_EUR,2,MCY=x1770;REF=x4,https://avoindata.prh.fi/opendata-xbrl-api/v3/financial?businessId=3097052-6&financialDate=2023-12-31
28,3097052-6,NY Group Ab Oy,2023-12-31,2024-08-23,instant,,2023-12-31,x1771,Lyhytaikaiset muut saamiset,mi53,Kirjanpitoarvo,53141.09,ISO4217_EUR,2,MCY=x1771,https://avoindata.prh.fi/opendata-xbrl-api/v3/financial?businessId=3097052-6&financialDate=2023-12-31
28,3097052-6,NY Group Ab Oy,2023-12-31,2024-08-23,instant,,2022-12-31,x1771,Lyhytaikaiset muut saamiset,mi53,Kirjanpitoarvo,70615.09,ISO4217_EUR,2,MCY=x1771;REF=x4,https://avoindata.prh.fi/opendata-xbrl-api/v3/financial?businessId=3097052-6&financialDate=2023-12-31
28,3097052-6,NY Group Ab Oy,2023-12-31,2024-08-23,instant,,2023-12-31,x1775,Lyhytaikaiset siirtosaamiset,mi53,Kirjanpitoarvo,0.00,ISO4217_EUR,2,MCY=x1775,https://avoindata.prh.fi/opendata-xbrl-api/v3/financial?businessId=3097052-6&financialDate=2023-12-31
28,3097052-6,NY Group Ab Oy,2023-12-31,2024-08-23,instant,,2022-12-31,x1775,Lyhytaikaiset siirtosaamiset,mi53,Kirjanpitoarvo,16073.70,ISO4217_EUR,2,MCY=x1775;REF=x4,https://avoindata.prh.fi/opendata-xbrl-api/v3/financial?businessId=3097052-6&financialDate=2023-12-31
28,3097052-6,NY Group Ab Oy,2023-12-31,2024-08-23,instant,,2023-12-31,x1768,Lyhytaikaiset saamiset,mi53,Kirjanpitoarvo,55585.09,ISO4217_EUR,2,MCY=x1768,https://avoindata.prh.fi/opendata-xbrl-api/v3/financial?businessId=3097052-6&financialDate=2023-12-31
28,3097052-6,NY Group Ab Oy,2023-12-31,2024-08-23,instant,,2022-12-31,x1768,Lyhytaikaiset saamiset,mi53,Kirjanpitoarvo,90844.98,ISO4217_EUR,2,MCY=x1768;REF=x4,https://avoindata.prh.fi/opendata-xbrl-api/v3/financial?businessId=3097052-6&financialDate=2023-12-31
28,3097052-6,NY Group Ab Oy,2023-12-31,2024-08-23,instant,,2023-12-31,x438,Saamiset,mi53,Kirjanpitoarvo,231585.09,ISO4217_EUR,2,MCY=x438,https://avoindata.prh.fi/opendata-xbrl-api/v3/financial?businessId=3097052-6&financialDate=2023-12-31
28,3097052-6,NY Group Ab Oy,2023-12-31,2024-08-23,instant,,2022-12-31,x438,Saamiset,mi53,Kirjanpitoarvo,266844.98,ISO4217_EUR,2,MCY=x438;REF=x4,https://avoindata.prh.fi/opendata-xbrl-api/v3/financial?businessId=3097052-6&financialDate=2023-12-31
28,3097052-6,NY Group Ab Oy,2023-12-31,2024-08-23,instant,,2023-12-31,x399,Rahat ja pankkisaamiset,mi53,Kirjanpitoarvo,1929.24,ISO4217_EUR,2,MCY=x399,https://avoindata.prh.fi/opendata-xbrl-api/v3/financial?businessId=3097052-6&financialDate=2023-12-31
28,3097052-6,NY Group Ab Oy,2023-12-31,2024-08-23,instant,,2022-12-31,x399,Rahat ja pankkisaamiset,mi53,Kirjanpitoarvo,134.00,ISO4217_EUR,2,MCY=x399;REF=x4,https://avoindata.prh.fi/opendata-xbrl-api/v3/financial?businessId=3097052-6&financialDate=2023-12-31
28,3097052-6,NY Group Ab Oy,2023-12-31,2024-08-23,instant,,2023-12-31,x435,Vaihtuvat vastaavat,mi53,Kirjanpitoarvo,241514.33,ISO4217_EUR,2,MCY=x435,https://avoindata.prh.fi/opendata-xbrl-api/v3/financial?businessId=3097052-6&financialDate=2023-12-31
28,3097052-6,NY Group Ab Oy,2023-12-31,2024-08-23,instant,,2022-12-31,x435,Vaihtuvat vastaavat,mi53,Kirjanpitoarvo,524344.12,ISO4217_EUR,2,MCY=x435;REF=x4,https://avoindata.prh.fi/opendata-xbrl-api/v3/financial?businessId=3097052-6&financialDate=2023-12-31
28,3097052-6,NY Group Ab Oy,2023-12-31,2024-08-23,instant,,2023-12-31,x360,Vastaavaa,mi53,Kirjanpitoarvo,241514.33,ISO4217_EUR,2,MCY=x360,https://avoindata.prh.fi/opendata-xbrl-api/v3/financial?businessId=3097052-6&financialDate=2023-12-31
28,3097052-6,NY Group Ab Oy,2023-12-31,2024-08-23,instant,,2022-12-31,x360,Vastaavaa,mi53,Kirjanpitoarvo,596845.13,ISO4217_EUR,2,MCY=x360;REF=x4,https://avoindata.prh.fi/opendata-xbrl-api/v3/financial?businessId=3097052-6&financialDate=2023-12-31
28,3097052-6,NY Group Ab Oy,2023-12-31,2024-08-23,instant,,2023-12-31,x932,Edellisten tilikausien voitto (tappio),mi53,Kirjanpitoarvo,-6114.80,ISO4217_EUR,2,MCY=x932,https://avoindata.prh.fi/opendata-xbrl-api/v3/financial?businessId=3097052-6&financialDate=2023-12-31
28,3097052-6,NY Group Ab Oy,2023-12-31,2024-08-23,instant,,2022-12-31,x932,Edellisten tilikausien voitto (tappio),mi53,Kirjanpitoarvo,47973.93,ISO4217_EUR,2,MCY=x932;REF=x4,https://avoindata.prh.fi/opendata-xbrl-api/v3/financial?businessId=3097052-6&financialDate=2023-12-31
28,3097052-6,NY Group Ab Oy,2023-12-31,2024-08-23,instant,,2023-12-31,x2895,"Tilikauden voitto (tappio), oma pääoma",mi53,Kirjanpitoarvo,-98063.48,ISO4217_EUR,2,MCY=x2895,https://avoindata.prh.fi/opendata-xbrl-api/v3/financial?businessId=3097052-6&financialDate=2023-12-31
28,3097052-6,NY Group Ab Oy,2023-12-31,2024-08-23,instant,,2022-12-31,x2895,"Tilikauden voitto (tappio), oma pääoma",mi53,Kirjanpitoarvo,-54088.73,ISO4217_EUR,2,MCY=x2895;REF=x4,https://avoindata.prh.fi/opendata-xbrl-api/v3/financial?businessId=3097052-6&financialDate=2023-12-31
28,3097052-6,NY Group Ab Oy,2023-12-31,2024-08-23,instant,,2023-12-31,x376,Oma pääoma,mi53,Kirjanpitoarvo,-104178.28,ISO4217_EUR,2,MCY=x376,https://avoindata.prh.fi/opendata-xbrl-api/v3/financial?businessId=3097052-6&financialDate=2023-12-31
28,3097052-6,NY Group Ab Oy,2023-12-31,2024-08-23,instant,,2022-12-31,x376,Oma pääoma,mi53,Kirjanpitoarvo,-6114.80,ISO4217_EUR,2,MCY=x376;REF=x4,https://avoindata.prh.fi/opendata-xbrl-api/v3/financial?businessId=3097052-6&financialDate=2023-12-31
28,3097052-6,NY Group Ab Oy,2023-12-31,2024-08-23,instant,,2023-12-31,x2920,Pitkäaikaiset pääomalainat,mi53,Kirjanpitoarvo,7000.00,ISO4217_EUR,2,MCY=x2920,https://avoindata.prh.fi/opendata-xbrl-api/v3/financial?businessId=3097052-6&financialDate=2023-12-31
28,3097052-6,NY Group Ab Oy,2023-12-31,2024-08-23,instant,,2022-12-31,x2920,Pitkäaikaiset pääomalainat,mi53,Kirjanpitoarvo,7000.00,ISO4217_EUR,2,MCY=x2920;REF=x4,https://avoindata.prh.fi/opendata-xbrl-api/v3/financial?businessId=3097052-6&financialDate=2023-12-31
28,3097052-6,NY Group Ab Oy,2023-12-31,2024-08-23,instant,,2023-12-31,x2934,Pitkäaikaiset lainat rahoituslaitoksilta,mi53,Kirjanpitoarvo,56800.00,ISO4217_EUR,2,MCY=x2934,https://avoindata.prh.fi/opendata-xbrl-api/v3/financial?businessId=3097052-6&financialDate=2023-12-31
28,3097052-6,NY Group Ab Oy,2023-12-31,2024-08-23,instant,,2022-12-31,x2934,Pitkäaikaiset lainat rahoituslaitoksilta,mi53,Kirjanpitoarvo,178733.20,ISO4217_EUR,2,MCY=x2934;REF=x4,https://avoindata.prh.fi/opendata-xbrl-api/v3/financial?businessId=3097052-6&financialDate=2023-12-31
28,3097052-6,NY Group Ab Oy,2023-12-31,2024-08-23,instant,,2023-12-31,x2233,Pitkäaikaiset muut velat,mi53,Kirjanpitoarvo,136633.20,ISO4217_EUR,2,MCY=x2233,https://avoindata.prh.fi/opendata-xbrl-api/v3/financial?businessId=3097052-6&financialDate=2023-12-31
28,3097052-6,NY Group Ab Oy,2023-12-31,2024-08-23,instant,,2022-12-31,x2233,Pitkäaikaiset muut velat,mi53,Kirjanpitoarvo,0.00,ISO4217_EUR,2,MCY=x2233;REF=x4,https://avoindata.prh.fi/opendata-xbrl-api/v3/financial?businessId=3097052-6&financialDate=2023-12-31
28,3097052-6,NY Group Ab Oy,2023-12-31,2024-08-23,instant,,2023-12-31,x1830,Pitkäaikainen vieras pääoma,mi53,Kirjanpitoarvo,200433.20,ISO4217_EUR,2,MCY=x1830,https://avoindata.prh.fi/opendata-xbrl-api/v3/financial?businessId=3097052-6&financialDate=2023-12-31
28,3097052-6,NY Group Ab Oy,2023-12-31,2024-08-23,instant,,2022-12-31,x1830,Pitkäaikainen vieras pääoma,mi53,Kirjanpitoarvo,185733.20,ISO4217_EUR,2,MCY=x1830;REF=x4,https://avoindata.prh.fi/opendata-xbrl-api/v3/financial?businessId=3097052-6&financialDate=2023-12-31
28,3097052-6,NY Group Ab Oy,2023-12-31,2024-08-23,instant,,2023-12-31,x3023,Lyhytaikaiset lainat rahoituslaitoksilta,mi53,Kirjanpitoarvo,59700.00,ISO4217_EUR,2,MCY=x3023,https://avoindata.prh.fi/opendata-xbrl-api/v3/financial?businessId=3097052-6&financialDate=2023-12-31
28,3097052-6,NY Group Ab Oy,2023-12-31,2024-08-23,instant,,2022-12-31,x3023,Lyhytaikaiset lainat rahoituslaitoksilta,mi53,Kirjanpitoarvo,88741.95,ISO4217_EUR,2,MCY=x3023;REF=x4,https://avoindata.prh.fi/opendata-xbrl-api/v3/financial?businessId=3097052-6&financialDate=2023-12-31
28,3097052-6,NY Group Ab Oy,2023-12-31,2024-08-23,instant,,2023-12-31,x1818,Lyhytaikaiset saadut ennakot,mi53,Kirjanpitoarvo,0.00,ISO4217_EUR,2,MCY=x1818,https://avoindata.prh.fi/opendata-xbrl-api/v3/financial?businessId=3097052-6&financialDate=2023-12-31
28,3097052-6,NY Group Ab Oy,2023-12-31,2024-08-23,instant,,2022-12-31,x1818,Lyhytaikaiset saadut ennakot,mi53,Kirjanpitoarvo,22271.67,ISO4217_EUR,2,MCY=x1818;REF=x4,https://avoindata.prh.fi/opendata-xbrl-api/v3/financial?businessId=3097052-6&financialDate=2023-12-31
28,3097052-6,NY Group Ab Oy,2023-12-31,2024-08-23,instant,,2023-12-31,x1819,Lyhytaikaiset ostovelat,mi53,Kirjanpitoarvo,3863.67,ISO4217_EUR,2,MCY=x1819,https://avoindata.prh.fi/opendata-xbrl-api/v3/financial?businessId=3097052-6&financialDate=2023-12-31
28,3097052-6,NY Group Ab Oy,2023-12-31,2024-08-23,instant,,2022-12-31,x1819,Lyhytaikaiset ostovelat,mi53,Kirjanpitoarvo,273165.91,ISO4217_EUR,2,MCY=x1819;REF=x4,https://avoindata.prh.fi/opendata-xbrl-api/v3/financial?businessId=3097052-6&financialDate=2023-12-31
28,3097052-6,NY Group Ab Oy,2023-12-31,2024-08-23,instant,,2023-12-31,x1825,Lyhytaikaiset muut velat,mi53,Kirjanpitoarvo,75558.74,ISO4217_EUR,2,MCY=x1825,https://avoindata.prh.fi/opendata-xbrl-api/v3/financial?businessId=3097052-6&financialDate=2023-12-31
28,3097052-6,NY Group Ab Oy,2023-12-31,2024-08-23,instant,,2022-12-31,x1825,Lyhytaikaiset muut velat,mi53,Kirjanpitoarvo,23047.20,ISO4217_EUR,2,MCY=x1825;REF=x4,https://avoindata.prh.fi/opendata-xbrl-api/v3/financial?businessId=3097052-6&financialDate=2023-12-31
28,3097052-6,NY Group Ab Oy,2023-12-31,2024-08-23,instant,,2023-12-31,x1826,Lyhytaikaiset siirtovelat,mi53,Kirjanpitoarvo,6137.00,ISO4217_EUR,2,MCY=x1826,https://avoindata.prh.fi/opendata-xbrl-api/v3/financial?businessId=3097052-6&financialDate=2023-12-31
28,3097052-6,NY Group Ab Oy,2023-12-31,2024-08-23,instant,,2022-12-31,x1826,Lyhytaikaiset siirtovelat,mi53,Kirjanpitoarvo,10000.00,ISO4217_EUR,2,MCY=x1826;REF=x4,https://avoindata.prh.fi/opendata-xbrl-api/v3/financial?businessId=3097052-6&financialDate=2023-12-31
28,3097052-6,NY Group Ab Oy,2023-12-31,2024-08-23,instant,,2023-12-31,x1811,Lyhytaikainen vieras pääoma,mi53,Kirjanpitoarvo,145259.41,ISO4217_EUR,2,MCY=x1811,https://avoindata.prh.fi/opendata-xbrl-api/v3/financial?businessId=3097052-6&financialDate=2023-12-31
28,3097052-6,NY Group Ab Oy,2023-12-31,2024-08-23,instant,,2022-12-31,x1811,Lyhytaikainen vieras pääoma,mi53,Kirjanpitoarvo,417226.73,ISO4217_EUR,2,MCY=x1811;REF=x4,https://avoindata.prh.fi/opendata-xbrl-api/v3/financial?businessId=3097052-6&financialDate=2023-12-31
28,3097052-6,NY Group Ab Oy,2023-12-31,2024-08-23,instant,,2023-12-31,x424,Vieras pääoma,mi53,Kirjanpitoarvo,345692.61,ISO4217_EUR,2,MCY=x424,https://avoindata.prh.fi/opendata-xbrl-api/v3/financial?businessId=3097052-6&financialDate=2023-12-31
28,3097052-6,NY Group Ab Oy,2023-12-31,2024-08-23,instant,,2022-12-31,x424,Vieras pääoma,mi53,Kirjanpitoarvo,602959.93,ISO4217_EUR,2,MCY=x424;REF=x4,https://avoindata.prh.fi/opendata-xbrl-api/v3/financial?businessId=3097052-6&financialDate=2023-12-31
28,3097052-6,NY Group Ab Oy,2023-12-31,2024-08-23,instant,,2023-12-31,x481,Vastattavaa,mi53,Kirjanpitoarvo,241514.33,ISO4217_EUR,2,MCY=x481,https://avoindata.prh.fi/opendata-xbrl-api/v3/financial?businessId=3097052-6&financialDate=2023-12-31
28,3097052-6,NY Group Ab Oy,2023-12-31,2024-08-23,instant,,2022-12-31,x481,Vastattavaa,mi53,Kirjanpitoarvo,596845.13,ISO4217_EUR,2,MCY=x481;REF=x4,https://avoindata.prh.fi/opendata-xbrl-api/v3/financial?businessId=3097052-6&financialDate=2023-12-31
29,3198654-6,Intelligent Solutions Finland Oy,2022-08-31,2023-05-12,instant,,2022-08-31,x1036,Koneet ja kalusto,mi53,Kirjanpitoarvo,2205.12,ISO4217_EUR,2,MCY=x1036,https://avoindata.prh.fi/opendata-xbrl-api/v3/financial?businessId=3198654-6&financialDate=2022-08-31
29,3198654-6,Intelligent Solutions Finland Oy,2022-08-31,2023-05-12,instant,,2022-08-31,x816,Aineelliset hyödykkeet,mi53,Kirjanpitoarvo,2205.12,ISO4217_EUR,2,MCY=x816,https://avoindata.prh.fi/opendata-xbrl-api/v3/financial?businessId=3198654-6&financialDate=2022-08-31
29,3198654-6,Intelligent Solutions Finland Oy,2022-08-31,2023-05-12,instant,,2022-08-31,x513,Pysyvät vastaavat,mi53,Kirjanpitoarvo,2205.12,ISO4217_EUR,2,MCY=x513,https://avoindata.prh.fi/opendata-xbrl-api/v3/financial?businessId=3198654-6&financialDate=2022-08-31
29,3198654-6,Intelligent Solutions Finland Oy,2022-08-31,2023-05-12,instant,,2022-08-31,x1764,Pitkäaikaiset muut saamiset,mi53,Kirjanpitoarvo,4900.00,ISO4217_EUR,2,MCY=x1764,https://avoindata.prh.fi/opendata-xbrl-api/v3/financial?businessId=3198654-6&financialDate=2022-08-31
29,3198654-6,Intelligent Solutions Finland Oy,2022-08-31,2023-05-12,instant,,2022-08-31,x1761,Pitkäaikaiset saamiset,mi53,Kirjanpitoarvo,4900.00,ISO4217_EUR,2,MCY=x1761,https://avoindata.prh.fi/opendata-xbrl-api/v3/financial?businessId=3198654-6&financialDate=2022-08-31
29,3198654-6,Intelligent Solutions Finland Oy,2022-08-31,2023-05-12,instant,,2022-08-31,x1769,Lyhytaikaiset myyntisaamiset,mi53,Kirjanpitoarvo,230227.58,ISO4217_EUR,2,MCY=x1769,https://avoindata.prh.fi/opendata-xbrl-api/v3/financial?businessId=3198654-6&financialDate=2022-08-31
29,3198654-6,Intelligent Solutions Finland Oy,2022-08-31,2023-05-12,instant,,2022-08-31,x1771,Lyhytaikaiset muut saamiset,mi53,Kirjanpitoarvo,15623.14,ISO4217_EUR,2,MCY=x1771,https://avoindata.prh.fi/opendata-xbrl-api/v3/financial?businessId=3198654-6&financialDate=2022-08-31
29,3198654-6,Intelligent Solutions Finland Oy,2022-08-31,2023-05-12,instant,,2022-08-31,x1775,Lyhytaikaiset siirtosaamiset,mi53,Kirjanpitoarvo,7433.77,ISO4217_EUR,2,MCY=x1775,https://avoindata.prh.fi/opendata-xbrl-api/v3/financial?businessId=3198654-6&financialDate=2022-08-31
29,3198654-6,Intelligent Solutions Finland Oy,2022-08-31,2023-05-12,instant,,2022-08-31,x1768,Lyhytaikaiset saamiset,mi53,Kirjanpitoarvo,253284.49,ISO4217_EUR,2,MCY=x1768,https://avoindata.prh.fi/opendata-xbrl-api/v3/financial?businessId=3198654-6&financialDate=2022-08-31
29,3198654-6,Intelligent Solutions Finland Oy,2022-08-31,2023-05-12,instant,,2022-08-31,x438,Saamiset,mi53,Kirjanpitoarvo,258184.49,ISO4217_EUR,2,MCY=x438,https://avoindata.prh.fi/opendata-xbrl-api/v3/financial?businessId=3198654-6&financialDate=2022-08-31
29,3198654-6,Intelligent Solutions Finland Oy,2022-08-31,2023-05-12,instant,,2022-08-31,x399,Rahat ja pankkisaamiset,mi53,Kirjanpitoarvo,66900.15,ISO4217_EUR,2,MCY=x399,https://avoindata.prh.fi/opendata-xbrl-api/v3/financial?businessId=3198654-6&financialDate=2022-08-31
29,3198654-6,Intelligent Solutions Finland Oy,2022-08-31,2023-05-12,instant,,2022-08-31,x435,Vaihtuvat vastaavat,mi53,Kirjanpitoarvo,325084.64,ISO4217_EUR,2,MCY=x435,https://avoindata.prh.fi/opendata-xbrl-api/v3/financial?businessId=3198654-6&financialDate=2022-08-31
29,3198654-6,Intelligent Solutions Finland Oy,2022-08-31,2023-05-12,instant,,2022-08-31,x360,Vastaavaa,mi53,Kirjanpitoarvo,327289.76,ISO4217_EUR,2,MCY=x360,https://avoindata.prh.fi/opendata-xbrl-api/v3/financial?businessId=3198654-6&financialDate=2022-08-31
29,3198654-6,Intelligent Solutions Finland Oy,2022-08-31,2023-05-12,instant,,2022-08-31,x2895,"Tilikauden voitto (tappio), oma pääoma",mi53,Kirjanpitoarvo,139751.98,ISO4217_EUR,2,MCY=x2895,https://avoindata.prh.fi/opendata-xbrl-api/v3/financial?businessId=3198654-6&financialDate=2022-08-31
29,3198654-6,Intelligent Solutions Finland Oy,2022-08-31,2023-05-12,instant,,2022-08-31,x376,Oma pääoma,mi53,Kirjanpitoarvo,139751.98,ISO4217_EUR,2,MCY=x376,https://avoindata.prh.fi/opendata-xbrl-api/v3/financial?businessId=3198654-6&financialDate=2022-08-31
29,3198654-6,Intelligent Solutions Finland Oy,2022-08-31,2023-05-12,instant,,2022-08-31,x1819,Lyhytaikaiset ostovelat,mi53,Kirjanpitoarvo,63837.89,ISO4217_EUR,2,MCY=x1819,https://avoindata.prh.fi/opendata-xbrl-api/v3/financial?businessId=3198654-6&financialDate=2022-08-31
29,3198654-6,Intelligent Solutions Finland Oy,2022-08-31,2023-05-12,instant,,2022-08-31,x1825,Lyhytaikaiset muut velat,mi53,Kirjanpitoarvo,123699.89,ISO4217_EUR,2,MCY=x1825,https://avoindata.prh.fi/opendata-xbrl-api/v3/financial?businessId=3198654-6&financialDate=2022-08-31
29,3198654-6,Intelligent Solutions Finland Oy,2022-08-31,2023-05-12,instant,,2022-08-31,x1811,Lyhytaikainen vieras pääoma,mi53,Kirjanpitoarvo,187537.78,ISO4217_EUR,2,MCY=x1811,https://avoindata.prh.fi/opendata-xbrl-api/v3/financial?businessId=3198654-6&financialDate=2022-08-31
29,3198654-6,Intelligent Solutions Finland Oy,2022-08-31,2023-05-12,instant,,2022-08-31,x424,Vieras pääoma,mi53,Kirjanpitoarvo,187537.78,ISO4217_EUR,2,MCY=x424,https://avoindata.prh.fi/opendata-xbrl-api/v3/financial?businessId=3198654-6&financialDate=2022-08-31
29,3198654-6,Intelligent Solutions Finland Oy,2022-08-31,2023-05-12,instant,,2022-08-31,x481,Vastattavaa,mi53,Kirjanpitoarvo,327289.76,ISO4217_EUR,2,MCY=x481,https://avoindata.prh.fi/opendata-xbrl-api/v3/financial?businessId=3198654-6&financialDate=2022-08-31
29,3198654-6,Intelligent Solutions Finland Oy,2022-08-31,2023-05-12,instant,,2022-08-31,x673,Liikevaihto,md103,Tilikauden rahallinen kertymä,1415512.33,ISO4217_EUR,2,MCY=x673,https://avoindata.prh.fi/opendata-xbrl-api/v3/financial?businessId=3198654-6&financialDate=2022-08-31
29,3198654-6,Intelligent Solutions Finland Oy,2022-08-31,2023-05-12,instant,,2022-08-31,x755,Ostot tilikauden aikana,md103,Tilikauden rahallinen kertymä,-55040.49,ISO4217_EUR,2,MCY=x755,https://avoindata.prh.fi/opendata-xbrl-api/v3/financial?businessId=3198654-6&financialDate=2022-08-31
29,3198654-6,Intelligent Solutions Finland Oy,2022-08-31,2023-05-12,instant,,2022-08-31,x10,Palvelujen ostot,md103,Tilikauden rahallinen kertymä,-736733.50,ISO4217_EUR,2,MCY=x10,https://avoindata.prh.fi/opendata-xbrl-api/v3/financial?businessId=3198654-6&financialDate=2022-08-31
29,3198654-6,Intelligent Solutions Finland Oy,2022-08-31,2023-05-12,instant,,2022-08-31,x758,Materiaalit ja palvelut,md103,Tilikauden rahallinen kertymä,-791773.99,ISO4217_EUR,2,MCY=x758,https://avoindata.prh.fi/opendata-xbrl-api/v3/financial?businessId=3198654-6&financialDate=2022-08-31
29,3198654-6,Intelligent Solutions Finland Oy,2022-08-31,2023-05-12,instant,,2022-08-31,x6,Palkat ja palkkiot,md103,Tilikauden rahallinen kertymä,-302500.00,ISO4217_EUR,2,MCY=x6,https://avoindata.prh.fi/opendata-xbrl-api/v3/financial?businessId=3198654-6&financialDate=2022-08-31
29,3198654-6,Intelligent Solutions Finland Oy,2022-08-31,2023-05-12,instant,,2022-08-31,x8,Eläkekulut,md103,Tilikauden rahallinen kertymä,-5807.23,ISO4217_EUR,2,MCY=x8,https://avoindata.prh.fi/opendata-xbrl-api/v3/financial?businessId=3198654-6&financialDate=2022-08-31
29,3198654-6,Intelligent Solutions Finland Oy,2022-08-31,2023-05-12,instant,,2022-08-31,x9,Muut henkilösivukulut,md103,Tilikauden rahallinen kertymä,-6776.03,ISO4217_EUR,2,MCY=x9,https://avoindata.prh.fi/opendata-xbrl-api/v3/financial?businessId=3198654-6&financialDate=2022-08-31
29,3198654-6,Intelligent Solutions Finland Oy,2022-08-31,2023-05-12,instant,,2022-08-31,x5,Henkilöstökulut,md103,Tilikauden rahallinen kertymä,-315083.26,ISO4217_EUR,2,MCY=x5,https://avoindata.prh.fi/opendata-xbrl-api/v3/financial?businessId=3198654-6&financialDate=2022-08-31
29,3198654-6,Intelligent Solutions Finland Oy,2022-08-31,2023-05-12,instant,,2022-08-31,x449,Suunnitelman mukaiset poistot,md103,Tilikauden rahallinen kertymä,-735.04,ISO4217_EUR,2,MCY=x449,https://avoindata.prh.fi/opendata-xbrl-api/v3/financial?businessId=3198654-6&financialDate=2022-08-31
29,3198654-6,Intelligent Solutions Finland Oy,2022-08-31,2023-05-12,instant,,2022-08-31,x448,Poistot ja arvonalentumiset,md103,Tilikauden rahallinen kertymä,-735.04,ISO4217_EUR,2,MCY=x448,https://avoindata.prh.fi/opendata-xbrl-api/v3/financial?businessId=3198654-6&financialDate=2022-08-31
29,3198654-6,Intelligent Solutions Finland Oy,2022-08-31,2023-05-12,instant,,2022-08-31,x1869,Liiketoiminnan muut kulut,md103,Tilikauden rahallinen kertymä,-121784.61,ISO4217_EUR,2,MCY=x1869,https://avoindata.prh.fi/opendata-xbrl-api/v3/financial?businessId=3198654-6&financialDate=2022-08-31
29,3198654-6,Intelligent Solutions Finland Oy,2022-08-31,2023-05-12,instant,,2022-08-31,x689,Liikevoitto (-tappio),md103,Tilikauden rahallinen kertymä,186135.43,ISO4217_EUR,2,MCY=x689,https://avoindata.prh.fi/opendata-xbrl-api/v3/financial?businessId=3198654-6&financialDate=2022-08-31
29,3198654-6,Intelligent Solutions Finland Oy,2022-08-31,2023-05-12,instant,,2022-08-31,x4014,Muut korko- ja rahoitustuotot muilta kuin saman konsernin yrityksiltä,md103,Tilikauden rahallinen kertymä,6.00,ISO4217_EUR,2,MCY=x4014,https://avoindata.prh.fi/opendata-xbrl-api/v3/financial?businessId=3198654-6&financialDate=2022-08-31
29,3198654-6,Intelligent Solutions Finland Oy,2022-08-31,2023-05-12,instant,,2022-08-31,x4046,Korkokulut- ja muut rahoituskulut muille kuin saman konsernin yrityksille,md103,Tilikauden rahallinen kertymä,-89.12,ISO4217_EUR,2,MCY=x4046,https://avoindata.prh.fi/opendata-xbrl-api/v3/financial?businessId=3198654-6&financialDate=2022-08-31
29,3198654-6,Intelligent Solutions Finland Oy,2022-08-31,2023-05-12,instant,,2022-08-31,x12,Rahoitustuotot ja -kulut + (-),md103,Tilikauden rahallinen kertymä,-83.12,ISO4217_EUR,2,MCY=x12,https://avoindata.prh.fi/opendata-xbrl-api/v3/financial?businessId=3198654-6&financialDate=2022-08-31
29,3198654-6,Intelligent Solutions Finland Oy,2022-08-31,2023-05-12,instant,,2022-08-31,x738,Voitto (tappio) ennen tilinpäätössiirtoja ja veroja,md103,Tilikauden rahallinen kertymä,186052.31,ISO4217_EUR,2,MCY=x738,https://avoindata.prh.fi/opendata-xbrl-api/v3/financial?businessId=3198654-6&financialDate=2022-08-31
29,3198654-6,Intelligent Solutions Finland Oy,2022-08-31,2023-05-12,instant,,2022-08-31,x541,Tuloverot,md103,Tilikauden rahallinen kertymä,-46300.33,ISO4217_EUR,2,MCY=x541,https://avoindata.prh.fi/opendata-xbrl-api/v3/financial?businessId=3198654-6&financialDate=2022-08-31
29,3198654-6,Intelligent Solutions Finland Oy,2022-08-31,2023-05-12,instant,,2022-08-31,x740,Tilikauden voitto (tappio),md103,Tilikauden rahallinen kertymä,139751.98,ISO4217_EUR,2,MCY=x740,https://avoindata.prh.fi/opendata-xbrl-api/v3/financial?businessId=3198654-6&financialDate=2022-08-31
30,3199106-2,Kajaanin kuntouttava kotihoito Oy,2025-12-31,2026-06-16,instant,,2025-12-31,x1036,Koneet ja kalusto,mi53,Kirjanpitoarvo,1866.79,ISO4217_EUR,2,MCY=x1036,https://avoindata.prh.fi/opendata-xbrl-api/v3/financial?businessId=3199106-2&financialDate=2025-12-31
30,3199106-2,Kajaanin kuntouttava kotihoito Oy,2025-12-31,2026-06-16,instant,,2024-12-31,x1036,Koneet ja kalusto,mi53,Kirjanpitoarvo,2489.06,ISO4217_EUR,2,MCY=x1036;REF=x4,https://avoindata.prh.fi/opendata-xbrl-api/v3/financial?businessId=3199106-2&financialDate=2025-12-31
30,3199106-2,Kajaanin kuntouttava kotihoito Oy,2025-12-31,2026-06-16,instant,,2025-12-31,x816,Aineelliset hyödykkeet,mi53,Kirjanpitoarvo,1866.79,ISO4217_EUR,2,MCY=x816,https://avoindata.prh.fi/opendata-xbrl-api/v3/financial?businessId=3199106-2&financialDate=2025-12-31
30,3199106-2,Kajaanin kuntouttava kotihoito Oy,2025-12-31,2026-06-16,instant,,2024-12-31,x816,Aineelliset hyödykkeet,mi53,Kirjanpitoarvo,2489.06,ISO4217_EUR,2,MCY=x816;REF=x4,https://avoindata.prh.fi/opendata-xbrl-api/v3/financial?businessId=3199106-2&financialDate=2025-12-31
30,3199106-2,Kajaanin kuntouttava kotihoito Oy,2025-12-31,2026-06-16,instant,,2025-12-31,x513,Pysyvät vastaavat,mi53,Kirjanpitoarvo,1866.79,ISO4217_EUR,2,MCY=x513,https://avoindata.prh.fi/opendata-xbrl-api/v3/financial?businessId=3199106-2&financialDate=2025-12-31
30,3199106-2,Kajaanin kuntouttava kotihoito Oy,2025-12-31,2026-06-16,instant,,2024-12-31,x513,Pysyvät vastaavat,mi53,Kirjanpitoarvo,2489.06,ISO4217_EUR,2,MCY=x513;REF=x4,https://avoindata.prh.fi/opendata-xbrl-api/v3/financial?businessId=3199106-2&financialDate=2025-12-31
30,3199106-2,Kajaanin kuntouttava kotihoito Oy,2025-12-31,2026-06-16,instant,,2025-12-31,x1764,Pitkäaikaiset muut saamiset,mi53,Kirjanpitoarvo,397.00,ISO4217_EUR,2,MCY=x1764,https://avoindata.prh.fi/opendata-xbrl-api/v3/financial?businessId=3199106-2&financialDate=2025-12-31
30,3199106-2,Kajaanin kuntouttava kotihoito Oy,2025-12-31,2026-06-16,instant,,2024-12-31,x1764,Pitkäaikaiset muut saamiset,mi53,Kirjanpitoarvo,397.00,ISO4217_EUR,2,MCY=x1764;REF=x4,https://avoindata.prh.fi/opendata-xbrl-api/v3/financial?businessId=3199106-2&financialDate=2025-12-31
30,3199106-2,Kajaanin kuntouttava kotihoito Oy,2025-12-31,2026-06-16,instant,,2025-12-31,x1761,Pitkäaikaiset saamiset,mi53,Kirjanpitoarvo,397.00,ISO4217_EUR,2,MCY=x1761,https://avoindata.prh.fi/opendata-xbrl-api/v3/financial?businessId=3199106-2&financialDate=2025-12-31
30,3199106-2,Kajaanin kuntouttava kotihoito Oy,2025-12-31,2026-06-16,instant,,2024-12-31,x1761,Pitkäaikaiset saamiset,mi53,Kirjanpitoarvo,397.00,ISO4217_EUR,2,MCY=x1761;REF=x4,https://avoindata.prh.fi/opendata-xbrl-api/v3/financial?businessId=3199106-2&financialDate=2025-12-31
30,3199106-2,Kajaanin kuntouttava kotihoito Oy,2025-12-31,2026-06-16,instant,,2025-12-31,x1769,Lyhytaikaiset myyntisaamiset,mi53,Kirjanpitoarvo,14600.11,ISO4217_EUR,2,MCY=x1769,https://avoindata.prh.fi/opendata-xbrl-api/v3/financial?businessId=3199106-2&financialDate=2025-12-31
30,3199106-2,Kajaanin kuntouttava kotihoito Oy,2025-12-31,2026-06-16,instant,,2024-12-31,x1769,Lyhytaikaiset myyntisaamiset,mi53,Kirjanpitoarvo,9268.87,ISO4217_EUR,2,MCY=x1769;REF=x4,https://avoindata.prh.fi/opendata-xbrl-api/v3/financial?businessId=3199106-2&financialDate=2025-12-31
30,3199106-2,Kajaanin kuntouttava kotihoito Oy,2025-12-31,2026-06-16,instant,,2025-12-31,x1771,Lyhytaikaiset muut saamiset,mi53,Kirjanpitoarvo,0.00,ISO4217_EUR,2,MCY=x1771,https://avoindata.prh.fi/opendata-xbrl-api/v3/financial?businessId=3199106-2&financialDate=2025-12-31
30,3199106-2,Kajaanin kuntouttava kotihoito Oy,2025-12-31,2026-06-16,instant,,2024-12-31,x1771,Lyhytaikaiset muut saamiset,mi53,Kirjanpitoarvo,1442.24,ISO4217_EUR,2,MCY=x1771;REF=x4,https://avoindata.prh.fi/opendata-xbrl-api/v3/financial?businessId=3199106-2&financialDate=2025-12-31
30,3199106-2,Kajaanin kuntouttava kotihoito Oy,2025-12-31,2026-06-16,instant,,2025-12-31,x1775,Lyhytaikaiset siirtosaamiset,mi53,Kirjanpitoarvo,0.00,ISO4217_EUR,2,MCY=x1775,https://avoindata.prh.fi/opendata-xbrl-api/v3/financial?businessId=3199106-2&financialDate=2025-12-31
30,3199106-2,Kajaanin kuntouttava kotihoito Oy,2025-12-31,2026-06-16,instant,,2024-12-31,x1775,Lyhytaikaiset siirtosaamiset,mi53,Kirjanpitoarvo,4900.80,ISO4217_EUR,2,MCY=x1775;REF=x4,https://avoindata.prh.fi/opendata-xbrl-api/v3/financial?businessId=3199106-2&financialDate=2025-12-31
30,3199106-2,Kajaanin kuntouttava kotihoito Oy,2025-12-31,2026-06-16,instant,,2025-12-31,x1768,Lyhytaikaiset saamiset,mi53,Kirjanpitoarvo,14600.11,ISO4217_EUR,2,MCY=x1768,https://avoindata.prh.fi/opendata-xbrl-api/v3/financial?businessId=3199106-2&financialDate=2025-12-31
30,3199106-2,Kajaanin kuntouttava kotihoito Oy,2025-12-31,2026-06-16,instant,,2024-12-31,x1768,Lyhytaikaiset saamiset,mi53,Kirjanpitoarvo,15611.91,ISO4217_EUR,2,MCY=x1768;REF=x4,https://avoindata.prh.fi/opendata-xbrl-api/v3/financial?businessId=3199106-2&financialDate=2025-12-31
30,3199106-2,Kajaanin kuntouttava kotihoito Oy,2025-12-31,2026-06-16,instant,,2025-12-31,x438,Saamiset,mi53,Kirjanpitoarvo,14997.11,ISO4217_EUR,2,MCY=x438,https://avoindata.prh.fi/opendata-xbrl-api/v3/financial?businessId=3199106-2&financialDate=2025-12-31
30,3199106-2,Kajaanin kuntouttava kotihoito Oy,2025-12-31,2026-06-16,instant,,2024-12-31,x438,Saamiset,mi53,Kirjanpitoarvo,16008.91,ISO4217_EUR,2,MCY=x438;REF=x4,https://avoindata.prh.fi/opendata-xbrl-api/v3/financial?businessId=3199106-2&financialDate=2025-12-31
30,3199106-2,Kajaanin kuntouttava kotihoito Oy,2025-12-31,2026-06-16,instant,,2025-12-31,x399,Rahat ja pankkisaamiset,mi53,Kirjanpitoarvo,65289.33,ISO4217_EUR,2,MCY=x399,https://avoindata.prh.fi/opendata-xbrl-api/v3/financial?businessId=3199106-2&financialDate=2025-12-31
30,3199106-2,Kajaanin kuntouttava kotihoito Oy,2025-12-31,2026-06-16,instant,,2024-12-31,x399,Rahat ja pankkisaamiset,mi53,Kirjanpitoarvo,51302.87,ISO4217_EUR,2,MCY=x399;REF=x4,https://avoindata.prh.fi/opendata-xbrl-api/v3/financial?businessId=3199106-2&financialDate=2025-12-31
30,3199106-2,Kajaanin kuntouttava kotihoito Oy,2025-12-31,2026-06-16,instant,,2025-12-31,x435,Vaihtuvat vastaavat,mi53,Kirjanpitoarvo,80286.44,ISO4217_EUR,2,MCY=x435,https://avoindata.prh.fi/opendata-xbrl-api/v3/financial?businessId=3199106-2&financialDate=2025-12-31
30,3199106-2,Kajaanin kuntouttava kotihoito Oy,2025-12-31,2026-06-16,instant,,2024-12-31,x435,Vaihtuvat vastaavat,mi53,Kirjanpitoarvo,67311.78,ISO4217_EUR,2,MCY=x435;REF=x4,https://avoindata.prh.fi/opendata-xbrl-api/v3/financial?businessId=3199106-2&financialDate=2025-12-31
30,3199106-2,Kajaanin kuntouttava kotihoito Oy,2025-12-31,2026-06-16,instant,,2025-12-31,x360,Vastaavaa,mi53,Kirjanpitoarvo,82153.23,ISO4217_EUR,2,MCY=x360,https://avoindata.prh.fi/opendata-xbrl-api/v3/financial?businessId=3199106-2&financialDate=2025-12-31
30,3199106-2,Kajaanin kuntouttava kotihoito Oy,2025-12-31,2026-06-16,instant,,2024-12-31,x360,Vastaavaa,mi53,Kirjanpitoarvo,69800.84,ISO4217_EUR,2,MCY=x360;REF=x4,https://avoindata.prh.fi/opendata-xbrl-api/v3/financial?businessId=3199106-2&financialDate=2025-12-31
30,3199106-2,Kajaanin kuntouttava kotihoito Oy,2025-12-31,2026-06-16,instant,,2025-12-31,x4116,"Osake-, osuus- tai muu vastaava pääoma",mi53,Kirjanpitoarvo,5000.00,ISO4217_EUR,2,MCY=x4116,https://avoindata.prh.fi/opendata-xbrl-api/v3/financial?businessId=3199106-2&financialDate=2025-12-31
30,3199106-2,Kajaanin kuntouttava kotihoito Oy,2025-12-31,2026-06-16,instant,,2024-12-31,x4116,"Osake-, osuus- tai muu vastaava pääoma",mi53,Kirjanpitoarvo,5000.00,ISO4217_EUR,2,MCY=x4116;REF=x4,https://avoindata.prh.fi/opendata-xbrl-api/v3/financial?businessId=3199106-2&financialDate=2025-12-31
30,3199106-2,Kajaanin kuntouttava kotihoito Oy,2025-12-31,2026-06-16,instant,,2025-12-31,x932,Edellisten tilikausien voitto (tappio),mi53,Kirjanpitoarvo,20118.21,ISO4217_EUR,2,MCY=x932,https://avoindata.prh.fi/opendata-xbrl-api/v3/financial?businessId=3199106-2&financialDate=2025-12-31
30,3199106-2,Kajaanin kuntouttava kotihoito Oy,2025-12-31,2026-06-16,instant,,2024-12-31,x932,Edellisten tilikausien voitto (tappio),mi53,Kirjanpitoarvo,18376.28,ISO4217_EUR,2,MCY=x932;REF=x4,https://avoindata.prh.fi/opendata-xbrl-api/v3/financial?businessId=3199106-2&financialDate=2025-12-31
30,3199106-2,Kajaanin kuntouttava kotihoito Oy,2025-12-31,2026-06-16,instant,,2025-12-31,x2895,"Tilikauden voitto (tappio), oma pääoma",mi53,Kirjanpitoarvo,4499.69,ISO4217_EUR,2,MCY=x2895,https://avoindata.prh.fi/opendata-xbrl-api/v3/financial?businessId=3199106-2&financialDate=2025-12-31
30,3199106-2,Kajaanin kuntouttava kotihoito Oy,2025-12-31,2026-06-16,instant,,2024-12-31,x2895,"Tilikauden voitto (tappio), oma pääoma",mi53,Kirjanpitoarvo,1741.93,ISO4217_EUR,2,MCY=x2895;REF=x4,https://avoindata.prh.fi/opendata-xbrl-api/v3/financial?businessId=3199106-2&financialDate=2025-12-31
30,3199106-2,Kajaanin kuntouttava kotihoito Oy,2025-12-31,2026-06-16,instant,,2025-12-31,x376,Oma pääoma,mi53,Kirjanpitoarvo,29617.90,ISO4217_EUR,2,MCY=x376,https://avoindata.prh.fi/opendata-xbrl-api/v3/financial?businessId=3199106-2&financialDate=2025-12-31
30,3199106-2,Kajaanin kuntouttava kotihoito Oy,2025-12-31,2026-06-16,instant,,2024-12-31,x376,Oma pääoma,mi53,Kirjanpitoarvo,25118.21,ISO4217_EUR,2,MCY=x376;REF=x4,https://avoindata.prh.fi/opendata-xbrl-api/v3/financial?businessId=3199106-2&financialDate=2025-12-31
30,3199106-2,Kajaanin kuntouttava kotihoito Oy,2025-12-31,2026-06-16,instant,,2025-12-31,x3023,Lyhytaikaiset lainat rahoituslaitoksilta,mi53,Kirjanpitoarvo,0.00,ISO4217_EUR,2,MCY=x3023,https://avoindata.prh.fi/opendata-xbrl-api/v3/financial?businessId=3199106-2&financialDate=2025-12-31
30,3199106-2,Kajaanin kuntouttava kotihoito Oy,2025-12-31,2026-06-16,instant,,2024-12-31,x3023,Lyhytaikaiset lainat rahoituslaitoksilta,mi53,Kirjanpitoarvo,3503.82,ISO4217_EUR,2,MCY=x3023;REF=x4,https://avoindata.prh.fi/opendata-xbrl-api/v3/financial?businessId=3199106-2&financialDate=2025-12-31
30,3199106-2,Kajaanin kuntouttava kotihoito Oy,2025-12-31,2026-06-16,instant,,2025-12-31,x1819,Lyhytaikaiset ostovelat,mi53,Kirjanpitoarvo,191.09,ISO4217_EUR,2,MCY=x1819,https://avoindata.prh.fi/opendata-xbrl-api/v3/financial?businessId=3199106-2&financialDate=2025-12-31
30,3199106-2,Kajaanin kuntouttava kotihoito Oy,2025-12-31,2026-06-16,instant,,2024-12-31,x1819,Lyhytaikaiset ostovelat,mi53,Kirjanpitoarvo,286.71,ISO4217_EUR,2,MCY=x1819;REF=x4,https://avoindata.prh.fi/opendata-xbrl-api/v3/financial?businessId=3199106-2&financialDate=2025-12-31
30,3199106-2,Kajaanin kuntouttava kotihoito Oy,2025-12-31,2026-06-16,instant,,2025-12-31,x1825,Lyhytaikaiset muut velat,mi53,Kirjanpitoarvo,6138.20,ISO4217_EUR,2,MCY=x1825,https://avoindata.prh.fi/opendata-xbrl-api/v3/financial?businessId=3199106-2&financialDate=2025-12-31
30,3199106-2,Kajaanin kuntouttava kotihoito Oy,2025-12-31,2026-06-16,instant,,2024-12-31,x1825,Lyhytaikaiset muut velat,mi53,Kirjanpitoarvo,5393.01,ISO4217_EUR,2,MCY=x1825;REF=x4,https://avoindata.prh.fi/opendata-xbrl-api/v3/financial?businessId=3199106-2&financialDate=2025-12-31
30,3199106-2,Kajaanin kuntouttava kotihoito Oy,2025-12-31,2026-06-16,instant,,2025-12-31,x1826,Lyhytaikaiset siirtovelat,mi53,Kirjanpitoarvo,46206.04,ISO4217_EUR,2,MCY=x1826,https://avoindata.prh.fi/opendata-xbrl-api/v3/financial?businessId=3199106-2&financialDate=2025-12-31
30,3199106-2,Kajaanin kuntouttava kotihoito Oy,2025-12-31,2026-06-16,instant,,2024-12-31,x1826,Lyhytaikaiset siirtovelat,mi53,Kirjanpitoarvo,35499.09,ISO4217_EUR,2,MCY=x1826;REF=x4,https://avoindata.prh.fi/opendata-xbrl-api/v3/financial?businessId=3199106-2&financialDate=2025-12-31
30,3199106-2,Kajaanin kuntouttava kotihoito Oy,2025-12-31,2026-06-16,instant,,2025-12-31,x1811,Lyhytaikainen vieras pääoma,mi53,Kirjanpitoarvo,52535.33,ISO4217_EUR,2,MCY=x1811,https://avoindata.prh.fi/opendata-xbrl-api/v3/financial?businessId=3199106-2&financialDate=2025-12-31
30,3199106-2,Kajaanin kuntouttava kotihoito Oy,2025-12-31,2026-06-16,instant,,2024-12-31,x1811,Lyhytaikainen vieras pääoma,mi53,Kirjanpitoarvo,44682.63,ISO4217_EUR,2,MCY=x1811;REF=x4,https://avoindata.prh.fi/opendata-xbrl-api/v3/financial?businessId=3199106-2&financialDate=2025-12-31
30,3199106-2,Kajaanin kuntouttava kotihoito Oy,2025-12-31,2026-06-16,instant,,2025-12-31,x424,Vieras pääoma,mi53,Kirjanpitoarvo,52535.33,ISO4217_EUR,2,MCY=x424,https://avoindata.prh.fi/opendata-xbrl-api/v3/financial?businessId=3199106-2&financialDate=2025-12-31
30,3199106-2,Kajaanin kuntouttava kotihoito Oy,2025-12-31,2026-06-16,instant,,2024-12-31,x424,Vieras pääoma,mi53,Kirjanpitoarvo,44682.63,ISO4217_EUR,2,MCY=x424;REF=x4,https://avoindata.prh.fi/opendata-xbrl-api/v3/financial?businessId=3199106-2&financialDate=2025-12-31
30,3199106-2,Kajaanin kuntouttava kotihoito Oy,2025-12-31,2026-06-16,instant,,2025-12-31,x481,Vastattavaa,mi53,Kirjanpitoarvo,82153.23,ISO4217_EUR,2,MCY=x481,https://avoindata.prh.fi/opendata-xbrl-api/v3/financial?businessId=3199106-2&financialDate=2025-12-31
30,3199106-2,Kajaanin kuntouttava kotihoito Oy,2025-12-31,2026-06-16,instant,,2024-12-31,x481,Vastattavaa,mi53,Kirjanpitoarvo,69800.84,ISO4217_EUR,2,MCY=x481;REF=x4,https://avoindata.prh.fi/opendata-xbrl-api/v3/financial?businessId=3199106-2&financialDate=2025-12-31
30,3199106-2,Kajaanin kuntouttava kotihoito Oy,2025-12-31,2026-06-16,instant,,2025-12-31,x673,Liikevaihto,md103,Tilikauden rahallinen kertymä,320228.07,ISO4217_EUR,2,MCY=x673,https://avoindata.prh.fi/opendata-xbrl-api/v3/financial?businessId=3199106-2&financialDate=2025-12-31
30,3199106-2,Kajaanin kuntouttava kotihoito Oy,2025-12-31,2026-06-16,instant,,2024-12-31,x673,Liikevaihto,md103,Tilikauden rahallinen kertymä,309230.30,ISO4217_EUR,2,MCY=x673;REF=x53,https://avoindata.prh.fi/opendata-xbrl-api/v3/financial?businessId=3199106-2&financialDate=2025-12-31
30,3199106-2,Kajaanin kuntouttava kotihoito Oy,2025-12-31,2026-06-16,instant,,2025-12-31,x49,Liiketoiminnan muut tuotot,md103,Tilikauden rahallinen kertymä,285.00,ISO4217_EUR,2,MCY=x49,https://avoindata.prh.fi/opendata-xbrl-api/v3/financial?businessId=3199106-2&financialDate=2025-12-31
30,3199106-2,Kajaanin kuntouttava kotihoito Oy,2025-12-31,2026-06-16,instant,,2024-12-31,x49,Liiketoiminnan muut tuotot,md103,Tilikauden rahallinen kertymä,480.00,ISO4217_EUR,2,MCY=x49;REF=x53,https://avoindata.prh.fi/opendata-xbrl-api/v3/financial?businessId=3199106-2&financialDate=2025-12-31
30,3199106-2,Kajaanin kuntouttava kotihoito Oy,2025-12-31,2026-06-16,instant,,2025-12-31,x755,Ostot tilikauden aikana,md103,Tilikauden rahallinen kertymä,1077.22,ISO4217_EUR,2,MCY=x755,https://avoindata.prh.fi/opendata-xbrl-api/v3/financial?businessId=3199106-2&financialDate=2025-12-31
30,3199106-2,Kajaanin kuntouttava kotihoito Oy,2025-12-31,2026-06-16,instant,,2024-12-31,x755,Ostot tilikauden aikana,md103,Tilikauden rahallinen kertymä,1074.73,ISO4217_EUR,2,MCY=x755;REF=x53,https://avoindata.prh.fi/opendata-xbrl-api/v3/financial?businessId=3199106-2&financialDate=2025-12-31
30,3199106-2,Kajaanin kuntouttava kotihoito Oy,2025-12-31,2026-06-16,instant,,2025-12-31,x10,Palvelujen ostot,md103,Tilikauden rahallinen kertymä,962.88,ISO4217_EUR,2,MCY=x10,https://avoindata.prh.fi/opendata-xbrl-api/v3/financial?businessId=3199106-2&financialDate=2025-12-31
30,3199106-2,Kajaanin kuntouttava kotihoito Oy,2025-12-31,2026-06-16,instant,,2024-12-31,x10,Palvelujen ostot,md103,Tilikauden rahallinen kertymä,0.00,ISO4217_EUR,2,MCY=x10;REF=x53,https://avoindata.prh.fi/opendata-xbrl-api/v3/financial?businessId=3199106-2&financialDate=2025-12-31
30,3199106-2,Kajaanin kuntouttava kotihoito Oy,2025-12-31,2026-06-16,instant,,2025-12-31,x758,Materiaalit ja palvelut,md103,Tilikauden rahallinen kertymä,2040.10,ISO4217_EUR,2,MCY=x758,https://avoindata.prh.fi/opendata-xbrl-api/v3/financial?businessId=3199106-2&financialDate=2025-12-31
30,3199106-2,Kajaanin kuntouttava kotihoito Oy,2025-12-31,2026-06-16,instant,,2024-12-31,x758,Materiaalit ja palvelut,md103,Tilikauden rahallinen kertymä,1074.73,ISO4217_EUR,2,MCY=x758;REF=x53,https://avoindata.prh.fi/opendata-xbrl-api/v3/financial?businessId=3199106-2&financialDate=2025-12-31
30,3199106-2,Kajaanin kuntouttava kotihoito Oy,2025-12-31,2026-06-16,instant,,2025-12-31,x6,Palkat ja palkkiot,md103,Tilikauden rahallinen kertymä,214481.75,ISO4217_EUR,2,MCY=x6,https://avoindata.prh.fi/opendata-xbrl-api/v3/financial?businessId=3199106-2&financialDate=2025-12-31
30,3199106-2,Kajaanin kuntouttava kotihoito Oy,2025-12-31,2026-06-16,instant,,2024-12-31,x6,Palkat ja palkkiot,md103,Tilikauden rahallinen kertymä,208685.03,ISO4217_EUR,2,MCY=x6;REF=x53,https://avoindata.prh.fi/opendata-xbrl-api/v3/financial?businessId=3199106-2&financialDate=2025-12-31
30,3199106-2,Kajaanin kuntouttava kotihoito Oy,2025-12-31,2026-06-16,instant,,2025-12-31,x8,Eläkekulut,md103,Tilikauden rahallinen kertymä,36049.15,ISO4217_EUR,2,MCY=x8,https://avoindata.prh.fi/opendata-xbrl-api/v3/financial?businessId=3199106-2&financialDate=2025-12-31
30,3199106-2,Kajaanin kuntouttava kotihoito Oy,2025-12-31,2026-06-16,instant,,2024-12-31,x8,Eläkekulut,md103,Tilikauden rahallinen kertymä,34788.90,ISO4217_EUR,2,MCY=x8;REF=x53,https://avoindata.prh.fi/opendata-xbrl-api/v3/financial?businessId=3199106-2&financialDate=2025-12-31
30,3199106-2,Kajaanin kuntouttava kotihoito Oy,2025-12-31,2026-06-16,instant,,2025-12-31,x9,Muut henkilösivukulut,md103,Tilikauden rahallinen kertymä,7648.31,ISO4217_EUR,2,MCY=x9,https://avoindata.prh.fi/opendata-xbrl-api/v3/financial?businessId=3199106-2&financialDate=2025-12-31
30,3199106-2,Kajaanin kuntouttava kotihoito Oy,2025-12-31,2026-06-16,instant,,2024-12-31,x9,Muut henkilösivukulut,md103,Tilikauden rahallinen kertymä,8769.88,ISO4217_EUR,2,MCY=x9;REF=x53,https://avoindata.prh.fi/opendata-xbrl-api/v3/financial?businessId=3199106-2&financialDate=2025-12-31
30,3199106-2,Kajaanin kuntouttava kotihoito Oy,2025-12-31,2026-06-16,instant,,2025-12-31,x5,Henkilöstökulut,md103,Tilikauden rahallinen kertymä,258179.21,ISO4217_EUR,2,MCY=x5,https://avoindata.prh.fi/opendata-xbrl-api/v3/financial?businessId=3199106-2&financialDate=2025-12-31
30,3199106-2,Kajaanin kuntouttava kotihoito Oy,2025-12-31,2026-06-16,instant,,2024-12-31,x5,Henkilöstökulut,md103,Tilikauden rahallinen kertymä,252243.81,ISO4217_EUR,2,MCY=x5;REF=x53,https://avoindata.prh.fi/opendata-xbrl-api/v3/financial?businessId=3199106-2&financialDate=2025-12-31
30,3199106-2,Kajaanin kuntouttava kotihoito Oy,2025-12-31,2026-06-16,instant,,2025-12-31,x449,Suunnitelman mukaiset poistot,md103,Tilikauden rahallinen kertymä,622.27,ISO4217_EUR,2,MCY=x449,https://avoindata.prh.fi/opendata-xbrl-api/v3/financial?businessId=3199106-2&financialDate=2025-12-31
30,3199106-2,Kajaanin kuntouttava kotihoito Oy,2025-12-31,2026-06-16,instant,,2024-12-31,x449,Suunnitelman mukaiset poistot,md103,Tilikauden rahallinen kertymä,829.69,ISO4217_EUR,2,MCY=x449;REF=x53,https://avoindata.prh.fi/opendata-xbrl-api/v3/financial?businessId=3199106-2&financialDate=2025-12-31
30,3199106-2,Kajaanin kuntouttava kotihoito Oy,2025-12-31,2026-06-16,instant,,2025-12-31,x448,Poistot ja arvonalentumiset,md103,Tilikauden rahallinen kertymä,622.27,ISO4217_EUR,2,MCY=x448,https://avoindata.prh.fi/opendata-xbrl-api/v3/financial?businessId=3199106-2&financialDate=2025-12-31
30,3199106-2,Kajaanin kuntouttava kotihoito Oy,2025-12-31,2026-06-16,instant,,2024-12-31,x448,Poistot ja arvonalentumiset,md103,Tilikauden rahallinen kertymä,829.69,ISO4217_EUR,2,MCY=x448;REF=x53,https://avoindata.prh.fi/opendata-xbrl-api/v3/financial?businessId=3199106-2&financialDate=2025-12-31
30,3199106-2,Kajaanin kuntouttava kotihoito Oy,2025-12-31,2026-06-16,instant,,2025-12-31,x1869,Liiketoiminnan muut kulut,md103,Tilikauden rahallinen kertymä,54059.19,ISO4217_EUR,2,MCY=x1869,https://avoindata.prh.fi/opendata-xbrl-api/v3/financial?businessId=3199106-2&financialDate=2025-12-31
30,3199106-2,Kajaanin kuntouttava kotihoito Oy,2025-12-31,2026-06-16,instant,,2024-12-31,x1869,Liiketoiminnan muut kulut,md103,Tilikauden rahallinen kertymä,53142.38,ISO4217_EUR,2,MCY=x1869;REF=x53,https://avoindata.prh.fi/opendata-xbrl-api/v3/financial?businessId=3199106-2&financialDate=2025-12-31
30,3199106-2,Kajaanin kuntouttava kotihoito Oy,2025-12-31,2026-06-16,instant,,2025-12-31,x689,Liikevoitto (-tappio),md103,Tilikauden rahallinen kertymä,5612.30,ISO4217_EUR,2,MCY=x689,https://avoindata.prh.fi/opendata-xbrl-api/v3/financial?businessId=3199106-2&financialDate=2025-12-31
30,3199106-2,Kajaanin kuntouttava kotihoito Oy,2025-12-31,2026-06-16,instant,,2024-12-31,x689,Liikevoitto (-tappio),md103,Tilikauden rahallinen kertymä,2419.69,ISO4217_EUR,2,MCY=x689;REF=x53,https://avoindata.prh.fi/opendata-xbrl-api/v3/financial?businessId=3199106-2&financialDate=2025-12-31
30,3199106-2,Kajaanin kuntouttava kotihoito Oy,2025-12-31,2026-06-16,instant,,2025-12-31,x4014,Muut korko- ja rahoitustuotot muilta kuin saman konsernin yrityksiltä,md103,Tilikauden rahallinen kertymä,64.20,ISO4217_EUR,2,MCY=x4014,https://avoindata.prh.fi/opendata-xbrl-api/v3/financial?businessId=3199106-2&financialDate=2025-12-31
30,3199106-2,Kajaanin kuntouttava kotihoito Oy,2025-12-31,2026-06-16,instant,,2024-12-31,x4014,Muut korko- ja rahoitustuotot muilta kuin saman konsernin yrityksiltä,md103,Tilikauden rahallinen kertymä,22.40,ISO4217_EUR,2,MCY=x4014;REF=x53,https://avoindata.prh.fi/opendata-xbrl-api/v3/financial?businessId=3199106-2&financialDate=2025-12-31
30,3199106-2,Kajaanin kuntouttava kotihoito Oy,2025-12-31,2026-06-16,instant,,2025-12-31,x4046,Korkokulut- ja muut rahoituskulut muille kuin saman konsernin yrityksille,md103,Tilikauden rahallinen kertymä,317.51,ISO4217_EUR,2,MCY=x4046,https://avoindata.prh.fi/opendata-xbrl-api/v3/financial?businessId=3199106-2&financialDate=2025-12-31
30,3199106-2,Kajaanin kuntouttava kotihoito Oy,2025-12-31,2026-06-16,instant,,2024-12-31,x4046,Korkokulut- ja muut rahoituskulut muille kuin saman konsernin yrityksille,md103,Tilikauden rahallinen kertymä,700.16,ISO4217_EUR,2,MCY=x4046;REF=x53,https://avoindata.prh.fi/opendata-xbrl-api/v3/financial?businessId=3199106-2&financialDate=2025-12-31
30,3199106-2,Kajaanin kuntouttava kotihoito Oy,2025-12-31,2026-06-16,instant,,2025-12-31,x12,Rahoitustuotot ja -kulut + (-),md103,Tilikauden rahallinen kertymä,253.31,ISO4217_EUR,2,MCY=x12,https://avoindata.prh.fi/opendata-xbrl-api/v3/financial?businessId=3199106-2&financialDate=2025-12-31
30,3199106-2,Kajaanin kuntouttava kotihoito Oy,2025-12-31,2026-06-16,instant,,2024-12-31,x12,Rahoitustuotot ja -kulut + (-),md103,Tilikauden rahallinen kertymä,677.76,ISO4217_EUR,2,MCY=x12;REF=x53,https://avoindata.prh.fi/opendata-xbrl-api/v3/financial?businessId=3199106-2&financialDate=2025-12-31
30,3199106-2,Kajaanin kuntouttava kotihoito Oy,2025-12-31,2026-06-16,instant,,2025-12-31,x738,Voitto (tappio) ennen tilinpäätössiirtoja ja veroja,md103,Tilikauden rahallinen kertymä,5358.99,ISO4217_EUR,2,MCY=x738,https://avoindata.prh.fi/opendata-xbrl-api/v3/financial?businessId=3199106-2&financialDate=2025-12-31
30,3199106-2,Kajaanin kuntouttava kotihoito Oy,2025-12-31,2026-06-16,instant,,2024-12-31,x738,Voitto (tappio) ennen tilinpäätössiirtoja ja veroja,md103,Tilikauden rahallinen kertymä,1741.93,ISO4217_EUR,2,MCY=x738;REF=x53,https://avoindata.prh.fi/opendata-xbrl-api/v3/financial?businessId=3199106-2&financialDate=2025-12-31
30,3199106-2,Kajaanin kuntouttava kotihoito Oy,2025-12-31,2026-06-16,instant,,2025-12-31,x541,Tuloverot,md103,Tilikauden rahallinen kertymä,859.30,ISO4217_EUR,2,MCY=x541,https://avoindata.prh.fi/opendata-xbrl-api/v3/financial?businessId=3199106-2&financialDate=2025-12-31
30,3199106-2,Kajaanin kuntouttava kotihoito Oy,2025-12-31,2026-06-16,instant,,2024-12-31,x541,Tuloverot,md103,Tilikauden rahallinen kertymä,0.00,ISO4217_EUR,2,MCY=x541;REF=x53,https://avoindata.prh.fi/opendata-xbrl-api/v3/financial?businessId=3199106-2&financialDate=2025-12-31
30,3199106-2,Kajaanin kuntouttava kotihoito Oy,2025-12-31,2026-06-16,instant,,2025-12-31,x740,Tilikauden voitto (tappio),md103,Tilikauden rahallinen kertymä,4499.69,ISO4217_EUR,2,MCY=x740,https://avoindata.prh.fi/opendata-xbrl-api/v3/financial?businessId=3199106-2&financialDate=2025-12-31
30,3199106-2,Kajaanin kuntouttava kotihoito Oy,2025-12-31,2026-06-16,instant,,2024-12-31,x740,Tilikauden voitto (tappio),md103,Tilikauden rahallinen kertymä,1741.93,ISO4217_EUR,2,MCY=x740;REF=x53,https://avoindata.prh.fi/opendata-xbrl-api/v3/financial?businessId=3199106-2&financialDate=2025-12-31
31,3199708-5,Healthcore Oy,2025-08-31,2026-01-16,instant,,2025-08-31,x2285,Muut aineettomat hyödykkeet (KPL),mi53,Kirjanpitoarvo,33078.50,ISO4217_EUR,2,MCY=x2285,https://avoindata.prh.fi/opendata-xbrl-api/v3/financial?businessId=3199708-5&financialDate=2025-08-31
31,3199708-5,Healthcore Oy,2025-08-31,2026-01-16,instant,,2024-08-31,x2285,Muut aineettomat hyödykkeet (KPL),mi53,Kirjanpitoarvo,0.00,ISO4217_EUR,2,MCY=x2285;REF=x4,https://avoindata.prh.fi/opendata-xbrl-api/v3/financial?businessId=3199708-5&financialDate=2025-08-31
31,3199708-5,Healthcore Oy,2025-08-31,2026-01-16,instant,,2025-08-31,x551,Aineettomat hyödykkeet,mi53,Kirjanpitoarvo,33078.50,ISO4217_EUR,2,MCY=x551,https://avoindata.prh.fi/opendata-xbrl-api/v3/financial?businessId=3199708-5&financialDate=2025-08-31
31,3199708-5,Healthcore Oy,2025-08-31,2026-01-16,instant,,2024-08-31,x551,Aineettomat hyödykkeet,mi53,Kirjanpitoarvo,0.00,ISO4217_EUR,2,MCY=x551;REF=x4,https://avoindata.prh.fi/opendata-xbrl-api/v3/financial?businessId=3199708-5&financialDate=2025-08-31
31,3199708-5,Healthcore Oy,2025-08-31,2026-01-16,instant,,2025-08-31,x1742,Muut osakkeet ja osuudet,mi53,Kirjanpitoarvo,190517.57,ISO4217_EUR,2,MCY=x1742,https://avoindata.prh.fi/opendata-xbrl-api/v3/financial?businessId=3199708-5&financialDate=2025-08-31
31,3199708-5,Healthcore Oy,2025-08-31,2026-01-16,instant,,2024-08-31,x1742,Muut osakkeet ja osuudet,mi53,Kirjanpitoarvo,187521.45,ISO4217_EUR,2,MCY=x1742;REF=x4,https://avoindata.prh.fi/opendata-xbrl-api/v3/financial?businessId=3199708-5&financialDate=2025-08-31
31,3199708-5,Healthcore Oy,2025-08-31,2026-01-16,instant,,2025-08-31,x583,Sijoitukset,mi53,Kirjanpitoarvo,190517.57,ISO4217_EUR,2,MCY=x583,https://avoindata.prh.fi/opendata-xbrl-api/v3/financial?businessId=3199708-5&financialDate=2025-08-31
31,3199708-5,Healthcore Oy,2025-08-31,2026-01-16,instant,,2024-08-31,x583,Sijoitukset,mi53,Kirjanpitoarvo,187521.45,ISO4217_EUR,2,MCY=x583;REF=x4,https://avoindata.prh.fi/opendata-xbrl-api/v3/financial?businessId=3199708-5&financialDate=2025-08-31
31,3199708-5,Healthcore Oy,2025-08-31,2026-01-16,instant,,2025-08-31,x513,Pysyvät vastaavat,mi53,Kirjanpitoarvo,223596.07,ISO4217_EUR,2,MCY=x513,https://avoindata.prh.fi/opendata-xbrl-api/v3/financial?businessId=3199708-5&financialDate=2025-08-31
31,3199708-5,Healthcore Oy,2025-08-31,2026-01-16,instant,,2024-08-31,x513,Pysyvät vastaavat,mi53,Kirjanpitoarvo,187521.45,ISO4217_EUR,2,MCY=x513;REF=x4,https://avoindata.prh.fi/opendata-xbrl-api/v3/financial?businessId=3199708-5&financialDate=2025-08-31
31,3199708-5,Healthcore Oy,2025-08-31,2026-01-16,instant,,2025-08-31,x1769,Lyhytaikaiset myyntisaamiset,mi53,Kirjanpitoarvo,12443.68,ISO4217_EUR,2,MCY=x1769,https://avoindata.prh.fi/opendata-xbrl-api/v3/financial?businessId=3199708-5&financialDate=2025-08-31
31,3199708-5,Healthcore Oy,2025-08-31,2026-01-16,instant,,2024-08-31,x1769,Lyhytaikaiset myyntisaamiset,mi53,Kirjanpitoarvo,0.00,ISO4217_EUR,2,MCY=x1769;REF=x4,https://avoindata.prh.fi/opendata-xbrl-api/v3/financial?businessId=3199708-5&financialDate=2025-08-31
31,3199708-5,Healthcore Oy,2025-08-31,2026-01-16,instant,,2025-08-31,x1775,Lyhytaikaiset siirtosaamiset,mi53,Kirjanpitoarvo,1496.49,ISO4217_EUR,2,MCY=x1775,https://avoindata.prh.fi/opendata-xbrl-api/v3/financial?businessId=3199708-5&financialDate=2025-08-31
31,3199708-5,Healthcore Oy,2025-08-31,2026-01-16,instant,,2024-08-31,x1775,Lyhytaikaiset siirtosaamiset,mi53,Kirjanpitoarvo,1226.79,ISO4217_EUR,2,MCY=x1775;REF=x4,https://avoindata.prh.fi/opendata-xbrl-api/v3/financial?businessId=3199708-5&financialDate=2025-08-31
31,3199708-5,Healthcore Oy,2025-08-31,2026-01-16,instant,,2025-08-31,x1768,Lyhytaikaiset saamiset,mi53,Kirjanpitoarvo,13940.17,ISO4217_EUR,2,MCY=x1768,https://avoindata.prh.fi/opendata-xbrl-api/v3/financial?businessId=3199708-5&financialDate=2025-08-31
31,3199708-5,Healthcore Oy,2025-08-31,2026-01-16,instant,,2024-08-31,x1768,Lyhytaikaiset saamiset,mi53,Kirjanpitoarvo,1226.79,ISO4217_EUR,2,MCY=x1768;REF=x4,https://avoindata.prh.fi/opendata-xbrl-api/v3/financial?businessId=3199708-5&financialDate=2025-08-31
31,3199708-5,Healthcore Oy,2025-08-31,2026-01-16,instant,,2025-08-31,x438,Saamiset,mi53,Kirjanpitoarvo,13940.17,ISO4217_EUR,2,MCY=x438,https://avoindata.prh.fi/opendata-xbrl-api/v3/financial?businessId=3199708-5&financialDate=2025-08-31
31,3199708-5,Healthcore Oy,2025-08-31,2026-01-16,instant,,2024-08-31,x438,Saamiset,mi53,Kirjanpitoarvo,1226.79,ISO4217_EUR,2,MCY=x438;REF=x4,https://avoindata.prh.fi/opendata-xbrl-api/v3/financial?businessId=3199708-5&financialDate=2025-08-31
31,3199708-5,Healthcore Oy,2025-08-31,2026-01-16,instant,,2025-08-31,x1784,Muut arvopaperit,mi53,Kirjanpitoarvo,5000.00,ISO4217_EUR,2,MCY=x1784,https://avoindata.prh.fi/opendata-xbrl-api/v3/financial?businessId=3199708-5&financialDate=2025-08-31
31,3199708-5,Healthcore Oy,2025-08-31,2026-01-16,instant,,2024-08-31,x1784,Muut arvopaperit,mi53,Kirjanpitoarvo,5000.00,ISO4217_EUR,2,MCY=x1784;REF=x4,https://avoindata.prh.fi/opendata-xbrl-api/v3/financial?businessId=3199708-5&financialDate=2025-08-31
31,3199708-5,Healthcore Oy,2025-08-31,2026-01-16,instant,,2025-08-31,x578,Rahoitusarvopaperit,mi53,Kirjanpitoarvo,5000.00,ISO4217_EUR,2,MCY=x578,https://avoindata.prh.fi/opendata-xbrl-api/v3/financial?businessId=3199708-5&financialDate=2025-08-31
31,3199708-5,Healthcore Oy,2025-08-31,2026-01-16,instant,,2024-08-31,x578,Rahoitusarvopaperit,mi53,Kirjanpitoarvo,5000.00,ISO4217_EUR,2,MCY=x578;REF=x4,https://avoindata.prh.fi/opendata-xbrl-api/v3/financial?businessId=3199708-5&financialDate=2025-08-31
31,3199708-5,Healthcore Oy,2025-08-31,2026-01-16,instant,,2025-08-31,x399,Rahat ja pankkisaamiset,mi53,Kirjanpitoarvo,4914.00,ISO4217_EUR,2,MCY=x399,https://avoindata.prh.fi/opendata-xbrl-api/v3/financial?businessId=3199708-5&financialDate=2025-08-31
31,3199708-5,Healthcore Oy,2025-08-31,2026-01-16,instant,,2024-08-31,x399,Rahat ja pankkisaamiset,mi53,Kirjanpitoarvo,8756.31,ISO4217_EUR,2,MCY=x399;REF=x4,https://avoindata.prh.fi/opendata-xbrl-api/v3/financial?businessId=3199708-5&financialDate=2025-08-31
31,3199708-5,Healthcore Oy,2025-08-31,2026-01-16,instant,,2025-08-31,x435,Vaihtuvat vastaavat,mi53,Kirjanpitoarvo,23854.17,ISO4217_EUR,2,MCY=x435,https://avoindata.prh.fi/opendata-xbrl-api/v3/financial?businessId=3199708-5&financialDate=2025-08-31
31,3199708-5,Healthcore Oy,2025-08-31,2026-01-16,instant,,2024-08-31,x435,Vaihtuvat vastaavat,mi53,Kirjanpitoarvo,14983.10,ISO4217_EUR,2,MCY=x435;REF=x4,https://avoindata.prh.fi/opendata-xbrl-api/v3/financial?businessId=3199708-5&financialDate=2025-08-31
31,3199708-5,Healthcore Oy,2025-08-31,2026-01-16,instant,,2025-08-31,x360,Vastaavaa,mi53,Kirjanpitoarvo,247450.24,ISO4217_EUR,2,MCY=x360,https://avoindata.prh.fi/opendata-xbrl-api/v3/financial?businessId=3199708-5&financialDate=2025-08-31
31,3199708-5,Healthcore Oy,2025-08-31,2026-01-16,instant,,2024-08-31,x360,Vastaavaa,mi53,Kirjanpitoarvo,202504.55,ISO4217_EUR,2,MCY=x360;REF=x4,https://avoindata.prh.fi/opendata-xbrl-api/v3/financial?businessId=3199708-5&financialDate=2025-08-31
31,3199708-5,Healthcore Oy,2025-08-31,2026-01-16,instant,,2025-08-31,x933,Arvonkorotusrahasto,mi53,Kirjanpitoarvo,25566.02,ISO4217_EUR,2,MCY=x933,https://avoindata.prh.fi/opendata-xbrl-api/v3/financial?businessId=3199708-5&financialDate=2025-08-31
31,3199708-5,Healthcore Oy,2025-08-31,2026-01-16,instant,,2024-08-31,x933,Arvonkorotusrahasto,mi53,Kirjanpitoarvo,25566.02,ISO4217_EUR,2,MCY=x933;REF=x4,https://avoindata.prh.fi/opendata-xbrl-api/v3/financial?businessId=3199708-5&financialDate=2025-08-31
31,3199708-5,Healthcore Oy,2025-08-31,2026-01-16,instant,,2025-08-31,x932,Edellisten tilikausien voitto (tappio),mi53,Kirjanpitoarvo,137225.54,ISO4217_EUR,2,MCY=x932,https://avoindata.prh.fi/opendata-xbrl-api/v3/financial?businessId=3199708-5&financialDate=2025-08-31
31,3199708-5,Healthcore Oy,2025-08-31,2026-01-16,instant,,2024-08-31,x932,Edellisten tilikausien voitto (tappio),mi53,Kirjanpitoarvo,99197.74,ISO4217_EUR,2,MCY=x932;REF=x4,https://avoindata.prh.fi/opendata-xbrl-api/v3/financial?businessId=3199708-5&financialDate=2025-08-31
31,3199708-5,Healthcore Oy,2025-08-31,2026-01-16,instant,,2025-08-31,x2895,"Tilikauden voitto (tappio), oma pääoma",mi53,Kirjanpitoarvo,76336.19,ISO4217_EUR,2,MCY=x2895,https://avoindata.prh.fi/opendata-xbrl-api/v3/financial?businessId=3199708-5&financialDate=2025-08-31
31,3199708-5,Healthcore Oy,2025-08-31,2026-01-16,instant,,2024-08-31,x2895,"Tilikauden voitto (tappio), oma pääoma",mi53,Kirjanpitoarvo,35978.03,ISO4217_EUR,2,MCY=x2895;REF=x4,https://avoindata.prh.fi/opendata-xbrl-api/v3/financial?businessId=3199708-5&financialDate=2025-08-31
31,3199708-5,Healthcore Oy,2025-08-31,2026-01-16,instant,,2025-08-31,x376,Oma pääoma,mi53,Kirjanpitoarvo,239127.75,ISO4217_EUR,2,MCY=x376,https://avoindata.prh.fi/opendata-xbrl-api/v3/financial?businessId=3199708-5&financialDate=2025-08-31
31,3199708-5,Healthcore Oy,2025-08-31,2026-01-16,instant,,2024-08-31,x376,Oma pääoma,mi53,Kirjanpitoarvo,160741.79,ISO4217_EUR,2,MCY=x376;REF=x4,https://avoindata.prh.fi/opendata-xbrl-api/v3/financial?businessId=3199708-5&financialDate=2025-08-31
31,3199708-5,Healthcore Oy,2025-08-31,2026-01-16,instant,,2025-08-31,x2233,Pitkäaikaiset muut velat,mi53,Kirjanpitoarvo,0.00,ISO4217_EUR,2,MCY=x2233,https://avoindata.prh.fi/opendata-xbrl-api/v3/financial?businessId=3199708-5&financialDate=2025-08-31
31,3199708-5,Healthcore Oy,2025-08-31,2026-01-16,instant,,2024-08-31,x2233,Pitkäaikaiset muut velat,mi53,Kirjanpitoarvo,20097.06,ISO4217_EUR,2,MCY=x2233;REF=x4,https://avoindata.prh.fi/opendata-xbrl-api/v3/financial?businessId=3199708-5&financialDate=2025-08-31
31,3199708-5,Healthcore Oy,2025-08-31,2026-01-16,instant,,2025-08-31,x1830,Pitkäaikainen vieras pääoma,mi53,Kirjanpitoarvo,0.00,ISO4217_EUR,2,MCY=x1830,https://avoindata.prh.fi/opendata-xbrl-api/v3/financial?businessId=3199708-5&financialDate=2025-08-31
31,3199708-5,Healthcore Oy,2025-08-31,2026-01-16,instant,,2024-08-31,x1830,Pitkäaikainen vieras pääoma,mi53,Kirjanpitoarvo,20097.06,ISO4217_EUR,2,MCY=x1830;REF=x4,https://avoindata.prh.fi/opendata-xbrl-api/v3/financial?businessId=3199708-5&financialDate=2025-08-31
31,3199708-5,Healthcore Oy,2025-08-31,2026-01-16,instant,,2025-08-31,x1819,Lyhytaikaiset ostovelat,mi53,Kirjanpitoarvo,397.36,ISO4217_EUR,2,MCY=x1819,https://avoindata.prh.fi/opendata-xbrl-api/v3/financial?businessId=3199708-5&financialDate=2025-08-31
31,3199708-5,Healthcore Oy,2025-08-31,2026-01-16,instant,,2024-08-31,x1819,Lyhytaikaiset ostovelat,mi53,Kirjanpitoarvo,0.00,ISO4217_EUR,2,MCY=x1819;REF=x4,https://avoindata.prh.fi/opendata-xbrl-api/v3/financial?businessId=3199708-5&financialDate=2025-08-31
31,3199708-5,Healthcore Oy,2025-08-31,2026-01-16,instant,,2025-08-31,x1825,Lyhytaikaiset muut velat,mi53,Kirjanpitoarvo,1844.45,ISO4217_EUR,2,MCY=x1825,https://avoindata.prh.fi/opendata-xbrl-api/v3/financial?businessId=3199708-5&financialDate=2025-08-31
31,3199708-5,Healthcore Oy,2025-08-31,2026-01-16,instant,,2024-08-31,x1825,Lyhytaikaiset muut velat,mi53,Kirjanpitoarvo,8540.36,ISO4217_EUR,2,MCY=x1825;REF=x4,https://avoindata.prh.fi/opendata-xbrl-api/v3/financial?businessId=3199708-5&financialDate=2025-08-31
31,3199708-5,Healthcore Oy,2025-08-31,2026-01-16,instant,,2025-08-31,x1826,Lyhytaikaiset siirtovelat,mi53,Kirjanpitoarvo,6080.68,ISO4217_EUR,2,MCY=x1826,https://avoindata.prh.fi/opendata-xbrl-api/v3/financial?businessId=3199708-5&financialDate=2025-08-31
31,3199708-5,Healthcore Oy,2025-08-31,2026-01-16,instant,,2024-08-31,x1826,Lyhytaikaiset siirtovelat,mi53,Kirjanpitoarvo,13125.34,ISO4217_EUR,2,MCY=x1826;REF=x4,https://avoindata.prh.fi/opendata-xbrl-api/v3/financial?businessId=3199708-5&financialDate=2025-08-31
31,3199708-5,Healthcore Oy,2025-08-31,2026-01-16,instant,,2025-08-31,x1811,Lyhytaikainen vieras pääoma,mi53,Kirjanpitoarvo,8322.49,ISO4217_EUR,2,MCY=x1811,https://avoindata.prh.fi/opendata-xbrl-api/v3/financial?businessId=3199708-5&financialDate=2025-08-31
31,3199708-5,Healthcore Oy,2025-08-31,2026-01-16,instant,,2024-08-31,x1811,Lyhytaikainen vieras pääoma,mi53,Kirjanpitoarvo,21665.70,ISO4217_EUR,2,MCY=x1811;REF=x4,https://avoindata.prh.fi/opendata-xbrl-api/v3/financial?businessId=3199708-5&financialDate=2025-08-31
31,3199708-5,Healthcore Oy,2025-08-31,2026-01-16,instant,,2025-08-31,x424,Vieras pääoma,mi53,Kirjanpitoarvo,8322.49,ISO4217_EUR,2,MCY=x424,https://avoindata.prh.fi/opendata-xbrl-api/v3/financial?businessId=3199708-5&financialDate=2025-08-31
31,3199708-5,Healthcore Oy,2025-08-31,2026-01-16,instant,,2024-08-31,x424,Vieras pääoma,mi53,Kirjanpitoarvo,41762.76,ISO4217_EUR,2,MCY=x424;REF=x4,https://avoindata.prh.fi/opendata-xbrl-api/v3/financial?businessId=3199708-5&financialDate=2025-08-31
31,3199708-5,Healthcore Oy,2025-08-31,2026-01-16,instant,,2025-08-31,x481,Vastattavaa,mi53,Kirjanpitoarvo,247450.24,ISO4217_EUR,2,MCY=x481,https://avoindata.prh.fi/opendata-xbrl-api/v3/financial?businessId=3199708-5&financialDate=2025-08-31
31,3199708-5,Healthcore Oy,2025-08-31,2026-01-16,instant,,2024-08-31,x481,Vastattavaa,mi53,Kirjanpitoarvo,202504.55,ISO4217_EUR,2,MCY=x481;REF=x4,https://avoindata.prh.fi/opendata-xbrl-api/v3/financial?businessId=3199708-5&financialDate=2025-08-31
31,3199708-5,Healthcore Oy,2025-08-31,2026-01-16,instant,,2025-08-31,x673,Liikevaihto,md103,Tilikauden rahallinen kertymä,205011.77,ISO4217_EUR,2,MCY=x673,https://avoindata.prh.fi/opendata-xbrl-api/v3/financial?businessId=3199708-5&financialDate=2025-08-31
31,3199708-5,Healthcore Oy,2025-08-31,2026-01-16,instant,,2024-08-31,x673,Liikevaihto,md103,Tilikauden rahallinen kertymä,214527.02,ISO4217_EUR,2,MCY=x673;REF=x53,https://avoindata.prh.fi/opendata-xbrl-api/v3/financial?businessId=3199708-5&financialDate=2025-08-31
31,3199708-5,Healthcore Oy,2025-08-31,2026-01-16,instant,,2025-08-31,x49,Liiketoiminnan muut tuotot,md103,Tilikauden rahallinen kertymä,19011.06,ISO4217_EUR,2,MCY=x49,https://avoindata.prh.fi/opendata-xbrl-api/v3/financial?businessId=3199708-5&financialDate=2025-08-31
31,3199708-5,Healthcore Oy,2025-08-31,2026-01-16,instant,,2024-08-31,x49,Liiketoiminnan muut tuotot,md103,Tilikauden rahallinen kertymä,10116.00,ISO4217_EUR,2,MCY=x49;REF=x53,https://avoindata.prh.fi/opendata-xbrl-api/v3/financial?businessId=3199708-5&financialDate=2025-08-31
31,3199708-5,Healthcore Oy,2025-08-31,2026-01-16,instant,,2025-08-31,x10,Palvelujen ostot,md103,Tilikauden rahallinen kertymä,780.00,ISO4217_EUR,2,MCY=x10,https://avoindata.prh.fi/opendata-xbrl-api/v3/financial?businessId=3199708-5&financialDate=2025-08-31
31,3199708-5,Healthcore Oy,2025-08-31,2026-01-16,instant,,2024-08-31,x10,Palvelujen ostot,md103,Tilikauden rahallinen kertymä,1150.00,ISO4217_EUR,2,MCY=x10;REF=x53,https://avoindata.prh.fi/opendata-xbrl-api/v3/financial?businessId=3199708-5&financialDate=2025-08-31
31,3199708-5,Healthcore Oy,2025-08-31,2026-01-16,instant,,2025-08-31,x758,Materiaalit ja palvelut,md103,Tilikauden rahallinen kertymä,780.00,ISO4217_EUR,2,MCY=x758,https://avoindata.prh.fi/opendata-xbrl-api/v3/financial?businessId=3199708-5&financialDate=2025-08-31
31,3199708-5,Healthcore Oy,2025-08-31,2026-01-16,instant,,2024-08-31,x758,Materiaalit ja palvelut,md103,Tilikauden rahallinen kertymä,1150.00,ISO4217_EUR,2,MCY=x758;REF=x53,https://avoindata.prh.fi/opendata-xbrl-api/v3/financial?businessId=3199708-5&financialDate=2025-08-31
31,3199708-5,Healthcore Oy,2025-08-31,2026-01-16,instant,,2025-08-31,x6,Palkat ja palkkiot,md103,Tilikauden rahallinen kertymä,47896.80,ISO4217_EUR,2,MCY=x6,https://avoindata.prh.fi/opendata-xbrl-api/v3/financial?businessId=3199708-5&financialDate=2025-08-31
31,3199708-5,Healthcore Oy,2025-08-31,2026-01-16,instant,,2024-08-31,x6,Palkat ja palkkiot,md103,Tilikauden rahallinen kertymä,80520.00,ISO4217_EUR,2,MCY=x6;REF=x53,https://avoindata.prh.fi/opendata-xbrl-api/v3/financial?businessId=3199708-5&financialDate=2025-08-31
31,3199708-5,Healthcore Oy,2025-08-31,2026-01-16,instant,,2025-08-31,x8,Eläkekulut,md103,Tilikauden rahallinen kertymä,19272.20,ISO4217_EUR,2,MCY=x8,https://avoindata.prh.fi/opendata-xbrl-api/v3/financial?businessId=3199708-5&financialDate=2025-08-31
31,3199708-5,Healthcore Oy,2025-08-31,2026-01-16,instant,,2024-08-31,x8,Eläkekulut,md103,Tilikauden rahallinen kertymä,17944.90,ISO4217_EUR,2,MCY=x8;REF=x53,https://avoindata.prh.fi/opendata-xbrl-api/v3/financial?businessId=3199708-5&financialDate=2025-08-31
31,3199708-5,Healthcore Oy,2025-08-31,2026-01-16,instant,,2025-08-31,x9,Muut henkilösivukulut,md103,Tilikauden rahallinen kertymä,2273.99,ISO4217_EUR,2,MCY=x9,https://avoindata.prh.fi/opendata-xbrl-api/v3/financial?businessId=3199708-5&financialDate=2025-08-31
31,3199708-5,Healthcore Oy,2025-08-31,2026-01-16,instant,,2024-08-31,x9,Muut henkilösivukulut,md103,Tilikauden rahallinen kertymä,2783.48,ISO4217_EUR,2,MCY=x9;REF=x53,https://avoindata.prh.fi/opendata-xbrl-api/v3/financial?businessId=3199708-5&financialDate=2025-08-31
31,3199708-5,Healthcore Oy,2025-08-31,2026-01-16,instant,,2025-08-31,x5,Henkilöstökulut,md103,Tilikauden rahallinen kertymä,69442.99,ISO4217_EUR,2,MCY=x5,https://avoindata.prh.fi/opendata-xbrl-api/v3/financial?businessId=3199708-5&financialDate=2025-08-31
31,3199708-5,Healthcore Oy,2025-08-31,2026-01-16,instant,,2024-08-31,x5,Henkilöstökulut,md103,Tilikauden rahallinen kertymä,101248.38,ISO4217_EUR,2,MCY=x5;REF=x53,https://avoindata.prh.fi/opendata-xbrl-api/v3/financial?businessId=3199708-5&financialDate=2025-08-31
31,3199708-5,Healthcore Oy,2025-08-31,2026-01-16,instant,,2025-08-31,x449,Suunnitelman mukaiset poistot,md103,Tilikauden rahallinen kertymä,3675.38,ISO4217_EUR,2,MCY=x449,https://avoindata.prh.fi/opendata-xbrl-api/v3/financial?businessId=3199708-5&financialDate=2025-08-31
31,3199708-5,Healthcore Oy,2025-08-31,2026-01-16,instant,,2024-08-31,x449,Suunnitelman mukaiset poistot,md103,Tilikauden rahallinen kertymä,0.00,ISO4217_EUR,2,MCY=x449;REF=x53,https://avoindata.prh.fi/opendata-xbrl-api/v3/financial?businessId=3199708-5&financialDate=2025-08-31
31,3199708-5,Healthcore Oy,2025-08-31,2026-01-16,instant,,2025-08-31,x448,Poistot ja arvonalentumiset,md103,Tilikauden rahallinen kertymä,3675.38,ISO4217_EUR,2,MCY=x448,https://avoindata.prh.fi/opendata-xbrl-api/v3/financial?businessId=3199708-5&financialDate=2025-08-31
31,3199708-5,Healthcore Oy,2025-08-31,2026-01-16,instant,,2024-08-31,x448,Poistot ja arvonalentumiset,md103,Tilikauden rahallinen kertymä,0.00,ISO4217_EUR,2,MCY=x448;REF=x53,https://avoindata.prh.fi/opendata-xbrl-api/v3/financial?businessId=3199708-5&financialDate=2025-08-31
31,3199708-5,Healthcore Oy,2025-08-31,2026-01-16,instant,,2025-08-31,x1869,Liiketoiminnan muut kulut,md103,Tilikauden rahallinen kertymä,54323.79,ISO4217_EUR,2,MCY=x1869,https://avoindata.prh.fi/opendata-xbrl-api/v3/financial?businessId=3199708-5&financialDate=2025-08-31
31,3199708-5,Healthcore Oy,2025-08-31,2026-01-16,instant,,2024-08-31,x1869,Liiketoiminnan muut kulut,md103,Tilikauden rahallinen kertymä,52986.67,ISO4217_EUR,2,MCY=x1869;REF=x53,https://avoindata.prh.fi/opendata-xbrl-api/v3/financial?businessId=3199708-5&financialDate=2025-08-31
31,3199708-5,Healthcore Oy,2025-08-31,2026-01-16,instant,,2025-08-31,x689,Liikevoitto (-tappio),md103,Tilikauden rahallinen kertymä,95800.67,ISO4217_EUR,2,MCY=x689,https://avoindata.prh.fi/opendata-xbrl-api/v3/financial?businessId=3199708-5&financialDate=2025-08-31
31,3199708-5,Healthcore Oy,2025-08-31,2026-01-16,instant,,2024-08-31,x689,Liikevoitto (-tappio),md103,Tilikauden rahallinen kertymä,69257.97,ISO4217_EUR,2,MCY=x689;REF=x53,https://avoindata.prh.fi/opendata-xbrl-api/v3/financial?businessId=3199708-5&financialDate=2025-08-31
31,3199708-5,Healthcore Oy,2025-08-31,2026-01-16,instant,,2025-08-31,x4014,Muut korko- ja rahoitustuotot muilta kuin saman konsernin yrityksiltä,md103,Tilikauden rahallinen kertymä,22.21,ISO4217_EUR,2,MCY=x4014,https://avoindata.prh.fi/opendata-xbrl-api/v3/financial?businessId=3199708-5&financialDate=2025-08-31
31,3199708-5,Healthcore Oy,2025-08-31,2026-01-16,instant,,2024-08-31,x4014,Muut korko- ja rahoitustuotot muilta kuin saman konsernin yrityksiltä,md103,Tilikauden rahallinen kertymä,0.00,ISO4217_EUR,2,MCY=x4014;REF=x53,https://avoindata.prh.fi/opendata-xbrl-api/v3/financial?businessId=3199708-5&financialDate=2025-08-31
31,3199708-5,Healthcore Oy,2025-08-31,2026-01-16,instant,,2025-08-31,x4046,Korkokulut- ja muut rahoituskulut muille kuin saman konsernin yrityksille,md103,Tilikauden rahallinen kertymä,1912.31,ISO4217_EUR,2,MCY=x4046,https://avoindata.prh.fi/opendata-xbrl-api/v3/financial?businessId=3199708-5&financialDate=2025-08-31
31,3199708-5,Healthcore Oy,2025-08-31,2026-01-16,instant,,2024-08-31,x4046,Korkokulut- ja muut rahoituskulut muille kuin saman konsernin yrityksille,md103,Tilikauden rahallinen kertymä,7417.31,ISO4217_EUR,2,MCY=x4046;REF=x53,https://avoindata.prh.fi/opendata-xbrl-api/v3/financial?businessId=3199708-5&financialDate=2025-08-31
31,3199708-5,Healthcore Oy,2025-08-31,2026-01-16,instant,,2025-08-31,x12,Rahoitustuotot ja -kulut + (-),md103,Tilikauden rahallinen kertymä,1890.10,ISO4217_EUR,2,MCY=x12,https://avoindata.prh.fi/opendata-xbrl-api/v3/financial?businessId=3199708-5&financialDate=2025-08-31
31,3199708-5,Healthcore Oy,2025-08-31,2026-01-16,instant,,2024-08-31,x12,Rahoitustuotot ja -kulut + (-),md103,Tilikauden rahallinen kertymä,7417.31,ISO4217_EUR,2,MCY=x12;REF=x53,https://avoindata.prh.fi/opendata-xbrl-api/v3/financial?businessId=3199708-5&financialDate=2025-08-31
31,3199708-5,Healthcore Oy,2025-08-31,2026-01-16,instant,,2025-08-31,x738,Voitto (tappio) ennen tilinpäätössiirtoja ja veroja,md103,Tilikauden rahallinen kertymä,93910.57,ISO4217_EUR,2,MCY=x738,https://avoindata.prh.fi/opendata-xbrl-api/v3/financial?businessId=3199708-5&financialDate=2025-08-31
31,3199708-5,Healthcore Oy,2025-08-31,2026-01-16,instant,,2024-08-31,x738,Voitto (tappio) ennen tilinpäätössiirtoja ja veroja,md103,Tilikauden rahallinen kertymä,61840.66,ISO4217_EUR,2,MCY=x738;REF=x53,https://avoindata.prh.fi/opendata-xbrl-api/v3/financial?businessId=3199708-5&financialDate=2025-08-31
31,3199708-5,Healthcore Oy,2025-08-31,2026-01-16,instant,,2025-08-31,x541,Tuloverot,md103,Tilikauden rahallinen kertymä,17574.38,ISO4217_EUR,2,MCY=x541,https://avoindata.prh.fi/opendata-xbrl-api/v3/financial?businessId=3199708-5&financialDate=2025-08-31
31,3199708-5,Healthcore Oy,2025-08-31,2026-01-16,instant,,2024-08-31,x541,Tuloverot,md103,Tilikauden rahallinen kertymä,25862.63,ISO4217_EUR,2,MCY=x541;REF=x53,https://avoindata.prh.fi/opendata-xbrl-api/v3/financial?businessId=3199708-5&financialDate=2025-08-31
31,3199708-5,Healthcore Oy,2025-08-31,2026-01-16,instant,,2025-08-31,x740,Tilikauden voitto (tappio),md103,Tilikauden rahallinen kertymä,76336.19,ISO4217_EUR,2,MCY=x740,https://avoindata.prh.fi/opendata-xbrl-api/v3/financial?businessId=3199708-5&financialDate=2025-08-31
31,3199708-5,Healthcore Oy,2025-08-31,2026-01-16,instant,,2024-08-31,x740,Tilikauden voitto (tappio),md103,Tilikauden rahallinen kertymä,35978.03,ISO4217_EUR,2,MCY=x740;REF=x53,https://avoindata.prh.fi/opendata-xbrl-api/v3/financial?businessId=3199708-5&financialDate=2025-08-31
32,3200095-3,Germstar Finland Oy,2025-12-31,2026-04-28,instant,,2025-12-31,x1757,Aineet ja tarvikkeet,mi53,Kirjanpitoarvo,7148.13,ISO4217_EUR,2,MCY=x1757,https://avoindata.prh.fi/opendata-xbrl-api/v3/financial?businessId=3200095-3&financialDate=2025-12-31
32,3200095-3,Germstar Finland Oy,2025-12-31,2026-04-28,instant,,2024-12-31,x1757,Aineet ja tarvikkeet,mi53,Kirjanpitoarvo,7148.13,ISO4217_EUR,2,MCY=x1757;REF=x4,https://avoindata.prh.fi/opendata-xbrl-api/v3/financial?businessId=3200095-3&financialDate=2025-12-31
32,3200095-3,Germstar Finland Oy,2025-12-31,2026-04-28,instant,,2025-12-31,x807,Vaihto-omaisuus,mi53,Kirjanpitoarvo,7148.13,ISO4217_EUR,2,MCY=x807,https://avoindata.prh.fi/opendata-xbrl-api/v3/financial?businessId=3200095-3&financialDate=2025-12-31
32,3200095-3,Germstar Finland Oy,2025-12-31,2026-04-28,instant,,2024-12-31,x807,Vaihto-omaisuus,mi53,Kirjanpitoarvo,7148.13,ISO4217_EUR,2,MCY=x807;REF=x4,https://avoindata.prh.fi/opendata-xbrl-api/v3/financial?businessId=3200095-3&financialDate=2025-12-31
32,3200095-3,Germstar Finland Oy,2025-12-31,2026-04-28,instant,,2025-12-31,x399,Rahat ja pankkisaamiset,mi53,Kirjanpitoarvo,0.00,ISO4217_EUR,2,MCY=x399,https://avoindata.prh.fi/opendata-xbrl-api/v3/financial?businessId=3200095-3&financialDate=2025-12-31
32,3200095-3,Germstar Finland Oy,2025-12-31,2026-04-28,instant,,2024-12-31,x399,Rahat ja pankkisaamiset,mi53,Kirjanpitoarvo,7.96,ISO4217_EUR,2,MCY=x399;REF=x4,https://avoindata.prh.fi/opendata-xbrl-api/v3/financial?businessId=3200095-3&financialDate=2025-12-31
32,3200095-3,Germstar Finland Oy,2025-12-31,2026-04-28,instant,,2025-12-31,x435,Vaihtuvat vastaavat,mi53,Kirjanpitoarvo,7148.13,ISO4217_EUR,2,MCY=x435,https://avoindata.prh.fi/opendata-xbrl-api/v3/financial?businessId=3200095-3&financialDate=2025-12-31
32,3200095-3,Germstar Finland Oy,2025-12-31,2026-04-28,instant,,2024-12-31,x435,Vaihtuvat vastaavat,mi53,Kirjanpitoarvo,7156.09,ISO4217_EUR,2,MCY=x435;REF=x4,https://avoindata.prh.fi/opendata-xbrl-api/v3/financial?businessId=3200095-3&financialDate=2025-12-31
32,3200095-3,Germstar Finland Oy,2025-12-31,2026-04-28,instant,,2025-12-31,x360,Vastaavaa,mi53,Kirjanpitoarvo,7148.13,ISO4217_EUR,2,MCY=x360,https://avoindata.prh.fi/opendata-xbrl-api/v3/financial?businessId=3200095-3&financialDate=2025-12-31
32,3200095-3,Germstar Finland Oy,2025-12-31,2026-04-28,instant,,2024-12-31,x360,Vastaavaa,mi53,Kirjanpitoarvo,7156.09,ISO4217_EUR,2,MCY=x360;REF=x4,https://avoindata.prh.fi/opendata-xbrl-api/v3/financial?businessId=3200095-3&financialDate=2025-12-31
32,3200095-3,Germstar Finland Oy,2025-12-31,2026-04-28,instant,,2025-12-31,x932,Edellisten tilikausien voitto (tappio),mi53,Kirjanpitoarvo,-6399.16,ISO4217_EUR,2,MCY=x932,https://avoindata.prh.fi/opendata-xbrl-api/v3/financial?businessId=3200095-3&financialDate=2025-12-31
32,3200095-3,Germstar Finland Oy,2025-12-31,2026-04-28,instant,,2024-12-31,x932,Edellisten tilikausien voitto (tappio),mi53,Kirjanpitoarvo,-5902.91,ISO4217_EUR,2,MCY=x932;REF=x4,https://avoindata.prh.fi/opendata-xbrl-api/v3/financial?businessId=3200095-3&financialDate=2025-12-31
32,3200095-3,Germstar Finland Oy,2025-12-31,2026-04-28,instant,,2025-12-31,x2895,"Tilikauden voitto (tappio), oma pääoma",mi53,Kirjanpitoarvo,-384.46,ISO4217_EUR,2,MCY=x2895,https://avoindata.prh.fi/opendata-xbrl-api/v3/financial?businessId=3200095-3&financialDate=2025-12-31
32,3200095-3,Germstar Finland Oy,2025-12-31,2026-04-28,instant,,2024-12-31,x2895,"Tilikauden voitto (tappio), oma pääoma",mi53,Kirjanpitoarvo,-496.25,ISO4217_EUR,2,MCY=x2895;REF=x4,https://avoindata.prh.fi/opendata-xbrl-api/v3/financial?businessId=3200095-3&financialDate=2025-12-31
32,3200095-3,Germstar Finland Oy,2025-12-31,2026-04-28,instant,,2025-12-31,x921,Pääomalaina,mi53,Kirjanpitoarvo,13555.25,ISO4217_EUR,2,MCY=x921,https://avoindata.prh.fi/opendata-xbrl-api/v3/financial?businessId=3200095-3&financialDate=2025-12-31
32,3200095-3,Germstar Finland Oy,2025-12-31,2026-04-28,instant,,2024-12-31,x921,Pääomalaina,mi53,Kirjanpitoarvo,13555.25,ISO4217_EUR,2,MCY=x921;REF=x4,https://avoindata.prh.fi/opendata-xbrl-api/v3/financial?businessId=3200095-3&financialDate=2025-12-31
32,3200095-3,Germstar Finland Oy,2025-12-31,2026-04-28,instant,,2025-12-31,x376,Oma pääoma,mi53,Kirjanpitoarvo,6771.63,ISO4217_EUR,2,MCY=x376,https://avoindata.prh.fi/opendata-xbrl-api/v3/financial?businessId=3200095-3&financialDate=2025-12-31
32,3200095-3,Germstar Finland Oy,2025-12-31,2026-04-28,instant,,2024-12-31,x376,Oma pääoma,mi53,Kirjanpitoarvo,7156.09,ISO4217_EUR,2,MCY=x376;REF=x4,https://avoindata.prh.fi/opendata-xbrl-api/v3/financial?businessId=3200095-3&financialDate=2025-12-31
32,3200095-3,Germstar Finland Oy,2025-12-31,2026-04-28,instant,,2025-12-31,x1825,Lyhytaikaiset muut velat,mi53,Kirjanpitoarvo,376.50,ISO4217_EUR,2,MCY=x1825,https://avoindata.prh.fi/opendata-xbrl-api/v3/financial?businessId=3200095-3&financialDate=2025-12-31
32,3200095-3,Germstar Finland Oy,2025-12-31,2026-04-28,instant,,2024-12-31,x1825,Lyhytaikaiset muut velat,mi53,Kirjanpitoarvo,0.00,ISO4217_EUR,2,MCY=x1825;REF=x4,https://avoindata.prh.fi/opendata-xbrl-api/v3/financial?businessId=3200095-3&financialDate=2025-12-31
32,3200095-3,Germstar Finland Oy,2025-12-31,2026-04-28,instant,,2025-12-31,x1811,Lyhytaikainen vieras pääoma,mi53,Kirjanpitoarvo,376.50,ISO4217_EUR,2,MCY=x1811,https://avoindata.prh.fi/opendata-xbrl-api/v3/financial?businessId=3200095-3&financialDate=2025-12-31
32,3200095-3,Germstar Finland Oy,2025-12-31,2026-04-28,instant,,2024-12-31,x1811,Lyhytaikainen vieras pääoma,mi53,Kirjanpitoarvo,0.00,ISO4217_EUR,2,MCY=x1811;REF=x4,https://avoindata.prh.fi/opendata-xbrl-api/v3/financial?businessId=3200095-3&financialDate=2025-12-31
32,3200095-3,Germstar Finland Oy,2025-12-31,2026-04-28,instant,,2025-12-31,x424,Vieras pääoma,mi53,Kirjanpitoarvo,376.50,ISO4217_EUR,2,MCY=x424,https://avoindata.prh.fi/opendata-xbrl-api/v3/financial?businessId=3200095-3&financialDate=2025-12-31
32,3200095-3,Germstar Finland Oy,2025-12-31,2026-04-28,instant,,2024-12-31,x424,Vieras pääoma,mi53,Kirjanpitoarvo,0.00,ISO4217_EUR,2,MCY=x424;REF=x4,https://avoindata.prh.fi/opendata-xbrl-api/v3/financial?businessId=3200095-3&financialDate=2025-12-31
32,3200095-3,Germstar Finland Oy,2025-12-31,2026-04-28,instant,,2025-12-31,x481,Vastattavaa,mi53,Kirjanpitoarvo,7148.13,ISO4217_EUR,2,MCY=x481,https://avoindata.prh.fi/opendata-xbrl-api/v3/financial?businessId=3200095-3&financialDate=2025-12-31
32,3200095-3,Germstar Finland Oy,2025-12-31,2026-04-28,instant,,2024-12-31,x481,Vastattavaa,mi53,Kirjanpitoarvo,7156.09,ISO4217_EUR,2,MCY=x481;REF=x4,https://avoindata.prh.fi/opendata-xbrl-api/v3/financial?businessId=3200095-3&financialDate=2025-12-31
32,3200095-3,Germstar Finland Oy,2025-12-31,2026-04-28,instant,,2025-12-31,x1869,Liiketoiminnan muut kulut,md103,Tilikauden rahallinen kertymä,384.46,ISO4217_EUR,2,MCY=x1869,https://avoindata.prh.fi/opendata-xbrl-api/v3/financial?businessId=3200095-3&financialDate=2025-12-31
32,3200095-3,Germstar Finland Oy,2025-12-31,2026-04-28,instant,,2024-12-31,x1869,Liiketoiminnan muut kulut,md103,Tilikauden rahallinen kertymä,496.25,ISO4217_EUR,2,MCY=x1869;REF=x53,https://avoindata.prh.fi/opendata-xbrl-api/v3/financial?businessId=3200095-3&financialDate=2025-12-31
32,3200095-3,Germstar Finland Oy,2025-12-31,2026-04-28,instant,,2025-12-31,x689,Liikevoitto (-tappio),md103,Tilikauden rahallinen kertymä,-384.46,ISO4217_EUR,2,MCY=x689,https://avoindata.prh.fi/opendata-xbrl-api/v3/financial?businessId=3200095-3&financialDate=2025-12-31
32,3200095-3,Germstar Finland Oy,2025-12-31,2026-04-28,instant,,2024-12-31,x689,Liikevoitto (-tappio),md103,Tilikauden rahallinen kertymä,-496.25,ISO4217_EUR,2,MCY=x689;REF=x53,https://avoindata.prh.fi/opendata-xbrl-api/v3/financial?businessId=3200095-3&financialDate=2025-12-31
32,3200095-3,Germstar Finland Oy,2025-12-31,2026-04-28,instant,,2025-12-31,x738,Voitto (tappio) ennen tilinpäätössiirtoja ja veroja,md103,Tilikauden rahallinen kertymä,-384.46,ISO4217_EUR,2,MCY=x738,https://avoindata.prh.fi/opendata-xbrl-api/v3/financial?businessId=3200095-3&financialDate=2025-12-31
32,3200095-3,Germstar Finland Oy,2025-12-31,2026-04-28,instant,,2024-12-31,x738,Voitto (tappio) ennen tilinpäätössiirtoja ja veroja,md103,Tilikauden rahallinen kertymä,-496.25,ISO4217_EUR,2,MCY=x738;REF=x53,https://avoindata.prh.fi/opendata-xbrl-api/v3/financial?businessId=3200095-3&financialDate=2025-12-31
32,3200095-3,Germstar Finland Oy,2025-12-31,2026-04-28,instant,,2025-12-31,x740,Tilikauden voitto (tappio),md103,Tilikauden rahallinen kertymä,-384.46,ISO4217_EUR,2,MCY=x740,https://avoindata.prh.fi/opendata-xbrl-api/v3/financial?businessId=3200095-3&financialDate=2025-12-31
32,3200095-3,Germstar Finland Oy,2025-12-31,2026-04-28,instant,,2024-12-31,x740,Tilikauden voitto (tappio),md103,Tilikauden rahallinen kertymä,-496.25,ISO4217_EUR,2,MCY=x740;REF=x53,https://avoindata.prh.fi/opendata-xbrl-api/v3/financial?businessId=3200095-3&financialDate=2025-12-31
33,3318862-8,Spottio Indoor Solutions Oy,2025-12-31,2026-06-30,instant,,2025-12-31,x1035,Aineettomat oikeudet,mi53,Kirjanpitoarvo,3000.00,ISO4217_EUR,2,MCY=x1035,https://avoindata.prh.fi/opendata-xbrl-api/v3/financial?businessId=3318862-8&financialDate=2025-12-31
33,3318862-8,Spottio Indoor Solutions Oy,2025-12-31,2026-06-30,instant,,2024-12-31,x1035,Aineettomat oikeudet,mi53,Kirjanpitoarvo,3750.00,ISO4217_EUR,2,MCY=x1035;REF=x4,https://avoindata.prh.fi/opendata-xbrl-api/v3/financial?businessId=3318862-8&financialDate=2025-12-31
33,3318862-8,Spottio Indoor Solutions Oy,2025-12-31,2026-06-30,instant,,2025-12-31,x551,Aineettomat hyödykkeet,mi53,Kirjanpitoarvo,3000.00,ISO4217_EUR,2,MCY=x551,https://avoindata.prh.fi/opendata-xbrl-api/v3/financial?businessId=3318862-8&financialDate=2025-12-31
33,3318862-8,Spottio Indoor Solutions Oy,2025-12-31,2026-06-30,instant,,2024-12-31,x551,Aineettomat hyödykkeet,mi53,Kirjanpitoarvo,3750.00,ISO4217_EUR,2,MCY=x551;REF=x4,https://avoindata.prh.fi/opendata-xbrl-api/v3/financial?businessId=3318862-8&financialDate=2025-12-31
33,3318862-8,Spottio Indoor Solutions Oy,2025-12-31,2026-06-30,instant,,2025-12-31,x513,Pysyvät vastaavat,mi53,Kirjanpitoarvo,3000.00,ISO4217_EUR,2,MCY=x513,https://avoindata.prh.fi/opendata-xbrl-api/v3/financial?businessId=3318862-8&financialDate=2025-12-31
33,3318862-8,Spottio Indoor Solutions Oy,2025-12-31,2026-06-30,instant,,2024-12-31,x513,Pysyvät vastaavat,mi53,Kirjanpitoarvo,3750.00,ISO4217_EUR,2,MCY=x513;REF=x4,https://avoindata.prh.fi/opendata-xbrl-api/v3/financial?businessId=3318862-8&financialDate=2025-12-31
33,3318862-8,Spottio Indoor Solutions Oy,2025-12-31,2026-06-30,instant,,2025-12-31,x1757,Aineet ja tarvikkeet,mi53,Kirjanpitoarvo,22977.00,ISO4217_EUR,2,MCY=x1757,https://avoindata.prh.fi/opendata-xbrl-api/v3/financial?businessId=3318862-8&financialDate=2025-12-31
33,3318862-8,Spottio Indoor Solutions Oy,2025-12-31,2026-06-30,instant,,2024-12-31,x1757,Aineet ja tarvikkeet,mi53,Kirjanpitoarvo,24148.50,ISO4217_EUR,2,MCY=x1757;REF=x4,https://avoindata.prh.fi/opendata-xbrl-api/v3/financial?businessId=3318862-8&financialDate=2025-12-31
33,3318862-8,Spottio Indoor Solutions Oy,2025-12-31,2026-06-30,instant,,2025-12-31,x807,Vaihto-omaisuus,mi53,Kirjanpitoarvo,22977.00,ISO4217_EUR,2,MCY=x807,https://avoindata.prh.fi/opendata-xbrl-api/v3/financial?businessId=3318862-8&financialDate=2025-12-31
33,3318862-8,Spottio Indoor Solutions Oy,2025-12-31,2026-06-30,instant,,2024-12-31,x807,Vaihto-omaisuus,mi53,Kirjanpitoarvo,24148.50,ISO4217_EUR,2,MCY=x807;REF=x4,https://avoindata.prh.fi/opendata-xbrl-api/v3/financial?businessId=3318862-8&financialDate=2025-12-31
33,3318862-8,Spottio Indoor Solutions Oy,2025-12-31,2026-06-30,instant,,2025-12-31,x1769,Lyhytaikaiset myyntisaamiset,mi53,Kirjanpitoarvo,0.00,ISO4217_EUR,2,MCY=x1769,https://avoindata.prh.fi/opendata-xbrl-api/v3/financial?businessId=3318862-8&financialDate=2025-12-31
33,3318862-8,Spottio Indoor Solutions Oy,2025-12-31,2026-06-30,instant,,2024-12-31,x1769,Lyhytaikaiset myyntisaamiset,mi53,Kirjanpitoarvo,771.83,ISO4217_EUR,2,MCY=x1769;REF=x4,https://avoindata.prh.fi/opendata-xbrl-api/v3/financial?businessId=3318862-8&financialDate=2025-12-31
33,3318862-8,Spottio Indoor Solutions Oy,2025-12-31,2026-06-30,instant,,2025-12-31,x1771,Lyhytaikaiset muut saamiset,mi53,Kirjanpitoarvo,701.58,ISO4217_EUR,2,MCY=x1771,https://avoindata.prh.fi/opendata-xbrl-api/v3/financial?businessId=3318862-8&financialDate=2025-12-31
33,3318862-8,Spottio Indoor Solutions Oy,2025-12-31,2026-06-30,instant,,2024-12-31,x1771,Lyhytaikaiset muut saamiset,mi53,Kirjanpitoarvo,3058.99,ISO4217_EUR,2,MCY=x1771;REF=x4,https://avoindata.prh.fi/opendata-xbrl-api/v3/financial?businessId=3318862-8&financialDate=2025-12-31
33,3318862-8,Spottio Indoor Solutions Oy,2025-12-31,2026-06-30,instant,,2025-12-31,x1775,Lyhytaikaiset siirtosaamiset,mi53,Kirjanpitoarvo,24.11,ISO4217_EUR,2,MCY=x1775,https://avoindata.prh.fi/opendata-xbrl-api/v3/financial?businessId=3318862-8&financialDate=2025-12-31
33,3318862-8,Spottio Indoor Solutions Oy,2025-12-31,2026-06-30,instant,,2024-12-31,x1775,Lyhytaikaiset siirtosaamiset,mi53,Kirjanpitoarvo,567.88,ISO4217_EUR,2,MCY=x1775;REF=x4,https://avoindata.prh.fi/opendata-xbrl-api/v3/financial?businessId=3318862-8&financialDate=2025-12-31
33,3318862-8,Spottio Indoor Solutions Oy,2025-12-31,2026-06-30,instant,,2025-12-31,x1768,Lyhytaikaiset saamiset,mi53,Kirjanpitoarvo,725.69,ISO4217_EUR,2,MCY=x1768,https://avoindata.prh.fi/opendata-xbrl-api/v3/financial?businessId=3318862-8&financialDate=2025-12-31
33,3318862-8,Spottio Indoor Solutions Oy,2025-12-31,2026-06-30,instant,,2024-12-31,x1768,Lyhytaikaiset saamiset,mi53,Kirjanpitoarvo,4398.70,ISO4217_EUR,2,MCY=x1768;REF=x4,https://avoindata.prh.fi/opendata-xbrl-api/v3/financial?businessId=3318862-8&financialDate=2025-12-31
33,3318862-8,Spottio Indoor Solutions Oy,2025-12-31,2026-06-30,instant,,2025-12-31,x438,Saamiset,mi53,Kirjanpitoarvo,725.69,ISO4217_EUR,2,MCY=x438,https://avoindata.prh.fi/opendata-xbrl-api/v3/financial?businessId=3318862-8&financialDate=2025-12-31
33,3318862-8,Spottio Indoor Solutions Oy,2025-12-31,2026-06-30,instant,,2024-12-31,x438,Saamiset,mi53,Kirjanpitoarvo,4398.70,ISO4217_EUR,2,MCY=x438;REF=x4,https://avoindata.prh.fi/opendata-xbrl-api/v3/financial?businessId=3318862-8&financialDate=2025-12-31
33,3318862-8,Spottio Indoor Solutions Oy,2025-12-31,2026-06-30,instant,,2025-12-31,x399,Rahat ja pankkisaamiset,mi53,Kirjanpitoarvo,6726.72,ISO4217_EUR,2,MCY=x399,https://avoindata.prh.fi/opendata-xbrl-api/v3/financial?businessId=3318862-8&financialDate=2025-12-31
33,3318862-8,Spottio Indoor Solutions Oy,2025-12-31,2026-06-30,instant,,2024-12-31,x399,Rahat ja pankkisaamiset,mi53,Kirjanpitoarvo,11331.65,ISO4217_EUR,2,MCY=x399;REF=x4,https://avoindata.prh.fi/opendata-xbrl-api/v3/financial?businessId=3318862-8&financialDate=2025-12-31
33,3318862-8,Spottio Indoor Solutions Oy,2025-12-31,2026-06-30,instant,,2025-12-31,x435,Vaihtuvat vastaavat,mi53,Kirjanpitoarvo,30429.41,ISO4217_EUR,2,MCY=x435,https://avoindata.prh.fi/opendata-xbrl-api/v3/financial?businessId=3318862-8&financialDate=2025-12-31
33,3318862-8,Spottio Indoor Solutions Oy,2025-12-31,2026-06-30,instant,,2024-12-31,x435,Vaihtuvat vastaavat,mi53,Kirjanpitoarvo,39878.85,ISO4217_EUR,2,MCY=x435;REF=x4,https://avoindata.prh.fi/opendata-xbrl-api/v3/financial?businessId=3318862-8&financialDate=2025-12-31
33,3318862-8,Spottio Indoor Solutions Oy,2025-12-31,2026-06-30,instant,,2025-12-31,x360,Vastaavaa,mi53,Kirjanpitoarvo,33429.41,ISO4217_EUR,2,MCY=x360,https://avoindata.prh.fi/opendata-xbrl-api/v3/financial?businessId=3318862-8&financialDate=2025-12-31
33,3318862-8,Spottio Indoor Solutions Oy,2025-12-31,2026-06-30,instant,,2024-12-31,x360,Vastaavaa,mi53,Kirjanpitoarvo,43628.85,ISO4217_EUR,2,MCY=x360;REF=x4,https://avoindata.prh.fi/opendata-xbrl-api/v3/financial?businessId=3318862-8&financialDate=2025-12-31
33,3318862-8,Spottio Indoor Solutions Oy,2025-12-31,2026-06-30,instant,,2025-12-31,x924,Sijoitetun vapaan oman pääoman rahasto,mi53,Kirjanpitoarvo,203034.32,ISO4217_EUR,2,MCY=x924,https://avoindata.prh.fi/opendata-xbrl-api/v3/financial?businessId=3318862-8&financialDate=2025-12-31
33,3318862-8,Spottio Indoor Solutions Oy,2025-12-31,2026-06-30,instant,,2024-12-31,x924,Sijoitetun vapaan oman pääoman rahasto,mi53,Kirjanpitoarvo,203034.32,ISO4217_EUR,2,MCY=x924;REF=x4,https://avoindata.prh.fi/opendata-xbrl-api/v3/financial?businessId=3318862-8&financialDate=2025-12-31
33,3318862-8,Spottio Indoor Solutions Oy,2025-12-31,2026-06-30,instant,,2025-12-31,x932,Edellisten tilikausien voitto (tappio),mi53,Kirjanpitoarvo,-436645.04,ISO4217_EUR,2,MCY=x932,https://avoindata.prh.fi/opendata-xbrl-api/v3/financial?businessId=3318862-8&financialDate=2025-12-31
33,3318862-8,Spottio Indoor Solutions Oy,2025-12-31,2026-06-30,instant,,2024-12-31,x932,Edellisten tilikausien voitto (tappio),mi53,Kirjanpitoarvo,-168970.60,ISO4217_EUR,2,MCY=x932;REF=x4,https://avoindata.prh.fi/opendata-xbrl-api/v3/financial?businessId=3318862-8&financialDate=2025-12-31
33,3318862-8,Spottio Indoor Solutions Oy,2025-12-31,2026-06-30,instant,,2025-12-31,x2895,"Tilikauden voitto (tappio), oma pääoma",mi53,Kirjanpitoarvo,-160404.43,ISO4217_EUR,2,MCY=x2895,https://avoindata.prh.fi/opendata-xbrl-api/v3/financial?businessId=3318862-8&financialDate=2025-12-31
33,3318862-8,Spottio Indoor Solutions Oy,2025-12-31,2026-06-30,instant,,2024-12-31,x2895,"Tilikauden voitto (tappio), oma pääoma",mi53,Kirjanpitoarvo,-267674.44,ISO4217_EUR,2,MCY=x2895;REF=x4,https://avoindata.prh.fi/opendata-xbrl-api/v3/financial?businessId=3318862-8&financialDate=2025-12-31
33,3318862-8,Spottio Indoor Solutions Oy,2025-12-31,2026-06-30,instant,,2025-12-31,x376,Oma pääoma,mi53,Kirjanpitoarvo,-394015.15,ISO4217_EUR,2,MCY=x376,https://avoindata.prh.fi/opendata-xbrl-api/v3/financial?businessId=3318862-8&financialDate=2025-12-31
33,3318862-8,Spottio Indoor Solutions Oy,2025-12-31,2026-06-30,instant,,2024-12-31,x376,Oma pääoma,mi53,Kirjanpitoarvo,-233610.72,ISO4217_EUR,2,MCY=x376;REF=x4,https://avoindata.prh.fi/opendata-xbrl-api/v3/financial?businessId=3318862-8&financialDate=2025-12-31
33,3318862-8,Spottio Indoor Solutions Oy,2025-12-31,2026-06-30,instant,,2025-12-31,x2920,Pitkäaikaiset pääomalainat,mi53,Kirjanpitoarvo,234563.34,ISO4217_EUR,2,MCY=x2920,https://avoindata.prh.fi/opendata-xbrl-api/v3/financial?businessId=3318862-8&financialDate=2025-12-31
33,3318862-8,Spottio Indoor Solutions Oy,2025-12-31,2026-06-30,instant,,2024-12-31,x2920,Pitkäaikaiset pääomalainat,mi53,Kirjanpitoarvo,234563.34,ISO4217_EUR,2,MCY=x2920;REF=x4,https://avoindata.prh.fi/opendata-xbrl-api/v3/financial?businessId=3318862-8&financialDate=2025-12-31
33,3318862-8,Spottio Indoor Solutions Oy,2025-12-31,2026-06-30,instant,,2025-12-31,x1830,Pitkäaikainen vieras pääoma,mi53,Kirjanpitoarvo,234563.34,ISO4217_EUR,2,MCY=x1830,https://avoindata.prh.fi/opendata-xbrl-api/v3/financial?businessId=3318862-8&financialDate=2025-12-31
33,3318862-8,Spottio Indoor Solutions Oy,2025-12-31,2026-06-30,instant,,2024-12-31,x1830,Pitkäaikainen vieras pääoma,mi53,Kirjanpitoarvo,234563.34,ISO4217_EUR,2,MCY=x1830;REF=x4,https://avoindata.prh.fi/opendata-xbrl-api/v3/financial?businessId=3318862-8&financialDate=2025-12-31
33,3318862-8,Spottio Indoor Solutions Oy,2025-12-31,2026-06-30,instant,,2025-12-31,x3051,Lyhytaikaiset velat saman konsernin yrityksille,mi53,Kirjanpitoarvo,172846.49,ISO4217_EUR,2,MCY=x3051,https://avoindata.prh.fi/opendata-xbrl-api/v3/financial?businessId=3318862-8&financialDate=2025-12-31
33,3318862-8,Spottio Indoor Solutions Oy,2025-12-31,2026-06-30,instant,,2024-12-31,x3051,Lyhytaikaiset velat saman konsernin yrityksille,mi53,Kirjanpitoarvo,9030.38,ISO4217_EUR,2,MCY=x3051;REF=x4,https://avoindata.prh.fi/opendata-xbrl-api/v3/financial?businessId=3318862-8&financialDate=2025-12-31
33,3318862-8,Spottio Indoor Solutions Oy,2025-12-31,2026-06-30,instant,,2025-12-31,x1819,Lyhytaikaiset ostovelat,mi53,Kirjanpitoarvo,4782.63,ISO4217_EUR,2,MCY=x1819,https://avoindata.prh.fi/opendata-xbrl-api/v3/financial?businessId=3318862-8&financialDate=2025-12-31
33,3318862-8,Spottio Indoor Solutions Oy,2025-12-31,2026-06-30,instant,,2024-12-31,x1819,Lyhytaikaiset ostovelat,mi53,Kirjanpitoarvo,15271.47,ISO4217_EUR,2,MCY=x1819;REF=x4,https://avoindata.prh.fi/opendata-xbrl-api/v3/financial?businessId=3318862-8&financialDate=2025-12-31
33,3318862-8,Spottio Indoor Solutions Oy,2025-12-31,2026-06-30,instant,,2025-12-31,x1825,Lyhytaikaiset muut velat,mi53,Kirjanpitoarvo,2509.42,ISO4217_EUR,2,MCY=x1825,https://avoindata.prh.fi/opendata-xbrl-api/v3/financial?businessId=3318862-8&financialDate=2025-12-31
33,3318862-8,Spottio Indoor Solutions Oy,2025-12-31,2026-06-30,instant,,2024-12-31,x1825,Lyhytaikaiset muut velat,mi53,Kirjanpitoarvo,2681.63,ISO4217_EUR,2,MCY=x1825;REF=x4,https://avoindata.prh.fi/opendata-xbrl-api/v3/financial?businessId=3318862-8&financialDate=2025-12-31
33,3318862-8,Spottio Indoor Solutions Oy,2025-12-31,2026-06-30,instant,,2025-12-31,x1826,Lyhytaikaiset siirtovelat,mi53,Kirjanpitoarvo,12742.68,ISO4217_EUR,2,MCY=x1826,https://avoindata.prh.fi/opendata-xbrl-api/v3/financial?businessId=3318862-8&financialDate=2025-12-31
33,3318862-8,Spottio Indoor Solutions Oy,2025-12-31,2026-06-30,instant,,2024-12-31,x1826,Lyhytaikaiset siirtovelat,mi53,Kirjanpitoarvo,15692.75,ISO4217_EUR,2,MCY=x1826;REF=x4,https://avoindata.prh.fi/opendata-xbrl-api/v3/financial?businessId=3318862-8&financialDate=2025-12-31
33,3318862-8,Spottio Indoor Solutions Oy,2025-12-31,2026-06-30,instant,,2025-12-31,x1811,Lyhytaikainen vieras pääoma,mi53,Kirjanpitoarvo,192881.22,ISO4217_EUR,2,MCY=x1811,https://avoindata.prh.fi/opendata-xbrl-api/v3/financial?businessId=3318862-8&financialDate=2025-12-31
33,3318862-8,Spottio Indoor Solutions Oy,2025-12-31,2026-06-30,instant,,2024-12-31,x1811,Lyhytaikainen vieras pääoma,mi53,Kirjanpitoarvo,42676.23,ISO4217_EUR,2,MCY=x1811;REF=x4,https://avoindata.prh.fi/opendata-xbrl-api/v3/financial?businessId=3318862-8&financialDate=2025-12-31
33,3318862-8,Spottio Indoor Solutions Oy,2025-12-31,2026-06-30,instant,,2025-12-31,x424,Vieras pääoma,mi53,Kirjanpitoarvo,427444.56,ISO4217_EUR,2,MCY=x424,https://avoindata.prh.fi/opendata-xbrl-api/v3/financial?businessId=3318862-8&financialDate=2025-12-31
33,3318862-8,Spottio Indoor Solutions Oy,2025-12-31,2026-06-30,instant,,2024-12-31,x424,Vieras pääoma,mi53,Kirjanpitoarvo,277239.57,ISO4217_EUR,2,MCY=x424;REF=x4,https://avoindata.prh.fi/opendata-xbrl-api/v3/financial?businessId=3318862-8&financialDate=2025-12-31
33,3318862-8,Spottio Indoor Solutions Oy,2025-12-31,2026-06-30,instant,,2025-12-31,x481,Vastattavaa,mi53,Kirjanpitoarvo,33429.41,ISO4217_EUR,2,MCY=x481,https://avoindata.prh.fi/opendata-xbrl-api/v3/financial?businessId=3318862-8&financialDate=2025-12-31
33,3318862-8,Spottio Indoor Solutions Oy,2025-12-31,2026-06-30,instant,,2024-12-31,x481,Vastattavaa,mi53,Kirjanpitoarvo,43628.85,ISO4217_EUR,2,MCY=x481;REF=x4,https://avoindata.prh.fi/opendata-xbrl-api/v3/financial?businessId=3318862-8&financialDate=2025-12-31
33,3318862-8,Spottio Indoor Solutions Oy,2025-12-31,2026-06-30,instant,,2025-12-31,x520,Bruttotulos,md103,Tilikauden rahallinen kertymä,-4228.84,ISO4217_EUR,2,MCY=x520,https://avoindata.prh.fi/opendata-xbrl-api/v3/financial?businessId=3318862-8&financialDate=2025-12-31
33,3318862-8,Spottio Indoor Solutions Oy,2025-12-31,2026-06-30,instant,,2024-12-31,x520,Bruttotulos,md103,Tilikauden rahallinen kertymä,-37723.63,ISO4217_EUR,2,MCY=x520,https://avoindata.prh.fi/opendata-xbrl-api/v3/financial?businessId=3318862-8&financialDate=2025-12-31
33,3318862-8,Spottio Indoor Solutions Oy,2025-12-31,2026-06-30,instant,,2025-12-31,x6,Palkat ja palkkiot,md103,Tilikauden rahallinen kertymä,91050.00,ISO4217_EUR,2,MCY=x6,https://avoindata.prh.fi/opendata-xbrl-api/v3/financial?businessId=3318862-8&financialDate=2025-12-31
33,3318862-8,Spottio Indoor Solutions Oy,2025-12-31,2026-06-30,instant,,2024-12-31,x6,Palkat ja palkkiot,md103,Tilikauden rahallinen kertymä,95556.57,ISO4217_EUR,2,MCY=x6,https://avoindata.prh.fi/opendata-xbrl-api/v3/financial?businessId=3318862-8&financialDate=2025-12-31
33,3318862-8,Spottio Indoor Solutions Oy,2025-12-31,2026-06-30,instant,,2025-12-31,x8,Eläkekulut,md103,Tilikauden rahallinen kertymä,16470.17,ISO4217_EUR,2,MCY=x8,https://avoindata.prh.fi/opendata-xbrl-api/v3/financial?businessId=3318862-8&financialDate=2025-12-31
33,3318862-8,Spottio Indoor Solutions Oy,2025-12-31,2026-06-30,instant,,2024-12-31,x8,Eläkekulut,md103,Tilikauden rahallinen kertymä,16883.87,ISO4217_EUR,2,MCY=x8,https://avoindata.prh.fi/opendata-xbrl-api/v3/financial?businessId=3318862-8&financialDate=2025-12-31
33,3318862-8,Spottio Indoor Solutions Oy,2025-12-31,2026-06-30,instant,,2025-12-31,x9,Muut henkilösivukulut,md103,Tilikauden rahallinen kertymä,2579.14,ISO4217_EUR,2,MCY=x9,https://avoindata.prh.fi/opendata-xbrl-api/v3/financial?businessId=3318862-8&financialDate=2025-12-31
33,3318862-8,Spottio Indoor Solutions Oy,2025-12-31,2026-06-30,instant,,2024-12-31,x9,Muut henkilösivukulut,md103,Tilikauden rahallinen kertymä,1907.75,ISO4217_EUR,2,MCY=x9,https://avoindata.prh.fi/opendata-xbrl-api/v3/financial?businessId=3318862-8&financialDate=2025-12-31
33,3318862-8,Spottio Indoor Solutions Oy,2025-12-31,2026-06-30,instant,,2025-12-31,x5,Henkilöstökulut,md103,Tilikauden rahallinen kertymä,110099.31,ISO4217_EUR,2,MCY=x5,https://avoindata.prh.fi/opendata-xbrl-api/v3/financial?businessId=3318862-8&financialDate=2025-12-31
33,3318862-8,Spottio Indoor Solutions Oy,2025-12-31,2026-06-30,instant,,2024-12-31,x5,Henkilöstökulut,md103,Tilikauden rahallinen kertymä,114348.19,ISO4217_EUR,2,MCY=x5,https://avoindata.prh.fi/opendata-xbrl-api/v3/financial?businessId=3318862-8&financialDate=2025-12-31
33,3318862-8,Spottio Indoor Solutions Oy,2025-12-31,2026-06-30,instant,,2025-12-31,x449,Suunnitelman mukaiset poistot,md103,Tilikauden rahallinen kertymä,750.00,ISO4217_EUR,2,MCY=x449,https://avoindata.prh.fi/opendata-xbrl-api/v3/financial?businessId=3318862-8&financialDate=2025-12-31
33,3318862-8,Spottio Indoor Solutions Oy,2025-12-31,2026-06-30,instant,,2024-12-31,x449,Suunnitelman mukaiset poistot,md103,Tilikauden rahallinen kertymä,48622.77,ISO4217_EUR,2,MCY=x449,https://avoindata.prh.fi/opendata-xbrl-api/v3/financial?businessId=3318862-8&financialDate=2025-12-31
33,3318862-8,Spottio Indoor Solutions Oy,2025-12-31,2026-06-30,instant,,2025-12-31,x448,Poistot ja arvonalentumiset,md103,Tilikauden rahallinen kertymä,750.00,ISO4217_EUR,2,MCY=x448,https://avoindata.prh.fi/opendata-xbrl-api/v3/financial?businessId=3318862-8&financialDate=2025-12-31
33,3318862-8,Spottio Indoor Solutions Oy,2025-12-31,2026-06-30,instant,,2024-12-31,x448,Poistot ja arvonalentumiset,md103,Tilikauden rahallinen kertymä,48622.77,ISO4217_EUR,2,MCY=x448,https://avoindata.prh.fi/opendata-xbrl-api/v3/financial?businessId=3318862-8&financialDate=2025-12-31
33,3318862-8,Spottio Indoor Solutions Oy,2025-12-31,2026-06-30,instant,,2025-12-31,x1869,Liiketoiminnan muut kulut,md103,Tilikauden rahallinen kertymä,38010.17,ISO4217_EUR,2,MCY=x1869,https://avoindata.prh.fi/opendata-xbrl-api/v3/financial?businessId=3318862-8&financialDate=2025-12-31
33,3318862-8,Spottio Indoor Solutions Oy,2025-12-31,2026-06-30,instant,,2024-12-31,x1869,Liiketoiminnan muut kulut,md103,Tilikauden rahallinen kertymä,56755.69,ISO4217_EUR,2,MCY=x1869,https://avoindata.prh.fi/opendata-xbrl-api/v3/financial?businessId=3318862-8&financialDate=2025-12-31
33,3318862-8,Spottio Indoor Solutions Oy,2025-12-31,2026-06-30,instant,,2025-12-31,x689,Liikevoitto (-tappio),md103,Tilikauden rahallinen kertymä,-153088.32,ISO4217_EUR,2,MCY=x689,https://avoindata.prh.fi/opendata-xbrl-api/v3/financial?businessId=3318862-8&financialDate=2025-12-31
33,3318862-8,Spottio Indoor Solutions Oy,2025-12-31,2026-06-30,instant,,2024-12-31,x689,Liikevoitto (-tappio),md103,Tilikauden rahallinen kertymä,-257450.28,ISO4217_EUR,2,MCY=x689,https://avoindata.prh.fi/opendata-xbrl-api/v3/financial?businessId=3318862-8&financialDate=2025-12-31
33,3318862-8,Spottio Indoor Solutions Oy,2025-12-31,2026-06-30,instant,,2025-12-31,x4014,Muut korko- ja rahoitustuotot muilta kuin saman konsernin yrityksiltä,md103,Tilikauden rahallinen kertymä,0.00,ISO4217_EUR,2,MCY=x4014,https://avoindata.prh.fi/opendata-xbrl-api/v3/financial?businessId=3318862-8&financialDate=2025-12-31
33,3318862-8,Spottio Indoor Solutions Oy,2025-12-31,2026-06-30,instant,,2024-12-31,x4014,Muut korko- ja rahoitustuotot muilta kuin saman konsernin yrityksiltä,md103,Tilikauden rahallinen kertymä,0.29,ISO4217_EUR,2,MCY=x4014,https://avoindata.prh.fi/opendata-xbrl-api/v3/financial?businessId=3318862-8&financialDate=2025-12-31
33,3318862-8,Spottio Indoor Solutions Oy,2025-12-31,2026-06-30,instant,,2025-12-31,x4029,Korkokulut ja muut rahoituskulut saman konsernin yrityksille,md103,Tilikauden rahallinen kertymä,7316.11,ISO4217_EUR,2,MCY=x4029,https://avoindata.prh.fi/opendata-xbrl-api/v3/financial?businessId=3318862-8&financialDate=2025-12-31
33,3318862-8,Spottio Indoor Solutions Oy,2025-12-31,2026-06-30,instant,,2024-12-31,x4029,Korkokulut ja muut rahoituskulut saman konsernin yrityksille,md103,Tilikauden rahallinen kertymä,10224.45,ISO4217_EUR,2,MCY=x4029,https://avoindata.prh.fi/opendata-xbrl-api/v3/financial?businessId=3318862-8&financialDate=2025-12-31
33,3318862-8,Spottio Indoor Solutions Oy,2025-12-31,2026-06-30,instant,,2025-12-31,x12,Rahoitustuotot ja -kulut + (-),md103,Tilikauden rahallinen kertymä,7316.11,ISO4217_EUR,2,MCY=x12,https://avoindata.prh.fi/opendata-xbrl-api/v3/financial?businessId=3318862-8&financialDate=2025-12-31
33,3318862-8,Spottio Indoor Solutions Oy,2025-12-31,2026-06-30,instant,,2024-12-31,x12,Rahoitustuotot ja -kulut + (-),md103,Tilikauden rahallinen kertymä,10224.16,ISO4217_EUR,2,MCY=x12,https://avoindata.prh.fi/opendata-xbrl-api/v3/financial?businessId=3318862-8&financialDate=2025-12-31
33,3318862-8,Spottio Indoor Solutions Oy,2025-12-31,2026-06-30,instant,,2025-12-31,x738,Voitto (tappio) ennen tilinpäätössiirtoja ja veroja,md103,Tilikauden rahallinen kertymä,-160404.43,ISO4217_EUR,2,MCY=x738,https://avoindata.prh.fi/opendata-xbrl-api/v3/financial?businessId=3318862-8&financialDate=2025-12-31
33,3318862-8,Spottio Indoor Solutions Oy,2025-12-31,2026-06-30,instant,,2024-12-31,x738,Voitto (tappio) ennen tilinpäätössiirtoja ja veroja,md103,Tilikauden rahallinen kertymä,-267674.44,ISO4217_EUR,2,MCY=x738,https://avoindata.prh.fi/opendata-xbrl-api/v3/financial?businessId=3318862-8&financialDate=2025-12-31
33,3318862-8,Spottio Indoor Solutions Oy,2025-12-31,2026-06-30,instant,,2025-12-31,x740,Tilikauden voitto (tappio),md103,Tilikauden rahallinen kertymä,-160404.43,ISO4217_EUR,2,MCY=x740,https://avoindata.prh.fi/opendata-xbrl-api/v3/financial?businessId=3318862-8&financialDate=2025-12-31
33,3318862-8,Spottio Indoor Solutions Oy,2025-12-31,2026-06-30,instant,,2024-12-31,x740,Tilikauden voitto (tappio),md103,Tilikauden rahallinen kertymä,-267674.44,ISO4217_EUR,2,MCY=x740,https://avoindata.prh.fi/opendata-xbrl-api/v3/financial?businessId=3318862-8&financialDate=2025-12-31
34,3319310-1,Päivärinteen Palvelut Oy,2025-10-31,2026-03-21,instant,,2025-10-31,x1035,Aineettomat oikeudet,mi53,Kirjanpitoarvo,600.00,ISO4217_EUR,2,MCY=x1035,https://avoindata.prh.fi/opendata-xbrl-api/v3/financial?businessId=3319310-1&financialDate=2025-10-31
34,3319310-1,Päivärinteen Palvelut Oy,2025-10-31,2026-03-21,instant,,2024-10-31,x1035,Aineettomat oikeudet,mi53,Kirjanpitoarvo,1200.00,ISO4217_EUR,2,MCY=x1035;REF=x4,https://avoindata.prh.fi/opendata-xbrl-api/v3/financial?businessId=3319310-1&financialDate=2025-10-31
34,3319310-1,Päivärinteen Palvelut Oy,2025-10-31,2026-03-21,instant,,2025-10-31,x2285,Muut aineettomat hyödykkeet (KPL),mi53,Kirjanpitoarvo,9383.32,ISO4217_EUR,2,MCY=x2285,https://avoindata.prh.fi/opendata-xbrl-api/v3/financial?businessId=3319310-1&financialDate=2025-10-31
34,3319310-1,Päivärinteen Palvelut Oy,2025-10-31,2026-03-21,instant,,2024-10-31,x2285,Muut aineettomat hyödykkeet (KPL),mi53,Kirjanpitoarvo,9621.38,ISO4217_EUR,2,MCY=x2285;REF=x4,https://avoindata.prh.fi/opendata-xbrl-api/v3/financial?businessId=3319310-1&financialDate=2025-10-31
34,3319310-1,Päivärinteen Palvelut Oy,2025-10-31,2026-03-21,instant,,2025-10-31,x551,Aineettomat hyödykkeet,mi53,Kirjanpitoarvo,9983.32,ISO4217_EUR,2,MCY=x551,https://avoindata.prh.fi/opendata-xbrl-api/v3/financial?businessId=3319310-1&financialDate=2025-10-31
34,3319310-1,Päivärinteen Palvelut Oy,2025-10-31,2026-03-21,instant,,2024-10-31,x551,Aineettomat hyödykkeet,mi53,Kirjanpitoarvo,10821.38,ISO4217_EUR,2,MCY=x551;REF=x4,https://avoindata.prh.fi/opendata-xbrl-api/v3/financial?businessId=3319310-1&financialDate=2025-10-31
34,3319310-1,Päivärinteen Palvelut Oy,2025-10-31,2026-03-21,instant,,2025-10-31,x1036,Koneet ja kalusto,mi53,Kirjanpitoarvo,87000.18,ISO4217_EUR,2,MCY=x1036,https://avoindata.prh.fi/opendata-xbrl-api/v3/financial?businessId=3319310-1&financialDate=2025-10-31
34,3319310-1,Päivärinteen Palvelut Oy,2025-10-31,2026-03-21,instant,,2024-10-31,x1036,Koneet ja kalusto,mi53,Kirjanpitoarvo,62768.61,ISO4217_EUR,2,MCY=x1036;REF=x4,https://avoindata.prh.fi/opendata-xbrl-api/v3/financial?businessId=3319310-1&financialDate=2025-10-31
34,3319310-1,Päivärinteen Palvelut Oy,2025-10-31,2026-03-21,instant,,2025-10-31,x816,Aineelliset hyödykkeet,mi53,Kirjanpitoarvo,87000.18,ISO4217_EUR,2,MCY=x816,https://avoindata.prh.fi/opendata-xbrl-api/v3/financial?businessId=3319310-1&financialDate=2025-10-31
34,3319310-1,Päivärinteen Palvelut Oy,2025-10-31,2026-03-21,instant,,2024-10-31,x816,Aineelliset hyödykkeet,mi53,Kirjanpitoarvo,62768.61,ISO4217_EUR,2,MCY=x816;REF=x4,https://avoindata.prh.fi/opendata-xbrl-api/v3/financial?businessId=3319310-1&financialDate=2025-10-31
34,3319310-1,Päivärinteen Palvelut Oy,2025-10-31,2026-03-21,instant,,2025-10-31,x513,Pysyvät vastaavat,mi53,Kirjanpitoarvo,96983.50,ISO4217_EUR,2,MCY=x513,https://avoindata.prh.fi/opendata-xbrl-api/v3/financial?businessId=3319310-1&financialDate=2025-10-31
34,3319310-1,Päivärinteen Palvelut Oy,2025-10-31,2026-03-21,instant,,2024-10-31,x513,Pysyvät vastaavat,mi53,Kirjanpitoarvo,73589.99,ISO4217_EUR,2,MCY=x513;REF=x4,https://avoindata.prh.fi/opendata-xbrl-api/v3/financial?businessId=3319310-1&financialDate=2025-10-31
34,3319310-1,Päivärinteen Palvelut Oy,2025-10-31,2026-03-21,instant,,2025-10-31,x1757,Aineet ja tarvikkeet,mi53,Kirjanpitoarvo,2816.30,ISO4217_EUR,2,MCY=x1757,https://avoindata.prh.fi/opendata-xbrl-api/v3/financial?businessId=3319310-1&financialDate=2025-10-31
34,3319310-1,Päivärinteen Palvelut Oy,2025-10-31,2026-03-21,instant,,2024-10-31,x1757,Aineet ja tarvikkeet,mi53,Kirjanpitoarvo,2471.43,ISO4217_EUR,2,MCY=x1757;REF=x4,https://avoindata.prh.fi/opendata-xbrl-api/v3/financial?businessId=3319310-1&financialDate=2025-10-31
34,3319310-1,Päivärinteen Palvelut Oy,2025-10-31,2026-03-21,instant,,2025-10-31,x807,Vaihto-omaisuus,mi53,Kirjanpitoarvo,2816.30,ISO4217_EUR,2,MCY=x807,https://avoindata.prh.fi/opendata-xbrl-api/v3/financial?businessId=3319310-1&financialDate=2025-10-31
34,3319310-1,Päivärinteen Palvelut Oy,2025-10-31,2026-03-21,instant,,2024-10-31,x807,Vaihto-omaisuus,mi53,Kirjanpitoarvo,2471.43,ISO4217_EUR,2,MCY=x807;REF=x4,https://avoindata.prh.fi/opendata-xbrl-api/v3/financial?businessId=3319310-1&financialDate=2025-10-31
34,3319310-1,Päivärinteen Palvelut Oy,2025-10-31,2026-03-21,instant,,2025-10-31,x1769,Lyhytaikaiset myyntisaamiset,mi53,Kirjanpitoarvo,32213.66,ISO4217_EUR,2,MCY=x1769,https://avoindata.prh.fi/opendata-xbrl-api/v3/financial?businessId=3319310-1&financialDate=2025-10-31
34,3319310-1,Päivärinteen Palvelut Oy,2025-10-31,2026-03-21,instant,,2024-10-31,x1769,Lyhytaikaiset myyntisaamiset,mi53,Kirjanpitoarvo,20082.90,ISO4217_EUR,2,MCY=x1769;REF=x4,https://avoindata.prh.fi/opendata-xbrl-api/v3/financial?businessId=3319310-1&financialDate=2025-10-31
34,3319310-1,Päivärinteen Palvelut Oy,2025-10-31,2026-03-21,instant,,2025-10-31,x1775,Lyhytaikaiset siirtosaamiset,mi53,Kirjanpitoarvo,3885.64,ISO4217_EUR,2,MCY=x1775,https://avoindata.prh.fi/opendata-xbrl-api/v3/financial?businessId=3319310-1&financialDate=2025-10-31
34,3319310-1,Päivärinteen Palvelut Oy,2025-10-31,2026-03-21,instant,,2024-10-31,x1775,Lyhytaikaiset siirtosaamiset,mi53,Kirjanpitoarvo,1156.00,ISO4217_EUR,2,MCY=x1775;REF=x4,https://avoindata.prh.fi/opendata-xbrl-api/v3/financial?businessId=3319310-1&financialDate=2025-10-31
34,3319310-1,Päivärinteen Palvelut Oy,2025-10-31,2026-03-21,instant,,2025-10-31,x1768,Lyhytaikaiset saamiset,mi53,Kirjanpitoarvo,36099.30,ISO4217_EUR,2,MCY=x1768,https://avoindata.prh.fi/opendata-xbrl-api/v3/financial?businessId=3319310-1&financialDate=2025-10-31
34,3319310-1,Päivärinteen Palvelut Oy,2025-10-31,2026-03-21,instant,,2024-10-31,x1768,Lyhytaikaiset saamiset,mi53,Kirjanpitoarvo,21238.90,ISO4217_EUR,2,MCY=x1768;REF=x4,https://avoindata.prh.fi/opendata-xbrl-api/v3/financial?businessId=3319310-1&financialDate=2025-10-31
34,3319310-1,Päivärinteen Palvelut Oy,2025-10-31,2026-03-21,instant,,2025-10-31,x438,Saamiset,mi53,Kirjanpitoarvo,36099.30,ISO4217_EUR,2,MCY=x438,https://avoindata.prh.fi/opendata-xbrl-api/v3/financial?businessId=3319310-1&financialDate=2025-10-31
34,3319310-1,Päivärinteen Palvelut Oy,2025-10-31,2026-03-21,instant,,2024-10-31,x438,Saamiset,mi53,Kirjanpitoarvo,21238.90,ISO4217_EUR,2,MCY=x438;REF=x4,https://avoindata.prh.fi/opendata-xbrl-api/v3/financial?businessId=3319310-1&financialDate=2025-10-31
34,3319310-1,Päivärinteen Palvelut Oy,2025-10-31,2026-03-21,instant,,2025-10-31,x399,Rahat ja pankkisaamiset,mi53,Kirjanpitoarvo,31359.20,ISO4217_EUR,2,MCY=x399,https://avoindata.prh.fi/opendata-xbrl-api/v3/financial?businessId=3319310-1&financialDate=2025-10-31
34,3319310-1,Päivärinteen Palvelut Oy,2025-10-31,2026-03-21,instant,,2024-10-31,x399,Rahat ja pankkisaamiset,mi53,Kirjanpitoarvo,44992.82,ISO4217_EUR,2,MCY=x399;REF=x4,https://avoindata.prh.fi/opendata-xbrl-api/v3/financial?businessId=3319310-1&financialDate=2025-10-31
34,3319310-1,Päivärinteen Palvelut Oy,2025-10-31,2026-03-21,instant,,2025-10-31,x435,Vaihtuvat vastaavat,mi53,Kirjanpitoarvo,70274.80,ISO4217_EUR,2,MCY=x435,https://avoindata.prh.fi/opendata-xbrl-api/v3/financial?businessId=3319310-1&financialDate=2025-10-31
34,3319310-1,Päivärinteen Palvelut Oy,2025-10-31,2026-03-21,instant,,2024-10-31,x435,Vaihtuvat vastaavat,mi53,Kirjanpitoarvo,68703.15,ISO4217_EUR,2,MCY=x435;REF=x4,https://avoindata.prh.fi/opendata-xbrl-api/v3/financial?businessId=3319310-1&financialDate=2025-10-31
34,3319310-1,Päivärinteen Palvelut Oy,2025-10-31,2026-03-21,instant,,2025-10-31,x360,Vastaavaa,mi53,Kirjanpitoarvo,167258.30,ISO4217_EUR,2,MCY=x360,https://avoindata.prh.fi/opendata-xbrl-api/v3/financial?businessId=3319310-1&financialDate=2025-10-31
34,3319310-1,Päivärinteen Palvelut Oy,2025-10-31,2026-03-21,instant,,2024-10-31,x360,Vastaavaa,mi53,Kirjanpitoarvo,142293.14,ISO4217_EUR,2,MCY=x360;REF=x4,https://avoindata.prh.fi/opendata-xbrl-api/v3/financial?businessId=3319310-1&financialDate=2025-10-31
34,3319310-1,Päivärinteen Palvelut Oy,2025-10-31,2026-03-21,instant,,2025-10-31,x932,Edellisten tilikausien voitto (tappio),mi53,Kirjanpitoarvo,35037.74,ISO4217_EUR,2,MCY=x932,https://avoindata.prh.fi/opendata-xbrl-api/v3/financial?businessId=3319310-1&financialDate=2025-10-31
34,3319310-1,Päivärinteen Palvelut Oy,2025-10-31,2026-03-21,instant,,2024-10-31,x932,Edellisten tilikausien voitto (tappio),mi53,Kirjanpitoarvo,12206.02,ISO4217_EUR,2,MCY=x932;REF=x4,https://avoindata.prh.fi/opendata-xbrl-api/v3/financial?businessId=3319310-1&financialDate=2025-10-31
34,3319310-1,Päivärinteen Palvelut Oy,2025-10-31,2026-03-21,instant,,2025-10-31,x2895,"Tilikauden voitto (tappio), oma pääoma",mi53,Kirjanpitoarvo,32347.18,ISO4217_EUR,2,MCY=x2895,https://avoindata.prh.fi/opendata-xbrl-api/v3/financial?businessId=3319310-1&financialDate=2025-10-31
34,3319310-1,Päivärinteen Palvelut Oy,2025-10-31,2026-03-21,instant,,2024-10-31,x2895,"Tilikauden voitto (tappio), oma pääoma",mi53,Kirjanpitoarvo,25831.72,ISO4217_EUR,2,MCY=x2895;REF=x4,https://avoindata.prh.fi/opendata-xbrl-api/v3/financial?businessId=3319310-1&financialDate=2025-10-31
34,3319310-1,Päivärinteen Palvelut Oy,2025-10-31,2026-03-21,instant,,2025-10-31,x376,Oma pääoma,mi53,Kirjanpitoarvo,67384.92,ISO4217_EUR,2,MCY=x376,https://avoindata.prh.fi/opendata-xbrl-api/v3/financial?businessId=3319310-1&financialDate=2025-10-31
34,3319310-1,Päivärinteen Palvelut Oy,2025-10-31,2026-03-21,instant,,2024-10-31,x376,Oma pääoma,mi53,Kirjanpitoarvo,38037.74,ISO4217_EUR,2,MCY=x376;REF=x4,https://avoindata.prh.fi/opendata-xbrl-api/v3/financial?businessId=3319310-1&financialDate=2025-10-31
34,3319310-1,Päivärinteen Palvelut Oy,2025-10-31,2026-03-21,instant,,2025-10-31,x2934,Pitkäaikaiset lainat rahoituslaitoksilta,mi53,Kirjanpitoarvo,42982.99,ISO4217_EUR,2,MCY=x2934,https://avoindata.prh.fi/opendata-xbrl-api/v3/financial?businessId=3319310-1&financialDate=2025-10-31
34,3319310-1,Päivärinteen Palvelut Oy,2025-10-31,2026-03-21,instant,,2024-10-31,x2934,Pitkäaikaiset lainat rahoituslaitoksilta,mi53,Kirjanpitoarvo,60032.13,ISO4217_EUR,2,MCY=x2934;REF=x4,https://avoindata.prh.fi/opendata-xbrl-api/v3/financial?businessId=3319310-1&financialDate=2025-10-31
34,3319310-1,Päivärinteen Palvelut Oy,2025-10-31,2026-03-21,instant,,2025-10-31,x1806,Pitkäaikaiset ostovelat,mi53,Kirjanpitoarvo,2756.49,ISO4217_EUR,2,MCY=x1806,https://avoindata.prh.fi/opendata-xbrl-api/v3/financial?businessId=3319310-1&financialDate=2025-10-31
34,3319310-1,Päivärinteen Palvelut Oy,2025-10-31,2026-03-21,instant,,2024-10-31,x1806,Pitkäaikaiset ostovelat,mi53,Kirjanpitoarvo,0.00,ISO4217_EUR,2,MCY=x1806;REF=x4,https://avoindata.prh.fi/opendata-xbrl-api/v3/financial?businessId=3319310-1&financialDate=2025-10-31
34,3319310-1,Päivärinteen Palvelut Oy,2025-10-31,2026-03-21,instant,,2025-10-31,x1830,Pitkäaikainen vieras pääoma,mi53,Kirjanpitoarvo,45739.48,ISO4217_EUR,2,MCY=x1830,https://avoindata.prh.fi/opendata-xbrl-api/v3/financial?businessId=3319310-1&financialDate=2025-10-31
34,3319310-1,Päivärinteen Palvelut Oy,2025-10-31,2026-03-21,instant,,2024-10-31,x1830,Pitkäaikainen vieras pääoma,mi53,Kirjanpitoarvo,60032.13,ISO4217_EUR,2,MCY=x1830;REF=x4,https://avoindata.prh.fi/opendata-xbrl-api/v3/financial?businessId=3319310-1&financialDate=2025-10-31
34,3319310-1,Päivärinteen Palvelut Oy,2025-10-31,2026-03-21,instant,,2025-10-31,x3023,Lyhytaikaiset lainat rahoituslaitoksilta,mi53,Kirjanpitoarvo,16332.00,ISO4217_EUR,2,MCY=x3023,https://avoindata.prh.fi/opendata-xbrl-api/v3/financial?businessId=3319310-1&financialDate=2025-10-31
34,3319310-1,Päivärinteen Palvelut Oy,2025-10-31,2026-03-21,instant,,2024-10-31,x3023,Lyhytaikaiset lainat rahoituslaitoksilta,mi53,Kirjanpitoarvo,14880.00,ISO4217_EUR,2,MCY=x3023;REF=x4,https://avoindata.prh.fi/opendata-xbrl-api/v3/financial?businessId=3319310-1&financialDate=2025-10-31
34,3319310-1,Päivärinteen Palvelut Oy,2025-10-31,2026-03-21,instant,,2025-10-31,x1819,Lyhytaikaiset ostovelat,mi53,Kirjanpitoarvo,9068.07,ISO4217_EUR,2,MCY=x1819,https://avoindata.prh.fi/opendata-xbrl-api/v3/financial?businessId=3319310-1&financialDate=2025-10-31
34,3319310-1,Päivärinteen Palvelut Oy,2025-10-31,2026-03-21,instant,,2024-10-31,x1819,Lyhytaikaiset ostovelat,mi53,Kirjanpitoarvo,8361.73,ISO4217_EUR,2,MCY=x1819;REF=x4,https://avoindata.prh.fi/opendata-xbrl-api/v3/financial?businessId=3319310-1&financialDate=2025-10-31
34,3319310-1,Päivärinteen Palvelut Oy,2025-10-31,2026-03-21,instant,,2025-10-31,x1825,Lyhytaikaiset muut velat,mi53,Kirjanpitoarvo,9126.86,ISO4217_EUR,2,MCY=x1825,https://avoindata.prh.fi/opendata-xbrl-api/v3/financial?businessId=3319310-1&financialDate=2025-10-31
34,3319310-1,Päivärinteen Palvelut Oy,2025-10-31,2026-03-21,instant,,2024-10-31,x1825,Lyhytaikaiset muut velat,mi53,Kirjanpitoarvo,4329.64,ISO4217_EUR,2,MCY=x1825;REF=x4,https://avoindata.prh.fi/opendata-xbrl-api/v3/financial?businessId=3319310-1&financialDate=2025-10-31
34,3319310-1,Päivärinteen Palvelut Oy,2025-10-31,2026-03-21,instant,,2025-10-31,x1826,Lyhytaikaiset siirtovelat,mi53,Kirjanpitoarvo,19606.97,ISO4217_EUR,2,MCY=x1826,https://avoindata.prh.fi/opendata-xbrl-api/v3/financial?businessId=3319310-1&financialDate=2025-10-31
34,3319310-1,Päivärinteen Palvelut Oy,2025-10-31,2026-03-21,instant,,2024-10-31,x1826,Lyhytaikaiset siirtovelat,mi53,Kirjanpitoarvo,16651.90,ISO4217_EUR,2,MCY=x1826;REF=x4,https://avoindata.prh.fi/opendata-xbrl-api/v3/financial?businessId=3319310-1&financialDate=2025-10-31
34,3319310-1,Päivärinteen Palvelut Oy,2025-10-31,2026-03-21,instant,,2025-10-31,x1811,Lyhytaikainen vieras pääoma,mi53,Kirjanpitoarvo,54133.90,ISO4217_EUR,2,MCY=x1811,https://avoindata.prh.fi/opendata-xbrl-api/v3/financial?businessId=3319310-1&financialDate=2025-10-31
34,3319310-1,Päivärinteen Palvelut Oy,2025-10-31,2026-03-21,instant,,2024-10-31,x1811,Lyhytaikainen vieras pääoma,mi53,Kirjanpitoarvo,44223.27,ISO4217_EUR,2,MCY=x1811;REF=x4,https://avoindata.prh.fi/opendata-xbrl-api/v3/financial?businessId=3319310-1&financialDate=2025-10-31
34,3319310-1,Päivärinteen Palvelut Oy,2025-10-31,2026-03-21,instant,,2025-10-31,x424,Vieras pääoma,mi53,Kirjanpitoarvo,99873.38,ISO4217_EUR,2,MCY=x424,https://avoindata.prh.fi/opendata-xbrl-api/v3/financial?businessId=3319310-1&financialDate=2025-10-31
34,3319310-1,Päivärinteen Palvelut Oy,2025-10-31,2026-03-21,instant,,2024-10-31,x424,Vieras pääoma,mi53,Kirjanpitoarvo,104255.40,ISO4217_EUR,2,MCY=x424;REF=x4,https://avoindata.prh.fi/opendata-xbrl-api/v3/financial?businessId=3319310-1&financialDate=2025-10-31
34,3319310-1,Päivärinteen Palvelut Oy,2025-10-31,2026-03-21,instant,,2025-10-31,x481,Vastattavaa,mi53,Kirjanpitoarvo,167258.30,ISO4217_EUR,2,MCY=x481,https://avoindata.prh.fi/opendata-xbrl-api/v3/financial?businessId=3319310-1&financialDate=2025-10-31
34,3319310-1,Päivärinteen Palvelut Oy,2025-10-31,2026-03-21,instant,,2024-10-31,x481,Vastattavaa,mi53,Kirjanpitoarvo,142293.14,ISO4217_EUR,2,MCY=x481;REF=x4,https://avoindata.prh.fi/opendata-xbrl-api/v3/financial?businessId=3319310-1&financialDate=2025-10-31
34,3319310-1,Päivärinteen Palvelut Oy,2025-10-31,2026-03-21,instant,,2025-10-31,x673,Liikevaihto,md103,Tilikauden rahallinen kertymä,311998.23,ISO4217_EUR,2,MCY=x673,https://avoindata.prh.fi/opendata-xbrl-api/v3/financial?businessId=3319310-1&financialDate=2025-10-31
34,3319310-1,Päivärinteen Palvelut Oy,2025-10-31,2026-03-21,instant,,2024-10-31,x673,Liikevaihto,md103,Tilikauden rahallinen kertymä,294327.28,ISO4217_EUR,2,MCY=x673;REF=x53,https://avoindata.prh.fi/opendata-xbrl-api/v3/financial?businessId=3319310-1&financialDate=2025-10-31
34,3319310-1,Päivärinteen Palvelut Oy,2025-10-31,2026-03-21,instant,,2025-10-31,x49,Liiketoiminnan muut tuotot,md103,Tilikauden rahallinen kertymä,200.00,ISO4217_EUR,2,MCY=x49,https://avoindata.prh.fi/opendata-xbrl-api/v3/financial?businessId=3319310-1&financialDate=2025-10-31
34,3319310-1,Päivärinteen Palvelut Oy,2025-10-31,2026-03-21,instant,,2024-10-31,x49,Liiketoiminnan muut tuotot,md103,Tilikauden rahallinen kertymä,0.00,ISO4217_EUR,2,MCY=x49;REF=x53,https://avoindata.prh.fi/opendata-xbrl-api/v3/financial?businessId=3319310-1&financialDate=2025-10-31
34,3319310-1,Päivärinteen Palvelut Oy,2025-10-31,2026-03-21,instant,,2025-10-31,x755,Ostot tilikauden aikana,md103,Tilikauden rahallinen kertymä,54554.02,ISO4217_EUR,2,MCY=x755,https://avoindata.prh.fi/opendata-xbrl-api/v3/financial?businessId=3319310-1&financialDate=2025-10-31
34,3319310-1,Päivärinteen Palvelut Oy,2025-10-31,2026-03-21,instant,,2024-10-31,x755,Ostot tilikauden aikana,md103,Tilikauden rahallinen kertymä,56086.32,ISO4217_EUR,2,MCY=x755;REF=x53,https://avoindata.prh.fi/opendata-xbrl-api/v3/financial?businessId=3319310-1&financialDate=2025-10-31
34,3319310-1,Päivärinteen Palvelut Oy,2025-10-31,2026-03-21,instant,,2025-10-31,x544,Varastojen lisäys (+) tai vähennys (-),md103,Tilikauden rahallinen kertymä,-344.87,ISO4217_EUR,2,MCY=x544,https://avoindata.prh.fi/opendata-xbrl-api/v3/financial?businessId=3319310-1&financialDate=2025-10-31
34,3319310-1,Päivärinteen Palvelut Oy,2025-10-31,2026-03-21,instant,,2024-10-31,x544,Varastojen lisäys (+) tai vähennys (-),md103,Tilikauden rahallinen kertymä,82.38,ISO4217_EUR,2,MCY=x544;REF=x53,https://avoindata.prh.fi/opendata-xbrl-api/v3/financial?businessId=3319310-1&financialDate=2025-10-31
34,3319310-1,Päivärinteen Palvelut Oy,2025-10-31,2026-03-21,instant,,2025-10-31,x10,Palvelujen ostot,md103,Tilikauden rahallinen kertymä,11274.82,ISO4217_EUR,2,MCY=x10,https://avoindata.prh.fi/opendata-xbrl-api/v3/financial?businessId=3319310-1&financialDate=2025-10-31
34,3319310-1,Päivärinteen Palvelut Oy,2025-10-31,2026-03-21,instant,,2024-10-31,x10,Palvelujen ostot,md103,Tilikauden rahallinen kertymä,40836.56,ISO4217_EUR,2,MCY=x10;REF=x53,https://avoindata.prh.fi/opendata-xbrl-api/v3/financial?businessId=3319310-1&financialDate=2025-10-31
34,3319310-1,Päivärinteen Palvelut Oy,2025-10-31,2026-03-21,instant,,2025-10-31,x758,Materiaalit ja palvelut,md103,Tilikauden rahallinen kertymä,65483.97,ISO4217_EUR,2,MCY=x758,https://avoindata.prh.fi/opendata-xbrl-api/v3/financial?businessId=3319310-1&financialDate=2025-10-31
34,3319310-1,Päivärinteen Palvelut Oy,2025-10-31,2026-03-21,instant,,2024-10-31,x758,Materiaalit ja palvelut,md103,Tilikauden rahallinen kertymä,97005.26,ISO4217_EUR,2,MCY=x758;REF=x53,https://avoindata.prh.fi/opendata-xbrl-api/v3/financial?businessId=3319310-1&financialDate=2025-10-31
34,3319310-1,Päivärinteen Palvelut Oy,2025-10-31,2026-03-21,instant,,2025-10-31,x6,Palkat ja palkkiot,md103,Tilikauden rahallinen kertymä,91590.98,ISO4217_EUR,2,MCY=x6,https://avoindata.prh.fi/opendata-xbrl-api/v3/financial?businessId=3319310-1&financialDate=2025-10-31
34,3319310-1,Päivärinteen Palvelut Oy,2025-10-31,2026-03-21,instant,,2024-10-31,x6,Palkat ja palkkiot,md103,Tilikauden rahallinen kertymä,64248.31,ISO4217_EUR,2,MCY=x6;REF=x53,https://avoindata.prh.fi/opendata-xbrl-api/v3/financial?businessId=3319310-1&financialDate=2025-10-31
34,3319310-1,Päivärinteen Palvelut Oy,2025-10-31,2026-03-21,instant,,2025-10-31,x8,Eläkekulut,md103,Tilikauden rahallinen kertymä,13358.61,ISO4217_EUR,2,MCY=x8,https://avoindata.prh.fi/opendata-xbrl-api/v3/financial?businessId=3319310-1&financialDate=2025-10-31
34,3319310-1,Päivärinteen Palvelut Oy,2025-10-31,2026-03-21,instant,,2024-10-31,x8,Eläkekulut,md103,Tilikauden rahallinen kertymä,9619.79,ISO4217_EUR,2,MCY=x8;REF=x53,https://avoindata.prh.fi/opendata-xbrl-api/v3/financial?businessId=3319310-1&financialDate=2025-10-31
34,3319310-1,Päivärinteen Palvelut Oy,2025-10-31,2026-03-21,instant,,2025-10-31,x9,Muut henkilösivukulut,md103,Tilikauden rahallinen kertymä,3995.85,ISO4217_EUR,2,MCY=x9,https://avoindata.prh.fi/opendata-xbrl-api/v3/financial?businessId=3319310-1&financialDate=2025-10-31
34,3319310-1,Päivärinteen Palvelut Oy,2025-10-31,2026-03-21,instant,,2024-10-31,x9,Muut henkilösivukulut,md103,Tilikauden rahallinen kertymä,2402.48,ISO4217_EUR,2,MCY=x9;REF=x53,https://avoindata.prh.fi/opendata-xbrl-api/v3/financial?businessId=3319310-1&financialDate=2025-10-31
34,3319310-1,Päivärinteen Palvelut Oy,2025-10-31,2026-03-21,instant,,2025-10-31,x5,Henkilöstökulut,md103,Tilikauden rahallinen kertymä,108945.44,ISO4217_EUR,2,MCY=x5,https://avoindata.prh.fi/opendata-xbrl-api/v3/financial?businessId=3319310-1&financialDate=2025-10-31
34,3319310-1,Päivärinteen Palvelut Oy,2025-10-31,2026-03-21,instant,,2024-10-31,x5,Henkilöstökulut,md103,Tilikauden rahallinen kertymä,76270.58,ISO4217_EUR,2,MCY=x5;REF=x53,https://avoindata.prh.fi/opendata-xbrl-api/v3/financial?businessId=3319310-1&financialDate=2025-10-31
34,3319310-1,Päivärinteen Palvelut Oy,2025-10-31,2026-03-21,instant,,2025-10-31,x449,Suunnitelman mukaiset poistot,md103,Tilikauden rahallinen kertymä,29838.16,ISO4217_EUR,2,MCY=x449,https://avoindata.prh.fi/opendata-xbrl-api/v3/financial?businessId=3319310-1&financialDate=2025-10-31
34,3319310-1,Päivärinteen Palvelut Oy,2025-10-31,2026-03-21,instant,,2024-10-31,x449,Suunnitelman mukaiset poistot,md103,Tilikauden rahallinen kertymä,24730.05,ISO4217_EUR,2,MCY=x449;REF=x53,https://avoindata.prh.fi/opendata-xbrl-api/v3/financial?businessId=3319310-1&financialDate=2025-10-31
34,3319310-1,Päivärinteen Palvelut Oy,2025-10-31,2026-03-21,instant,,2025-10-31,x448,Poistot ja arvonalentumiset,md103,Tilikauden rahallinen kertymä,29838.16,ISO4217_EUR,2,MCY=x448,https://avoindata.prh.fi/opendata-xbrl-api/v3/financial?businessId=3319310-1&financialDate=2025-10-31
34,3319310-1,Päivärinteen Palvelut Oy,2025-10-31,2026-03-21,instant,,2024-10-31,x448,Poistot ja arvonalentumiset,md103,Tilikauden rahallinen kertymä,24730.05,ISO4217_EUR,2,MCY=x448;REF=x53,https://avoindata.prh.fi/opendata-xbrl-api/v3/financial?businessId=3319310-1&financialDate=2025-10-31
34,3319310-1,Päivärinteen Palvelut Oy,2025-10-31,2026-03-21,instant,,2025-10-31,x1869,Liiketoiminnan muut kulut,md103,Tilikauden rahallinen kertymä,62866.28,ISO4217_EUR,2,MCY=x1869,https://avoindata.prh.fi/opendata-xbrl-api/v3/financial?businessId=3319310-1&financialDate=2025-10-31
34,3319310-1,Päivärinteen Palvelut Oy,2025-10-31,2026-03-21,instant,,2024-10-31,x1869,Liiketoiminnan muut kulut,md103,Tilikauden rahallinen kertymä,59726.81,ISO4217_EUR,2,MCY=x1869;REF=x53,https://avoindata.prh.fi/opendata-xbrl-api/v3/financial?businessId=3319310-1&financialDate=2025-10-31
34,3319310-1,Päivärinteen Palvelut Oy,2025-10-31,2026-03-21,instant,,2025-10-31,x689,Liikevoitto (-tappio),md103,Tilikauden rahallinen kertymä,45064.38,ISO4217_EUR,2,MCY=x689,https://avoindata.prh.fi/opendata-xbrl-api/v3/financial?businessId=3319310-1&financialDate=2025-10-31
34,3319310-1,Päivärinteen Palvelut Oy,2025-10-31,2026-03-21,instant,,2024-10-31,x689,Liikevoitto (-tappio),md103,Tilikauden rahallinen kertymä,36594.58,ISO4217_EUR,2,MCY=x689;REF=x53,https://avoindata.prh.fi/opendata-xbrl-api/v3/financial?businessId=3319310-1&financialDate=2025-10-31
34,3319310-1,Päivärinteen Palvelut Oy,2025-10-31,2026-03-21,instant,,2025-10-31,x4046,Korkokulut- ja muut rahoituskulut muille kuin saman konsernin yrityksille,md103,Tilikauden rahallinen kertymä,4617.60,ISO4217_EUR,2,MCY=x4046,https://avoindata.prh.fi/opendata-xbrl-api/v3/financial?businessId=3319310-1&financialDate=2025-10-31
34,3319310-1,Päivärinteen Palvelut Oy,2025-10-31,2026-03-21,instant,,2024-10-31,x4046,Korkokulut- ja muut rahoituskulut muille kuin saman konsernin yrityksille,md103,Tilikauden rahallinen kertymä,4301.11,ISO4217_EUR,2,MCY=x4046;REF=x53,https://avoindata.prh.fi/opendata-xbrl-api/v3/financial?businessId=3319310-1&financialDate=2025-10-31
34,3319310-1,Päivärinteen Palvelut Oy,2025-10-31,2026-03-21,instant,,2025-10-31,x12,Rahoitustuotot ja -kulut + (-),md103,Tilikauden rahallinen kertymä,4617.60,ISO4217_EUR,2,MCY=x12,https://avoindata.prh.fi/opendata-xbrl-api/v3/financial?businessId=3319310-1&financialDate=2025-10-31
34,3319310-1,Päivärinteen Palvelut Oy,2025-10-31,2026-03-21,instant,,2024-10-31,x12,Rahoitustuotot ja -kulut + (-),md103,Tilikauden rahallinen kertymä,4301.11,ISO4217_EUR,2,MCY=x12;REF=x53,https://avoindata.prh.fi/opendata-xbrl-api/v3/financial?businessId=3319310-1&financialDate=2025-10-31
34,3319310-1,Päivärinteen Palvelut Oy,2025-10-31,2026-03-21,instant,,2025-10-31,x738,Voitto (tappio) ennen tilinpäätössiirtoja ja veroja,md103,Tilikauden rahallinen kertymä,40446.78,ISO4217_EUR,2,MCY=x738,https://avoindata.prh.fi/opendata-xbrl-api/v3/financial?businessId=3319310-1&financialDate=2025-10-31
34,3319310-1,Päivärinteen Palvelut Oy,2025-10-31,2026-03-21,instant,,2024-10-31,x738,Voitto (tappio) ennen tilinpäätössiirtoja ja veroja,md103,Tilikauden rahallinen kertymä,32293.47,ISO4217_EUR,2,MCY=x738;REF=x53,https://avoindata.prh.fi/opendata-xbrl-api/v3/financial?businessId=3319310-1&financialDate=2025-10-31
34,3319310-1,Päivärinteen Palvelut Oy,2025-10-31,2026-03-21,instant,,2025-10-31,x541,Tuloverot,md103,Tilikauden rahallinen kertymä,8099.60,ISO4217_EUR,2,MCY=x541,https://avoindata.prh.fi/opendata-xbrl-api/v3/financial?businessId=3319310-1&financialDate=2025-10-31
34,3319310-1,Päivärinteen Palvelut Oy,2025-10-31,2026-03-21,instant,,2024-10-31,x541,Tuloverot,md103,Tilikauden rahallinen kertymä,6461.75,ISO4217_EUR,2,MCY=x541;REF=x53,https://avoindata.prh.fi/opendata-xbrl-api/v3/financial?businessId=3319310-1&financialDate=2025-10-31
34,3319310-1,Päivärinteen Palvelut Oy,2025-10-31,2026-03-21,instant,,2025-10-31,x740,Tilikauden voitto (tappio),md103,Tilikauden rahallinen kertymä,32347.18,ISO4217_EUR,2,MCY=x740,https://avoindata.prh.fi/opendata-xbrl-api/v3/financial?businessId=3319310-1&financialDate=2025-10-31
34,3319310-1,Päivärinteen Palvelut Oy,2025-10-31,2026-03-21,instant,,2024-10-31,x740,Tilikauden voitto (tappio),md103,Tilikauden rahallinen kertymä,25831.72,ISO4217_EUR,2,MCY=x740;REF=x53,https://avoindata.prh.fi/opendata-xbrl-api/v3/financial?businessId=3319310-1&financialDate=2025-10-31
35,3319841-2,Pesuhalli Seinäjoki Oy,2025-12-31,2026-03-03,instant,,2025-12-31,x2285,Muut aineettomat hyödykkeet (KPL),mi53,Kirjanpitoarvo,4290.49,ISO4217_EUR,2,MCY=x2285,https://avoindata.prh.fi/opendata-xbrl-api/v3/financial?businessId=3319841-2&financialDate=2025-12-31
35,3319841-2,Pesuhalli Seinäjoki Oy,2025-12-31,2026-03-03,instant,,2024-12-31,x2285,Muut aineettomat hyödykkeet (KPL),mi53,Kirjanpitoarvo,5720.65,ISO4217_EUR,2,MCY=x2285;REF=x4,https://avoindata.prh.fi/opendata-xbrl-api/v3/financial?businessId=3319841-2&financialDate=2025-12-31
35,3319841-2,Pesuhalli Seinäjoki Oy,2025-12-31,2026-03-03,instant,,2025-12-31,x551,Aineettomat hyödykkeet,mi53,Kirjanpitoarvo,4290.49,ISO4217_EUR,2,MCY=x551,https://avoindata.prh.fi/opendata-xbrl-api/v3/financial?businessId=3319841-2&financialDate=2025-12-31
35,3319841-2,Pesuhalli Seinäjoki Oy,2025-12-31,2026-03-03,instant,,2024-12-31,x551,Aineettomat hyödykkeet,mi53,Kirjanpitoarvo,5720.65,ISO4217_EUR,2,MCY=x551;REF=x4,https://avoindata.prh.fi/opendata-xbrl-api/v3/financial?businessId=3319841-2&financialDate=2025-12-31
35,3319841-2,Pesuhalli Seinäjoki Oy,2025-12-31,2026-03-03,instant,,2025-12-31,x1036,Koneet ja kalusto,mi53,Kirjanpitoarvo,30890.32,ISO4217_EUR,2,MCY=x1036,https://avoindata.prh.fi/opendata-xbrl-api/v3/financial?businessId=3319841-2&financialDate=2025-12-31
35,3319841-2,Pesuhalli Seinäjoki Oy,2025-12-31,2026-03-03,instant,,2024-12-31,x1036,Koneet ja kalusto,mi53,Kirjanpitoarvo,41187.08,ISO4217_EUR,2,MCY=x1036;REF=x4,https://avoindata.prh.fi/opendata-xbrl-api/v3/financial?businessId=3319841-2&financialDate=2025-12-31
35,3319841-2,Pesuhalli Seinäjoki Oy,2025-12-31,2026-03-03,instant,,2025-12-31,x816,Aineelliset hyödykkeet,mi53,Kirjanpitoarvo,30890.32,ISO4217_EUR,2,MCY=x816,https://avoindata.prh.fi/opendata-xbrl-api/v3/financial?businessId=3319841-2&financialDate=2025-12-31
35,3319841-2,Pesuhalli Seinäjoki Oy,2025-12-31,2026-03-03,instant,,2024-12-31,x816,Aineelliset hyödykkeet,mi53,Kirjanpitoarvo,41187.08,ISO4217_EUR,2,MCY=x816;REF=x4,https://avoindata.prh.fi/opendata-xbrl-api/v3/financial?businessId=3319841-2&financialDate=2025-12-31
35,3319841-2,Pesuhalli Seinäjoki Oy,2025-12-31,2026-03-03,instant,,2025-12-31,x513,Pysyvät vastaavat,mi53,Kirjanpitoarvo,35180.81,ISO4217_EUR,2,MCY=x513,https://avoindata.prh.fi/opendata-xbrl-api/v3/financial?businessId=3319841-2&financialDate=2025-12-31
35,3319841-2,Pesuhalli Seinäjoki Oy,2025-12-31,2026-03-03,instant,,2024-12-31,x513,Pysyvät vastaavat,mi53,Kirjanpitoarvo,46907.73,ISO4217_EUR,2,MCY=x513;REF=x4,https://avoindata.prh.fi/opendata-xbrl-api/v3/financial?businessId=3319841-2&financialDate=2025-12-31
35,3319841-2,Pesuhalli Seinäjoki Oy,2025-12-31,2026-03-03,instant,,2025-12-31,x1769,Lyhytaikaiset myyntisaamiset,mi53,Kirjanpitoarvo,11912.00,ISO4217_EUR,2,MCY=x1769,https://avoindata.prh.fi/opendata-xbrl-api/v3/financial?businessId=3319841-2&financialDate=2025-12-31
35,3319841-2,Pesuhalli Seinäjoki Oy,2025-12-31,2026-03-03,instant,,2024-12-31,x1769,Lyhytaikaiset myyntisaamiset,mi53,Kirjanpitoarvo,8661.66,ISO4217_EUR,2,MCY=x1769;REF=x4,https://avoindata.prh.fi/opendata-xbrl-api/v3/financial?businessId=3319841-2&financialDate=2025-12-31
35,3319841-2,Pesuhalli Seinäjoki Oy,2025-12-31,2026-03-03,instant,,2025-12-31,x1775,Lyhytaikaiset siirtosaamiset,mi53,Kirjanpitoarvo,299.31,ISO4217_EUR,2,MCY=x1775,https://avoindata.prh.fi/opendata-xbrl-api/v3/financial?businessId=3319841-2&financialDate=2025-12-31
35,3319841-2,Pesuhalli Seinäjoki Oy,2025-12-31,2026-03-03,instant,,2024-12-31,x1775,Lyhytaikaiset siirtosaamiset,mi53,Kirjanpitoarvo,263.39,ISO4217_EUR,2,MCY=x1775;REF=x4,https://avoindata.prh.fi/opendata-xbrl-api/v3/financial?businessId=3319841-2&financialDate=2025-12-31
35,3319841-2,Pesuhalli Seinäjoki Oy,2025-12-31,2026-03-03,instant,,2025-12-31,x1768,Lyhytaikaiset saamiset,mi53,Kirjanpitoarvo,12211.31,ISO4217_EUR,2,MCY=x1768,https://avoindata.prh.fi/opendata-xbrl-api/v3/financial?businessId=3319841-2&financialDate=2025-12-31
35,3319841-2,Pesuhalli Seinäjoki Oy,2025-12-31,2026-03-03,instant,,2024-12-31,x1768,Lyhytaikaiset saamiset,mi53,Kirjanpitoarvo,8925.05,ISO4217_EUR,2,MCY=x1768;REF=x4,https://avoindata.prh.fi/opendata-xbrl-api/v3/financial?businessId=3319841-2&financialDate=2025-12-31
35,3319841-2,Pesuhalli Seinäjoki Oy,2025-12-31,2026-03-03,instant,,2025-12-31,x438,Saamiset,mi53,Kirjanpitoarvo,12211.31,ISO4217_EUR,2,MCY=x438,https://avoindata.prh.fi/opendata-xbrl-api/v3/financial?businessId=3319841-2&financialDate=2025-12-31
35,3319841-2,Pesuhalli Seinäjoki Oy,2025-12-31,2026-03-03,instant,,2024-12-31,x438,Saamiset,mi53,Kirjanpitoarvo,8925.05,ISO4217_EUR,2,MCY=x438;REF=x4,https://avoindata.prh.fi/opendata-xbrl-api/v3/financial?businessId=3319841-2&financialDate=2025-12-31
35,3319841-2,Pesuhalli Seinäjoki Oy,2025-12-31,2026-03-03,instant,,2025-12-31,x399,Rahat ja pankkisaamiset,mi53,Kirjanpitoarvo,16057.27,ISO4217_EUR,2,MCY=x399,https://avoindata.prh.fi/opendata-xbrl-api/v3/financial?businessId=3319841-2&financialDate=2025-12-31
35,3319841-2,Pesuhalli Seinäjoki Oy,2025-12-31,2026-03-03,instant,,2024-12-31,x399,Rahat ja pankkisaamiset,mi53,Kirjanpitoarvo,5416.41,ISO4217_EUR,2,MCY=x399;REF=x4,https://avoindata.prh.fi/opendata-xbrl-api/v3/financial?businessId=3319841-2&financialDate=2025-12-31
35,3319841-2,Pesuhalli Seinäjoki Oy,2025-12-31,2026-03-03,instant,,2025-12-31,x435,Vaihtuvat vastaavat,mi53,Kirjanpitoarvo,28268.58,ISO4217_EUR,2,MCY=x435,https://avoindata.prh.fi/opendata-xbrl-api/v3/financial?businessId=3319841-2&financialDate=2025-12-31
35,3319841-2,Pesuhalli Seinäjoki Oy,2025-12-31,2026-03-03,instant,,2024-12-31,x435,Vaihtuvat vastaavat,mi53,Kirjanpitoarvo,14341.46,ISO4217_EUR,2,MCY=x435;REF=x4,https://avoindata.prh.fi/opendata-xbrl-api/v3/financial?businessId=3319841-2&financialDate=2025-12-31
35,3319841-2,Pesuhalli Seinäjoki Oy,2025-12-31,2026-03-03,instant,,2025-12-31,x360,Vastaavaa,mi53,Kirjanpitoarvo,63449.39,ISO4217_EUR,2,MCY=x360,https://avoindata.prh.fi/opendata-xbrl-api/v3/financial?businessId=3319841-2&financialDate=2025-12-31
35,3319841-2,Pesuhalli Seinäjoki Oy,2025-12-31,2026-03-03,instant,,2024-12-31,x360,Vastaavaa,mi53,Kirjanpitoarvo,61249.19,ISO4217_EUR,2,MCY=x360;REF=x4,https://avoindata.prh.fi/opendata-xbrl-api/v3/financial?businessId=3319841-2&financialDate=2025-12-31
35,3319841-2,Pesuhalli Seinäjoki Oy,2025-12-31,2026-03-03,instant,,2025-12-31,x932,Edellisten tilikausien voitto (tappio),mi53,Kirjanpitoarvo,-15580.11,ISO4217_EUR,2,MCY=x932,https://avoindata.prh.fi/opendata-xbrl-api/v3/financial?businessId=3319841-2&financialDate=2025-12-31
35,3319841-2,Pesuhalli Seinäjoki Oy,2025-12-31,2026-03-03,instant,,2024-12-31,x932,Edellisten tilikausien voitto (tappio),mi53,Kirjanpitoarvo,-11462.20,ISO4217_EUR,2,MCY=x932;REF=x4,https://avoindata.prh.fi/opendata-xbrl-api/v3/financial?businessId=3319841-2&financialDate=2025-12-31
35,3319841-2,Pesuhalli Seinäjoki Oy,2025-12-31,2026-03-03,instant,,2025-12-31,x2895,"Tilikauden voitto (tappio), oma pääoma",mi53,Kirjanpitoarvo,15461.26,ISO4217_EUR,2,MCY=x2895,https://avoindata.prh.fi/opendata-xbrl-api/v3/financial?businessId=3319841-2&financialDate=2025-12-31
35,3319841-2,Pesuhalli Seinäjoki Oy,2025-12-31,2026-03-03,instant,,2024-12-31,x2895,"Tilikauden voitto (tappio), oma pääoma",mi53,Kirjanpitoarvo,-4117.91,ISO4217_EUR,2,MCY=x2895;REF=x4,https://avoindata.prh.fi/opendata-xbrl-api/v3/financial?businessId=3319841-2&financialDate=2025-12-31
35,3319841-2,Pesuhalli Seinäjoki Oy,2025-12-31,2026-03-03,instant,,2025-12-31,x376,Oma pääoma,mi53,Kirjanpitoarvo,-118.85,ISO4217_EUR,2,MCY=x376,https://avoindata.prh.fi/opendata-xbrl-api/v3/financial?businessId=3319841-2&financialDate=2025-12-31
35,3319841-2,Pesuhalli Seinäjoki Oy,2025-12-31,2026-03-03,instant,,2024-12-31,x376,Oma pääoma,mi53,Kirjanpitoarvo,-15580.11,ISO4217_EUR,2,MCY=x376;REF=x4,https://avoindata.prh.fi/opendata-xbrl-api/v3/financial?businessId=3319841-2&financialDate=2025-12-31
35,3319841-2,Pesuhalli Seinäjoki Oy,2025-12-31,2026-03-03,instant,,2025-12-31,x2934,Pitkäaikaiset lainat rahoituslaitoksilta,mi53,Kirjanpitoarvo,0.00,ISO4217_EUR,2,MCY=x2934,https://avoindata.prh.fi/opendata-xbrl-api/v3/financial?businessId=3319841-2&financialDate=2025-12-31
35,3319841-2,Pesuhalli Seinäjoki Oy,2025-12-31,2026-03-03,instant,,2024-12-31,x2934,Pitkäaikaiset lainat rahoituslaitoksilta,mi53,Kirjanpitoarvo,54849.96,ISO4217_EUR,2,MCY=x2934;REF=x4,https://avoindata.prh.fi/opendata-xbrl-api/v3/financial?businessId=3319841-2&financialDate=2025-12-31
35,3319841-2,Pesuhalli Seinäjoki Oy,2025-12-31,2026-03-03,instant,,2025-12-31,x1830,Pitkäaikainen vieras pääoma,mi53,Kirjanpitoarvo,0.00,ISO4217_EUR,2,MCY=x1830,https://avoindata.prh.fi/opendata-xbrl-api/v3/financial?businessId=3319841-2&financialDate=2025-12-31
35,3319841-2,Pesuhalli Seinäjoki Oy,2025-12-31,2026-03-03,instant,,2024-12-31,x1830,Pitkäaikainen vieras pääoma,mi53,Kirjanpitoarvo,54849.96,ISO4217_EUR,2,MCY=x1830;REF=x4,https://avoindata.prh.fi/opendata-xbrl-api/v3/financial?businessId=3319841-2&financialDate=2025-12-31
35,3319841-2,Pesuhalli Seinäjoki Oy,2025-12-31,2026-03-03,instant,,2025-12-31,x3023,Lyhytaikaiset lainat rahoituslaitoksilta,mi53,Kirjanpitoarvo,54721.33,ISO4217_EUR,2,MCY=x3023,https://avoindata.prh.fi/opendata-xbrl-api/v3/financial?businessId=3319841-2&financialDate=2025-12-31
35,3319841-2,Pesuhalli Seinäjoki Oy,2025-12-31,2026-03-03,instant,,2024-12-31,x3023,Lyhytaikaiset lainat rahoituslaitoksilta,mi53,Kirjanpitoarvo,6000.00,ISO4217_EUR,2,MCY=x3023;REF=x4,https://avoindata.prh.fi/opendata-xbrl-api/v3/financial?businessId=3319841-2&financialDate=2025-12-31
35,3319841-2,Pesuhalli Seinäjoki Oy,2025-12-31,2026-03-03,instant,,2025-12-31,x1819,Lyhytaikaiset ostovelat,mi53,Kirjanpitoarvo,4114.34,ISO4217_EUR,2,MCY=x1819,https://avoindata.prh.fi/opendata-xbrl-api/v3/financial?businessId=3319841-2&financialDate=2025-12-31
35,3319841-2,Pesuhalli Seinäjoki Oy,2025-12-31,2026-03-03,instant,,2024-12-31,x1819,Lyhytaikaiset ostovelat,mi53,Kirjanpitoarvo,4265.03,ISO4217_EUR,2,MCY=x1819;REF=x4,https://avoindata.prh.fi/opendata-xbrl-api/v3/financial?businessId=3319841-2&financialDate=2025-12-31
35,3319841-2,Pesuhalli Seinäjoki Oy,2025-12-31,2026-03-03,instant,,2025-12-31,x1825,Lyhytaikaiset muut velat,mi53,Kirjanpitoarvo,4732.57,ISO4217_EUR,2,MCY=x1825,https://avoindata.prh.fi/opendata-xbrl-api/v3/financial?businessId=3319841-2&financialDate=2025-12-31
35,3319841-2,Pesuhalli Seinäjoki Oy,2025-12-31,2026-03-03,instant,,2024-12-31,x1825,Lyhytaikaiset muut velat,mi53,Kirjanpitoarvo,6163.21,ISO4217_EUR,2,MCY=x1825;REF=x4,https://avoindata.prh.fi/opendata-xbrl-api/v3/financial?businessId=3319841-2&financialDate=2025-12-31
35,3319841-2,Pesuhalli Seinäjoki Oy,2025-12-31,2026-03-03,instant,,2025-12-31,x1826,Lyhytaikaiset siirtovelat,mi53,Kirjanpitoarvo,0.00,ISO4217_EUR,2,MCY=x1826,https://avoindata.prh.fi/opendata-xbrl-api/v3/financial?businessId=3319841-2&financialDate=2025-12-31
35,3319841-2,Pesuhalli Seinäjoki Oy,2025-12-31,2026-03-03,instant,,2024-12-31,x1826,Lyhytaikaiset siirtovelat,mi53,Kirjanpitoarvo,5551.10,ISO4217_EUR,2,MCY=x1826;REF=x4,https://avoindata.prh.fi/opendata-xbrl-api/v3/financial?businessId=3319841-2&financialDate=2025-12-31
35,3319841-2,Pesuhalli Seinäjoki Oy,2025-12-31,2026-03-03,instant,,2025-12-31,x1811,Lyhytaikainen vieras pääoma,mi53,Kirjanpitoarvo,63568.24,ISO4217_EUR,2,MCY=x1811,https://avoindata.prh.fi/opendata-xbrl-api/v3/financial?businessId=3319841-2&financialDate=2025-12-31
35,3319841-2,Pesuhalli Seinäjoki Oy,2025-12-31,2026-03-03,instant,,2024-12-31,x1811,Lyhytaikainen vieras pääoma,mi53,Kirjanpitoarvo,21979.34,ISO4217_EUR,2,MCY=x1811;REF=x4,https://avoindata.prh.fi/opendata-xbrl-api/v3/financial?businessId=3319841-2&financialDate=2025-12-31
35,3319841-2,Pesuhalli Seinäjoki Oy,2025-12-31,2026-03-03,instant,,2025-12-31,x424,Vieras pääoma,mi53,Kirjanpitoarvo,63568.24,ISO4217_EUR,2,MCY=x424,https://avoindata.prh.fi/opendata-xbrl-api/v3/financial?businessId=3319841-2&financialDate=2025-12-31
35,3319841-2,Pesuhalli Seinäjoki Oy,2025-12-31,2026-03-03,instant,,2024-12-31,x424,Vieras pääoma,mi53,Kirjanpitoarvo,76829.30,ISO4217_EUR,2,MCY=x424;REF=x4,https://avoindata.prh.fi/opendata-xbrl-api/v3/financial?businessId=3319841-2&financialDate=2025-12-31
35,3319841-2,Pesuhalli Seinäjoki Oy,2025-12-31,2026-03-03,instant,,2025-12-31,x481,Vastattavaa,mi53,Kirjanpitoarvo,63449.39,ISO4217_EUR,2,MCY=x481,https://avoindata.prh.fi/opendata-xbrl-api/v3/financial?businessId=3319841-2&financialDate=2025-12-31
35,3319841-2,Pesuhalli Seinäjoki Oy,2025-12-31,2026-03-03,instant,,2024-12-31,x481,Vastattavaa,mi53,Kirjanpitoarvo,61249.19,ISO4217_EUR,2,MCY=x481;REF=x4,https://avoindata.prh.fi/opendata-xbrl-api/v3/financial?businessId=3319841-2&financialDate=2025-12-31
35,3319841-2,Pesuhalli Seinäjoki Oy,2025-12-31,2026-03-03,instant,,2025-12-31,x673,Liikevaihto,md103,Tilikauden rahallinen kertymä,75616.27,ISO4217_EUR,2,MCY=x673,https://avoindata.prh.fi/opendata-xbrl-api/v3/financial?businessId=3319841-2&financialDate=2025-12-31
35,3319841-2,Pesuhalli Seinäjoki Oy,2025-12-31,2026-03-03,instant,,2024-12-31,x673,Liikevaihto,md103,Tilikauden rahallinen kertymä,51362.01,ISO4217_EUR,2,MCY=x673;REF=x53,https://avoindata.prh.fi/opendata-xbrl-api/v3/financial?businessId=3319841-2&financialDate=2025-12-31
35,3319841-2,Pesuhalli Seinäjoki Oy,2025-12-31,2026-03-03,instant,,2025-12-31,x755,Ostot tilikauden aikana,md103,Tilikauden rahallinen kertymä,3549.69,ISO4217_EUR,2,MCY=x755,https://avoindata.prh.fi/opendata-xbrl-api/v3/financial?businessId=3319841-2&financialDate=2025-12-31
35,3319841-2,Pesuhalli Seinäjoki Oy,2025-12-31,2026-03-03,instant,,2024-12-31,x755,Ostot tilikauden aikana,md103,Tilikauden rahallinen kertymä,3603.12,ISO4217_EUR,2,MCY=x755;REF=x53,https://avoindata.prh.fi/opendata-xbrl-api/v3/financial?businessId=3319841-2&financialDate=2025-12-31
35,3319841-2,Pesuhalli Seinäjoki Oy,2025-12-31,2026-03-03,instant,,2025-12-31,x758,Materiaalit ja palvelut,md103,Tilikauden rahallinen kertymä,3549.69,ISO4217_EUR,2,MCY=x758,https://avoindata.prh.fi/opendata-xbrl-api/v3/financial?businessId=3319841-2&financialDate=2025-12-31
35,3319841-2,Pesuhalli Seinäjoki Oy,2025-12-31,2026-03-03,instant,,2024-12-31,x758,Materiaalit ja palvelut,md103,Tilikauden rahallinen kertymä,3603.12,ISO4217_EUR,2,MCY=x758;REF=x53,https://avoindata.prh.fi/opendata-xbrl-api/v3/financial?businessId=3319841-2&financialDate=2025-12-31
35,3319841-2,Pesuhalli Seinäjoki Oy,2025-12-31,2026-03-03,instant,,2025-12-31,x8,Eläkekulut,md103,Tilikauden rahallinen kertymä,457.22,ISO4217_EUR,2,MCY=x8,https://avoindata.prh.fi/opendata-xbrl-api/v3/financial?businessId=3319841-2&financialDate=2025-12-31
35,3319841-2,Pesuhalli Seinäjoki Oy,2025-12-31,2026-03-03,instant,,2024-12-31,x8,Eläkekulut,md103,Tilikauden rahallinen kertymä,0.00,ISO4217_EUR,2,MCY=x8;REF=x53,https://avoindata.prh.fi/opendata-xbrl-api/v3/financial?businessId=3319841-2&financialDate=2025-12-31
35,3319841-2,Pesuhalli Seinäjoki Oy,2025-12-31,2026-03-03,instant,,2025-12-31,x5,Henkilöstökulut,md103,Tilikauden rahallinen kertymä,457.22,ISO4217_EUR,2,MCY=x5,https://avoindata.prh.fi/opendata-xbrl-api/v3/financial?businessId=3319841-2&financialDate=2025-12-31
35,3319841-2,Pesuhalli Seinäjoki Oy,2025-12-31,2026-03-03,instant,,2024-12-31,x5,Henkilöstökulut,md103,Tilikauden rahallinen kertymä,0.00,ISO4217_EUR,2,MCY=x5;REF=x53,https://avoindata.prh.fi/opendata-xbrl-api/v3/financial?businessId=3319841-2&financialDate=2025-12-31
35,3319841-2,Pesuhalli Seinäjoki Oy,2025-12-31,2026-03-03,instant,,2025-12-31,x449,Suunnitelman mukaiset poistot,md103,Tilikauden rahallinen kertymä,11726.92,ISO4217_EUR,2,MCY=x449,https://avoindata.prh.fi/opendata-xbrl-api/v3/financial?businessId=3319841-2&financialDate=2025-12-31
35,3319841-2,Pesuhalli Seinäjoki Oy,2025-12-31,2026-03-03,instant,,2024-12-31,x449,Suunnitelman mukaiset poistot,md103,Tilikauden rahallinen kertymä,15159.17,ISO4217_EUR,2,MCY=x449;REF=x53,https://avoindata.prh.fi/opendata-xbrl-api/v3/financial?businessId=3319841-2&financialDate=2025-12-31
35,3319841-2,Pesuhalli Seinäjoki Oy,2025-12-31,2026-03-03,instant,,2025-12-31,x448,Poistot ja arvonalentumiset,md103,Tilikauden rahallinen kertymä,11726.92,ISO4217_EUR,2,MCY=x448,https://avoindata.prh.fi/opendata-xbrl-api/v3/financial?businessId=3319841-2&financialDate=2025-12-31
35,3319841-2,Pesuhalli Seinäjoki Oy,2025-12-31,2026-03-03,instant,,2024-12-31,x448,Poistot ja arvonalentumiset,md103,Tilikauden rahallinen kertymä,15159.17,ISO4217_EUR,2,MCY=x448;REF=x53,https://avoindata.prh.fi/opendata-xbrl-api/v3/financial?businessId=3319841-2&financialDate=2025-12-31
35,3319841-2,Pesuhalli Seinäjoki Oy,2025-12-31,2026-03-03,instant,,2025-12-31,x1869,Liiketoiminnan muut kulut,md103,Tilikauden rahallinen kertymä,40800.00,ISO4217_EUR,2,MCY=x1869,https://avoindata.prh.fi/opendata-xbrl-api/v3/financial?businessId=3319841-2&financialDate=2025-12-31
35,3319841-2,Pesuhalli Seinäjoki Oy,2025-12-31,2026-03-03,instant,,2024-12-31,x1869,Liiketoiminnan muut kulut,md103,Tilikauden rahallinen kertymä,32867.36,ISO4217_EUR,2,MCY=x1869;REF=x53,https://avoindata.prh.fi/opendata-xbrl-api/v3/financial?businessId=3319841-2&financialDate=2025-12-31
35,3319841-2,Pesuhalli Seinäjoki Oy,2025-12-31,2026-03-03,instant,,2025-12-31,x689,Liikevoitto (-tappio),md103,Tilikauden rahallinen kertymä,19082.44,ISO4217_EUR,2,MCY=x689,https://avoindata.prh.fi/opendata-xbrl-api/v3/financial?businessId=3319841-2&financialDate=2025-12-31
35,3319841-2,Pesuhalli Seinäjoki Oy,2025-12-31,2026-03-03,instant,,2024-12-31,x689,Liikevoitto (-tappio),md103,Tilikauden rahallinen kertymä,-267.64,ISO4217_EUR,2,MCY=x689;REF=x53,https://avoindata.prh.fi/opendata-xbrl-api/v3/financial?businessId=3319841-2&financialDate=2025-12-31
35,3319841-2,Pesuhalli Seinäjoki Oy,2025-12-31,2026-03-03,instant,,2025-12-31,x4046,Korkokulut- ja muut rahoituskulut muille kuin saman konsernin yrityksille,md103,Tilikauden rahallinen kertymä,3621.18,ISO4217_EUR,2,MCY=x4046,https://avoindata.prh.fi/opendata-xbrl-api/v3/financial?businessId=3319841-2&financialDate=2025-12-31
35,3319841-2,Pesuhalli Seinäjoki Oy,2025-12-31,2026-03-03,instant,,2024-12-31,x4046,Korkokulut- ja muut rahoituskulut muille kuin saman konsernin yrityksille,md103,Tilikauden rahallinen kertymä,3850.27,ISO4217_EUR,2,MCY=x4046;REF=x53,https://avoindata.prh.fi/opendata-xbrl-api/v3/financial?businessId=3319841-2&financialDate=2025-12-31
35,3319841-2,Pesuhalli Seinäjoki Oy,2025-12-31,2026-03-03,instant,,2025-12-31,x12,Rahoitustuotot ja -kulut + (-),md103,Tilikauden rahallinen kertymä,3621.18,ISO4217_EUR,2,MCY=x12,https://avoindata.prh.fi/opendata-xbrl-api/v3/financial?businessId=3319841-2&financialDate=2025-12-31
35,3319841-2,Pesuhalli Seinäjoki Oy,2025-12-31,2026-03-03,instant,,2024-12-31,x12,Rahoitustuotot ja -kulut + (-),md103,Tilikauden rahallinen kertymä,3850.27,ISO4217_EUR,2,MCY=x12;REF=x53,https://avoindata.prh.fi/opendata-xbrl-api/v3/financial?businessId=3319841-2&financialDate=2025-12-31
35,3319841-2,Pesuhalli Seinäjoki Oy,2025-12-31,2026-03-03,instant,,2025-12-31,x738,Voitto (tappio) ennen tilinpäätössiirtoja ja veroja,md103,Tilikauden rahallinen kertymä,15461.26,ISO4217_EUR,2,MCY=x738,https://avoindata.prh.fi/opendata-xbrl-api/v3/financial?businessId=3319841-2&financialDate=2025-12-31
35,3319841-2,Pesuhalli Seinäjoki Oy,2025-12-31,2026-03-03,instant,,2024-12-31,x738,Voitto (tappio) ennen tilinpäätössiirtoja ja veroja,md103,Tilikauden rahallinen kertymä,-4117.91,ISO4217_EUR,2,MCY=x738;REF=x53,https://avoindata.prh.fi/opendata-xbrl-api/v3/financial?businessId=3319841-2&financialDate=2025-12-31
35,3319841-2,Pesuhalli Seinäjoki Oy,2025-12-31,2026-03-03,instant,,2025-12-31,x740,Tilikauden voitto (tappio),md103,Tilikauden rahallinen kertymä,15461.26,ISO4217_EUR,2,MCY=x740,https://avoindata.prh.fi/opendata-xbrl-api/v3/financial?businessId=3319841-2&financialDate=2025-12-31
35,3319841-2,Pesuhalli Seinäjoki Oy,2025-12-31,2026-03-03,instant,,2024-12-31,x740,Tilikauden voitto (tappio),md103,Tilikauden rahallinen kertymä,-4117.91,ISO4217_EUR,2,MCY=x740;REF=x53,https://avoindata.prh.fi/opendata-xbrl-api/v3/financial?businessId=3319841-2&financialDate=2025-12-31
37,3546837-5,Monityö Aaltonen Oy,2025-12-31,2026-06-26,instant,,2025-12-31,x399,Rahat ja pankkisaamiset,mi53,Kirjanpitoarvo,7514.12,ISO4217_EUR,2,MCY=x399,https://avoindata.prh.fi/opendata-xbrl-api/v3/financial?businessId=3546837-5&financialDate=2025-12-31
37,3546837-5,Monityö Aaltonen Oy,2025-12-31,2026-06-26,instant,,2025-12-31,x435,Vaihtuvat vastaavat,mi53,Kirjanpitoarvo,7514.12,ISO4217_EUR,2,MCY=x435,https://avoindata.prh.fi/opendata-xbrl-api/v3/financial?businessId=3546837-5&financialDate=2025-12-31
37,3546837-5,Monityö Aaltonen Oy,2025-12-31,2026-06-26,instant,,2025-12-31,x360,Vastaavaa,mi53,Kirjanpitoarvo,7514.12,ISO4217_EUR,2,MCY=x360,https://avoindata.prh.fi/opendata-xbrl-api/v3/financial?businessId=3546837-5&financialDate=2025-12-31
37,3546837-5,Monityö Aaltonen Oy,2025-12-31,2026-06-26,instant,,2025-12-31,x2895,"Tilikauden voitto (tappio), oma pääoma",mi53,Kirjanpitoarvo,2229.75,ISO4217_EUR,2,MCY=x2895,https://avoindata.prh.fi/opendata-xbrl-api/v3/financial?businessId=3546837-5&financialDate=2025-12-31
37,3546837-5,Monityö Aaltonen Oy,2025-12-31,2026-06-26,instant,,2025-12-31,x376,Oma pääoma,mi53,Kirjanpitoarvo,2229.75,ISO4217_EUR,2,MCY=x376,https://avoindata.prh.fi/opendata-xbrl-api/v3/financial?businessId=3546837-5&financialDate=2025-12-31
37,3546837-5,Monityö Aaltonen Oy,2025-12-31,2026-06-26,instant,,2025-12-31,x1819,Lyhytaikaiset ostovelat,mi53,Kirjanpitoarvo,219.64,ISO4217_EUR,2,MCY=x1819,https://avoindata.prh.fi/opendata-xbrl-api/v3/financial?businessId=3546837-5&financialDate=2025-12-31
37,3546837-5,Monityö Aaltonen Oy,2025-12-31,2026-06-26,instant,,2025-12-31,x1825,Lyhytaikaiset muut velat,mi53,Kirjanpitoarvo,3064.73,ISO4217_EUR,2,MCY=x1825,https://avoindata.prh.fi/opendata-xbrl-api/v3/financial?businessId=3546837-5&financialDate=2025-12-31
37,3546837-5,Monityö Aaltonen Oy,2025-12-31,2026-06-26,instant,,2025-12-31,x1826,Lyhytaikaiset siirtovelat,mi53,Kirjanpitoarvo,2000.00,ISO4217_EUR,2,MCY=x1826,https://avoindata.prh.fi/opendata-xbrl-api/v3/financial?businessId=3546837-5&financialDate=2025-12-31
37,3546837-5,Monityö Aaltonen Oy,2025-12-31,2026-06-26,instant,,2025-12-31,x1811,Lyhytaikainen vieras pääoma,mi53,Kirjanpitoarvo,5284.37,ISO4217_EUR,2,MCY=x1811,https://avoindata.prh.fi/opendata-xbrl-api/v3/financial?businessId=3546837-5&financialDate=2025-12-31
37,3546837-5,Monityö Aaltonen Oy,2025-12-31,2026-06-26,instant,,2025-12-31,x424,Vieras pääoma,mi53,Kirjanpitoarvo,5284.37,ISO4217_EUR,2,MCY=x424,https://avoindata.prh.fi/opendata-xbrl-api/v3/financial?businessId=3546837-5&financialDate=2025-12-31
37,3546837-5,Monityö Aaltonen Oy,2025-12-31,2026-06-26,instant,,2025-12-31,x481,Vastattavaa,mi53,Kirjanpitoarvo,7514.12,ISO4217_EUR,2,MCY=x481,https://avoindata.prh.fi/opendata-xbrl-api/v3/financial?businessId=3546837-5&financialDate=2025-12-31
37,3546837-5,Monityö Aaltonen Oy,2025-12-31,2026-06-26,instant,,2025-12-31,x673,Liikevaihto,md103,Tilikauden rahallinen kertymä,10340.85,ISO4217_EUR,2,MCY=x673,https://avoindata.prh.fi/opendata-xbrl-api/v3/financial?businessId=3546837-5&financialDate=2025-12-31
37,3546837-5,Monityö Aaltonen Oy,2025-12-31,2026-06-26,instant,,2025-12-31,x6,Palkat ja palkkiot,md103,Tilikauden rahallinen kertymä,6633.87,ISO4217_EUR,2,MCY=x6,https://avoindata.prh.fi/opendata-xbrl-api/v3/financial?businessId=3546837-5&financialDate=2025-12-31
37,3546837-5,Monityö Aaltonen Oy,2025-12-31,2026-06-26,instant,,2025-12-31,x9,Muut henkilösivukulut,md103,Tilikauden rahallinen kertymä,217.53,ISO4217_EUR,2,MCY=x9,https://avoindata.prh.fi/opendata-xbrl-api/v3/financial?businessId=3546837-5&financialDate=2025-12-31
37,3546837-5,Monityö Aaltonen Oy,2025-12-31,2026-06-26,instant,,2025-12-31,x5,Henkilöstökulut,md103,Tilikauden rahallinen kertymä,6851.40,ISO4217_EUR,2,MCY=x5,https://avoindata.prh.fi/opendata-xbrl-api/v3/financial?businessId=3546837-5&financialDate=2025-12-31
37,3546837-5,Monityö Aaltonen Oy,2025-12-31,2026-06-26,instant,,2025-12-31,x1869,Liiketoiminnan muut kulut,md103,Tilikauden rahallinen kertymä,702.26,ISO4217_EUR,2,MCY=x1869,https://avoindata.prh.fi/opendata-xbrl-api/v3/financial?businessId=3546837-5&financialDate=2025-12-31
37,3546837-5,Monityö Aaltonen Oy,2025-12-31,2026-06-26,instant,,2025-12-31,x689,Liikevoitto (-tappio),md103,Tilikauden rahallinen kertymä,2787.19,ISO4217_EUR,2,MCY=x689,https://avoindata.prh.fi/opendata-xbrl-api/v3/financial?businessId=3546837-5&financialDate=2025-12-31
37,3546837-5,Monityö Aaltonen Oy,2025-12-31,2026-06-26,instant,,2025-12-31,x738,Voitto (tappio) ennen tilinpäätössiirtoja ja veroja,md103,Tilikauden rahallinen kertymä,2787.19,ISO4217_EUR,2,MCY=x738,https://avoindata.prh.fi/opendata-xbrl-api/v3/financial?businessId=3546837-5&financialDate=2025-12-31
37,3546837-5,Monityö Aaltonen Oy,2025-12-31,2026-06-26,instant,,2025-12-31,x541,Tuloverot,md103,Tilikauden rahallinen kertymä,557.44,ISO4217_EUR,2,MCY=x541,https://avoindata.prh.fi/opendata-xbrl-api/v3/financial?businessId=3546837-5&financialDate=2025-12-31
37,3546837-5,Monityö Aaltonen Oy,2025-12-31,2026-06-26,instant,,2025-12-31,x740,Tilikauden voitto (tappio),md103,Tilikauden rahallinen kertymä,2229.75,ISO4217_EUR,2,MCY=x740,https://avoindata.prh.fi/opendata-xbrl-api/v3/financial?businessId=3546837-5&financialDate=2025-12-31
38,3554115-7,Niilka Laki Oy,2025-12-31,2026-02-25,instant,,2025-12-31,x1893,Liikearvo,mi53,Kirjanpitoarvo,33333.33,ISO4217_EUR,2,MCY=x1893,https://avoindata.prh.fi/opendata-xbrl-api/v3/financial?businessId=3554115-7&financialDate=2025-12-31
38,3554115-7,Niilka Laki Oy,2025-12-31,2026-02-25,instant,,2025-12-31,x551,Aineettomat hyödykkeet,mi53,Kirjanpitoarvo,33333.33,ISO4217_EUR,2,MCY=x551,https://avoindata.prh.fi/opendata-xbrl-api/v3/financial?businessId=3554115-7&financialDate=2025-12-31
38,3554115-7,Niilka Laki Oy,2025-12-31,2026-02-25,instant,,2025-12-31,x513,Pysyvät vastaavat,mi53,Kirjanpitoarvo,33333.33,ISO4217_EUR,2,MCY=x513,https://avoindata.prh.fi/opendata-xbrl-api/v3/financial?businessId=3554115-7&financialDate=2025-12-31
38,3554115-7,Niilka Laki Oy,2025-12-31,2026-02-25,instant,,2025-12-31,x1769,Lyhytaikaiset myyntisaamiset,mi53,Kirjanpitoarvo,53113.36,ISO4217_EUR,2,MCY=x1769,https://avoindata.prh.fi/opendata-xbrl-api/v3/financial?businessId=3554115-7&financialDate=2025-12-31
38,3554115-7,Niilka Laki Oy,2025-12-31,2026-02-25,instant,,2025-12-31,x1775,Lyhytaikaiset siirtosaamiset,mi53,Kirjanpitoarvo,8574.57,ISO4217_EUR,2,MCY=x1775,https://avoindata.prh.fi/opendata-xbrl-api/v3/financial?businessId=3554115-7&financialDate=2025-12-31
38,3554115-7,Niilka Laki Oy,2025-12-31,2026-02-25,instant,,2025-12-31,x1768,Lyhytaikaiset saamiset,mi53,Kirjanpitoarvo,61687.93,ISO4217_EUR,2,MCY=x1768,https://avoindata.prh.fi/opendata-xbrl-api/v3/financial?businessId=3554115-7&financialDate=2025-12-31
38,3554115-7,Niilka Laki Oy,2025-12-31,2026-02-25,instant,,2025-12-31,x438,Saamiset,mi53,Kirjanpitoarvo,61687.93,ISO4217_EUR,2,MCY=x438,https://avoindata.prh.fi/opendata-xbrl-api/v3/financial?businessId=3554115-7&financialDate=2025-12-31
38,3554115-7,Niilka Laki Oy,2025-12-31,2026-02-25,instant,,2025-12-31,x399,Rahat ja pankkisaamiset,mi53,Kirjanpitoarvo,64279.50,ISO4217_EUR,2,MCY=x399,https://avoindata.prh.fi/opendata-xbrl-api/v3/financial?businessId=3554115-7&financialDate=2025-12-31
38,3554115-7,Niilka Laki Oy,2025-12-31,2026-02-25,instant,,2025-12-31,x435,Vaihtuvat vastaavat,mi53,Kirjanpitoarvo,125967.43,ISO4217_EUR,2,MCY=x435,https://avoindata.prh.fi/opendata-xbrl-api/v3/financial?businessId=3554115-7&financialDate=2025-12-31
38,3554115-7,Niilka Laki Oy,2025-12-31,2026-02-25,instant,,2025-12-31,x360,Vastaavaa,mi53,Kirjanpitoarvo,159300.76,ISO4217_EUR,2,MCY=x360,https://avoindata.prh.fi/opendata-xbrl-api/v3/financial?businessId=3554115-7&financialDate=2025-12-31
38,3554115-7,Niilka Laki Oy,2025-12-31,2026-02-25,instant,,2025-12-31,x924,Sijoitetun vapaan oman pääoman rahasto,mi53,Kirjanpitoarvo,10000.00,ISO4217_EUR,2,MCY=x924,https://avoindata.prh.fi/opendata-xbrl-api/v3/financial?businessId=3554115-7&financialDate=2025-12-31
38,3554115-7,Niilka Laki Oy,2025-12-31,2026-02-25,instant,,2025-12-31,x2895,"Tilikauden voitto (tappio), oma pääoma",mi53,Kirjanpitoarvo,43855.49,ISO4217_EUR,2,MCY=x2895,https://avoindata.prh.fi/opendata-xbrl-api/v3/financial?businessId=3554115-7&financialDate=2025-12-31
38,3554115-7,Niilka Laki Oy,2025-12-31,2026-02-25,instant,,2025-12-31,x376,Oma pääoma,mi53,Kirjanpitoarvo,53855.49,ISO4217_EUR,2,MCY=x376,https://avoindata.prh.fi/opendata-xbrl-api/v3/financial?businessId=3554115-7&financialDate=2025-12-31
38,3554115-7,Niilka Laki Oy,2025-12-31,2026-02-25,instant,,2025-12-31,x2233,Pitkäaikaiset muut velat,mi53,Kirjanpitoarvo,33333.33,ISO4217_EUR,2,MCY=x2233,https://avoindata.prh.fi/opendata-xbrl-api/v3/financial?businessId=3554115-7&financialDate=2025-12-31
38,3554115-7,Niilka Laki Oy,2025-12-31,2026-02-25,instant,,2025-12-31,x1830,Pitkäaikainen vieras pääoma,mi53,Kirjanpitoarvo,33333.33,ISO4217_EUR,2,MCY=x1830,https://avoindata.prh.fi/opendata-xbrl-api/v3/financial?businessId=3554115-7&financialDate=2025-12-31
38,3554115-7,Niilka Laki Oy,2025-12-31,2026-02-25,instant,,2025-12-31,x3051,Lyhytaikaiset velat saman konsernin yrityksille,mi53,Kirjanpitoarvo,40000.00,ISO4217_EUR,2,MCY=x3051,https://avoindata.prh.fi/opendata-xbrl-api/v3/financial?businessId=3554115-7&financialDate=2025-12-31
38,3554115-7,Niilka Laki Oy,2025-12-31,2026-02-25,instant,,2025-12-31,x1819,Lyhytaikaiset ostovelat,mi53,Kirjanpitoarvo,5573.27,ISO4217_EUR,2,MCY=x1819,https://avoindata.prh.fi/opendata-xbrl-api/v3/financial?businessId=3554115-7&financialDate=2025-12-31
38,3554115-7,Niilka Laki Oy,2025-12-31,2026-02-25,instant,,2025-12-31,x1825,Lyhytaikaiset muut velat,mi53,Kirjanpitoarvo,15508.84,ISO4217_EUR,2,MCY=x1825,https://avoindata.prh.fi/opendata-xbrl-api/v3/financial?businessId=3554115-7&financialDate=2025-12-31
38,3554115-7,Niilka Laki Oy,2025-12-31,2026-02-25,instant,,2025-12-31,x1826,Lyhytaikaiset siirtovelat,mi53,Kirjanpitoarvo,11029.83,ISO4217_EUR,2,MCY=x1826,https://avoindata.prh.fi/opendata-xbrl-api/v3/financial?businessId=3554115-7&financialDate=2025-12-31
38,3554115-7,Niilka Laki Oy,2025-12-31,2026-02-25,instant,,2025-12-31,x1811,Lyhytaikainen vieras pääoma,mi53,Kirjanpitoarvo,72111.94,ISO4217_EUR,2,MCY=x1811,https://avoindata.prh.fi/opendata-xbrl-api/v3/financial?businessId=3554115-7&financialDate=2025-12-31
38,3554115-7,Niilka Laki Oy,2025-12-31,2026-02-25,instant,,2025-12-31,x424,Vieras pääoma,mi53,Kirjanpitoarvo,105445.27,ISO4217_EUR,2,MCY=x424,https://avoindata.prh.fi/opendata-xbrl-api/v3/financial?businessId=3554115-7&financialDate=2025-12-31
38,3554115-7,Niilka Laki Oy,2025-12-31,2026-02-25,instant,,2025-12-31,x481,Vastattavaa,mi53,Kirjanpitoarvo,159300.76,ISO4217_EUR,2,MCY=x481,https://avoindata.prh.fi/opendata-xbrl-api/v3/financial?businessId=3554115-7&financialDate=2025-12-31
38,3554115-7,Niilka Laki Oy,2025-12-31,2026-02-25,instant,,2025-12-31,x520,Bruttotulos,md103,Tilikauden rahallinen kertymä,140703.82,ISO4217_EUR,2,MCY=x520,https://avoindata.prh.fi/opendata-xbrl-api/v3/financial?businessId=3554115-7&financialDate=2025-12-31
38,3554115-7,Niilka Laki Oy,2025-12-31,2026-02-25,instant,,2025-12-31,x6,Palkat ja palkkiot,md103,Tilikauden rahallinen kertymä,36000.00,ISO4217_EUR,2,MCY=x6,https://avoindata.prh.fi/opendata-xbrl-api/v3/financial?businessId=3554115-7&financialDate=2025-12-31
38,3554115-7,Niilka Laki Oy,2025-12-31,2026-02-25,instant,,2025-12-31,x8,Eläkekulut,md103,Tilikauden rahallinen kertymä,4188.52,ISO4217_EUR,2,MCY=x8,https://avoindata.prh.fi/opendata-xbrl-api/v3/financial?businessId=3554115-7&financialDate=2025-12-31
38,3554115-7,Niilka Laki Oy,2025-12-31,2026-02-25,instant,,2025-12-31,x9,Muut henkilösivukulut,md103,Tilikauden rahallinen kertymä,925.19,ISO4217_EUR,2,MCY=x9,https://avoindata.prh.fi/opendata-xbrl-api/v3/financial?businessId=3554115-7&financialDate=2025-12-31
38,3554115-7,Niilka Laki Oy,2025-12-31,2026-02-25,instant,,2025-12-31,x5,Henkilöstökulut,md103,Tilikauden rahallinen kertymä,41113.71,ISO4217_EUR,2,MCY=x5,https://avoindata.prh.fi/opendata-xbrl-api/v3/financial?businessId=3554115-7&financialDate=2025-12-31
38,3554115-7,Niilka Laki Oy,2025-12-31,2026-02-25,instant,,2025-12-31,x449,Suunnitelman mukaiset poistot,md103,Tilikauden rahallinen kertymä,16666.67,ISO4217_EUR,2,MCY=x449,https://avoindata.prh.fi/opendata-xbrl-api/v3/financial?businessId=3554115-7&financialDate=2025-12-31
38,3554115-7,Niilka Laki Oy,2025-12-31,2026-02-25,instant,,2025-12-31,x448,Poistot ja arvonalentumiset,md103,Tilikauden rahallinen kertymä,16666.67,ISO4217_EUR,2,MCY=x448,https://avoindata.prh.fi/opendata-xbrl-api/v3/financial?businessId=3554115-7&financialDate=2025-12-31
38,3554115-7,Niilka Laki Oy,2025-12-31,2026-02-25,instant,,2025-12-31,x1869,Liiketoiminnan muut kulut,md103,Tilikauden rahallinen kertymä,27089.74,ISO4217_EUR,2,MCY=x1869,https://avoindata.prh.fi/opendata-xbrl-api/v3/financial?businessId=3554115-7&financialDate=2025-12-31
38,3554115-7,Niilka Laki Oy,2025-12-31,2026-02-25,instant,,2025-12-31,x689,Liikevoitto (-tappio),md103,Tilikauden rahallinen kertymä,55833.70,ISO4217_EUR,2,MCY=x689,https://avoindata.prh.fi/opendata-xbrl-api/v3/financial?businessId=3554115-7&financialDate=2025-12-31
38,3554115-7,Niilka Laki Oy,2025-12-31,2026-02-25,instant,,2025-12-31,x4046,Korkokulut- ja muut rahoituskulut muille kuin saman konsernin yrityksille,md103,Tilikauden rahallinen kertymä,948.38,ISO4217_EUR,2,MCY=x4046,https://avoindata.prh.fi/opendata-xbrl-api/v3/financial?businessId=3554115-7&financialDate=2025-12-31
38,3554115-7,Niilka Laki Oy,2025-12-31,2026-02-25,instant,,2025-12-31,x12,Rahoitustuotot ja -kulut + (-),md103,Tilikauden rahallinen kertymä,948.38,ISO4217_EUR,2,MCY=x12,https://avoindata.prh.fi/opendata-xbrl-api/v3/financial?businessId=3554115-7&financialDate=2025-12-31
38,3554115-7,Niilka Laki Oy,2025-12-31,2026-02-25,instant,,2025-12-31,x738,Voitto (tappio) ennen tilinpäätössiirtoja ja veroja,md103,Tilikauden rahallinen kertymä,54885.32,ISO4217_EUR,2,MCY=x738,https://avoindata.prh.fi/opendata-xbrl-api/v3/financial?businessId=3554115-7&financialDate=2025-12-31
38,3554115-7,Niilka Laki Oy,2025-12-31,2026-02-25,instant,,2025-12-31,x541,Tuloverot,md103,Tilikauden rahallinen kertymä,11029.83,ISO4217_EUR,2,MCY=x541,https://avoindata.prh.fi/opendata-xbrl-api/v3/financial?businessId=3554115-7&financialDate=2025-12-31
38,3554115-7,Niilka Laki Oy,2025-12-31,2026-02-25,instant,,2025-12-31,x740,Tilikauden voitto (tappio),md103,Tilikauden rahallinen kertymä,43855.49,ISO4217_EUR,2,MCY=x740,https://avoindata.prh.fi/opendata-xbrl-api/v3/financial?businessId=3554115-7&financialDate=2025-12-31
39,3563172-6,Uurre Logistics Oy,2025-12-31,2026-07-14,instant,,2025-12-31,x1771,Lyhytaikaiset muut saamiset,mi53,Kirjanpitoarvo,194.11,ISO4217_EUR,2,MCY=x1771,https://avoindata.prh.fi/opendata-xbrl-api/v3/financial?businessId=3563172-6&financialDate=2025-12-31
39,3563172-6,Uurre Logistics Oy,2025-12-31,2026-07-14,instant,,2025-12-31,x1768,Lyhytaikaiset saamiset,mi53,Kirjanpitoarvo,194.11,ISO4217_EUR,2,MCY=x1768,https://avoindata.prh.fi/opendata-xbrl-api/v3/financial?businessId=3563172-6&financialDate=2025-12-31
39,3563172-6,Uurre Logistics Oy,2025-12-31,2026-07-14,instant,,2025-12-31,x438,Saamiset,mi53,Kirjanpitoarvo,194.11,ISO4217_EUR,2,MCY=x438,https://avoindata.prh.fi/opendata-xbrl-api/v3/financial?businessId=3563172-6&financialDate=2025-12-31
39,3563172-6,Uurre Logistics Oy,2025-12-31,2026-07-14,instant,,2025-12-31,x399,Rahat ja pankkisaamiset,mi53,Kirjanpitoarvo,24.10,ISO4217_EUR,2,MCY=x399,https://avoindata.prh.fi/opendata-xbrl-api/v3/financial?businessId=3563172-6&financialDate=2025-12-31
39,3563172-6,Uurre Logistics Oy,2025-12-31,2026-07-14,instant,,2025-12-31,x435,Vaihtuvat vastaavat,mi53,Kirjanpitoarvo,218.21,ISO4217_EUR,2,MCY=x435,https://avoindata.prh.fi/opendata-xbrl-api/v3/financial?businessId=3563172-6&financialDate=2025-12-31
39,3563172-6,Uurre Logistics Oy,2025-12-31,2026-07-14,instant,,2025-12-31,x360,Vastaavaa,mi53,Kirjanpitoarvo,218.21,ISO4217_EUR,2,MCY=x360,https://avoindata.prh.fi/opendata-xbrl-api/v3/financial?businessId=3563172-6&financialDate=2025-12-31
39,3563172-6,Uurre Logistics Oy,2025-12-31,2026-07-14,instant,,2025-12-31,x2895,"Tilikauden voitto (tappio), oma pääoma",mi53,Kirjanpitoarvo,-1321.79,ISO4217_EUR,2,MCY=x2895,https://avoindata.prh.fi/opendata-xbrl-api/v3/financial?businessId=3563172-6&financialDate=2025-12-31
39,3563172-6,Uurre Logistics Oy,2025-12-31,2026-07-14,instant,,2025-12-31,x376,Oma pääoma,mi53,Kirjanpitoarvo,-1321.79,ISO4217_EUR,2,MCY=x376,https://avoindata.prh.fi/opendata-xbrl-api/v3/financial?businessId=3563172-6&financialDate=2025-12-31
39,3563172-6,Uurre Logistics Oy,2025-12-31,2026-07-14,instant,,2025-12-31,x1825,Lyhytaikaiset muut velat,mi53,Kirjanpitoarvo,1500.00,ISO4217_EUR,2,MCY=x1825,https://avoindata.prh.fi/opendata-xbrl-api/v3/financial?businessId=3563172-6&financialDate=2025-12-31
39,3563172-6,Uurre Logistics Oy,2025-12-31,2026-07-14,instant,,2025-12-31,x1826,Lyhytaikaiset siirtovelat,mi53,Kirjanpitoarvo,40.00,ISO4217_EUR,2,MCY=x1826,https://avoindata.prh.fi/opendata-xbrl-api/v3/financial?businessId=3563172-6&financialDate=2025-12-31
39,3563172-6,Uurre Logistics Oy,2025-12-31,2026-07-14,instant,,2025-12-31,x1811,Lyhytaikainen vieras pääoma,mi53,Kirjanpitoarvo,1540.00,ISO4217_EUR,2,MCY=x1811,https://avoindata.prh.fi/opendata-xbrl-api/v3/financial?businessId=3563172-6&financialDate=2025-12-31
39,3563172-6,Uurre Logistics Oy,2025-12-31,2026-07-14,instant,,2025-12-31,x424,Vieras pääoma,mi53,Kirjanpitoarvo,1540.00,ISO4217_EUR,2,MCY=x424,https://avoindata.prh.fi/opendata-xbrl-api/v3/financial?businessId=3563172-6&financialDate=2025-12-31
39,3563172-6,Uurre Logistics Oy,2025-12-31,2026-07-14,instant,,2025-12-31,x481,Vastattavaa,mi53,Kirjanpitoarvo,218.21,ISO4217_EUR,2,MCY=x481,https://avoindata.prh.fi/opendata-xbrl-api/v3/financial?businessId=3563172-6&financialDate=2025-12-31
39,3563172-6,Uurre Logistics Oy,2025-12-31,2026-07-14,instant,,2025-12-31,x9,Muut henkilösivukulut,md103,Tilikauden rahallinen kertymä,40.00,ISO4217_EUR,2,MCY=x9,https://avoindata.prh.fi/opendata-xbrl-api/v3/financial?businessId=3563172-6&financialDate=2025-12-31
39,3563172-6,Uurre Logistics Oy,2025-12-31,2026-07-14,instant,,2025-12-31,x5,Henkilöstökulut,md103,Tilikauden rahallinen kertymä,40.00,ISO4217_EUR,2,MCY=x5,https://avoindata.prh.fi/opendata-xbrl-api/v3/financial?businessId=3563172-6&financialDate=2025-12-31
39,3563172-6,Uurre Logistics Oy,2025-12-31,2026-07-14,instant,,2025-12-31,x1869,Liiketoiminnan muut kulut,md103,Tilikauden rahallinen kertymä,1269.44,ISO4217_EUR,2,MCY=x1869,https://avoindata.prh.fi/opendata-xbrl-api/v3/financial?businessId=3563172-6&financialDate=2025-12-31
39,3563172-6,Uurre Logistics Oy,2025-12-31,2026-07-14,instant,,2025-12-31,x689,Liikevoitto (-tappio),md103,Tilikauden rahallinen kertymä,-1309.44,ISO4217_EUR,2,MCY=x689,https://avoindata.prh.fi/opendata-xbrl-api/v3/financial?businessId=3563172-6&financialDate=2025-12-31
39,3563172-6,Uurre Logistics Oy,2025-12-31,2026-07-14,instant,,2025-12-31,x4046,Korkokulut- ja muut rahoituskulut muille kuin saman konsernin yrityksille,md103,Tilikauden rahallinen kertymä,12.35,ISO4217_EUR,2,MCY=x4046,https://avoindata.prh.fi/opendata-xbrl-api/v3/financial?businessId=3563172-6&financialDate=2025-12-31
39,3563172-6,Uurre Logistics Oy,2025-12-31,2026-07-14,instant,,2025-12-31,x12,Rahoitustuotot ja -kulut + (-),md103,Tilikauden rahallinen kertymä,12.35,ISO4217_EUR,2,MCY=x12,https://avoindata.prh.fi/opendata-xbrl-api/v3/financial?businessId=3563172-6&financialDate=2025-12-31
39,3563172-6,Uurre Logistics Oy,2025-12-31,2026-07-14,instant,,2025-12-31,x738,Voitto (tappio) ennen tilinpäätössiirtoja ja veroja,md103,Tilikauden rahallinen kertymä,-1321.79,ISO4217_EUR,2,MCY=x738,https://avoindata.prh.fi/opendata-xbrl-api/v3/financial?businessId=3563172-6&financialDate=2025-12-31
39,3563172-6,Uurre Logistics Oy,2025-12-31,2026-07-14,instant,,2025-12-31,x740,Tilikauden voitto (tappio),md103,Tilikauden rahallinen kertymä,-1321.79,ISO4217_EUR,2,MCY=x740,https://avoindata.prh.fi/opendata-xbrl-api/v3/financial?businessId=3563172-6&financialDate=2025-12-31
40,3576346-2,Kukkakioski Kaunokki Oy,2025-12-31,2026-03-26,instant,,2025-12-31,x1036,Koneet ja kalusto,mi53,Kirjanpitoarvo,19833.74,ISO4217_EUR,2,MCY=x1036,https://avoindata.prh.fi/opendata-xbrl-api/v3/financial?businessId=3576346-2&financialDate=2025-12-31
40,3576346-2,Kukkakioski Kaunokki Oy,2025-12-31,2026-03-26,instant,,2025-12-31,x816,Aineelliset hyödykkeet,mi53,Kirjanpitoarvo,19833.74,ISO4217_EUR,2,MCY=x816,https://avoindata.prh.fi/opendata-xbrl-api/v3/financial?businessId=3576346-2&financialDate=2025-12-31
40,3576346-2,Kukkakioski Kaunokki Oy,2025-12-31,2026-03-26,instant,,2025-12-31,x513,Pysyvät vastaavat,mi53,Kirjanpitoarvo,19833.74,ISO4217_EUR,2,MCY=x513,https://avoindata.prh.fi/opendata-xbrl-api/v3/financial?businessId=3576346-2&financialDate=2025-12-31
40,3576346-2,Kukkakioski Kaunokki Oy,2025-12-31,2026-03-26,instant,,2025-12-31,x1757,Aineet ja tarvikkeet,mi53,Kirjanpitoarvo,1367.92,ISO4217_EUR,2,MCY=x1757,https://avoindata.prh.fi/opendata-xbrl-api/v3/financial?businessId=3576346-2&financialDate=2025-12-31
40,3576346-2,Kukkakioski Kaunokki Oy,2025-12-31,2026-03-26,instant,,2025-12-31,x807,Vaihto-omaisuus,mi53,Kirjanpitoarvo,1367.92,ISO4217_EUR,2,MCY=x807,https://avoindata.prh.fi/opendata-xbrl-api/v3/financial?businessId=3576346-2&financialDate=2025-12-31
40,3576346-2,Kukkakioski Kaunokki Oy,2025-12-31,2026-03-26,instant,,2025-12-31,x1769,Lyhytaikaiset myyntisaamiset,mi53,Kirjanpitoarvo,1209.53,ISO4217_EUR,2,MCY=x1769,https://avoindata.prh.fi/opendata-xbrl-api/v3/financial?businessId=3576346-2&financialDate=2025-12-31
40,3576346-2,Kukkakioski Kaunokki Oy,2025-12-31,2026-03-26,instant,,2025-12-31,x1771,Lyhytaikaiset muut saamiset,mi53,Kirjanpitoarvo,8789.43,ISO4217_EUR,2,MCY=x1771,https://avoindata.prh.fi/opendata-xbrl-api/v3/financial?businessId=3576346-2&financialDate=2025-12-31
40,3576346-2,Kukkakioski Kaunokki Oy,2025-12-31,2026-03-26,instant,,2025-12-31,x1775,Lyhytaikaiset siirtosaamiset,mi53,Kirjanpitoarvo,674.60,ISO4217_EUR,2,MCY=x1775,https://avoindata.prh.fi/opendata-xbrl-api/v3/financial?businessId=3576346-2&financialDate=2025-12-31
40,3576346-2,Kukkakioski Kaunokki Oy,2025-12-31,2026-03-26,instant,,2025-12-31,x1768,Lyhytaikaiset saamiset,mi53,Kirjanpitoarvo,10673.56,ISO4217_EUR,2,MCY=x1768,https://avoindata.prh.fi/opendata-xbrl-api/v3/financial?businessId=3576346-2&financialDate=2025-12-31
40,3576346-2,Kukkakioski Kaunokki Oy,2025-12-31,2026-03-26,instant,,2025-12-31,x438,Saamiset,mi53,Kirjanpitoarvo,10673.56,ISO4217_EUR,2,MCY=x438,https://avoindata.prh.fi/opendata-xbrl-api/v3/financial?businessId=3576346-2&financialDate=2025-12-31
40,3576346-2,Kukkakioski Kaunokki Oy,2025-12-31,2026-03-26,instant,,2025-12-31,x399,Rahat ja pankkisaamiset,mi53,Kirjanpitoarvo,23933.85,ISO4217_EUR,2,MCY=x399,https://avoindata.prh.fi/opendata-xbrl-api/v3/financial?businessId=3576346-2&financialDate=2025-12-31
40,3576346-2,Kukkakioski Kaunokki Oy,2025-12-31,2026-03-26,instant,,2025-12-31,x435,Vaihtuvat vastaavat,mi53,Kirjanpitoarvo,35975.33,ISO4217_EUR,2,MCY=x435,https://avoindata.prh.fi/opendata-xbrl-api/v3/financial?businessId=3576346-2&financialDate=2025-12-31
40,3576346-2,Kukkakioski Kaunokki Oy,2025-12-31,2026-03-26,instant,,2025-12-31,x360,Vastaavaa,mi53,Kirjanpitoarvo,55809.07,ISO4217_EUR,2,MCY=x360,https://avoindata.prh.fi/opendata-xbrl-api/v3/financial?businessId=3576346-2&financialDate=2025-12-31
40,3576346-2,Kukkakioski Kaunokki Oy,2025-12-31,2026-03-26,instant,,2025-12-31,x2895,"Tilikauden voitto (tappio), oma pääoma",mi53,Kirjanpitoarvo,-6065.03,ISO4217_EUR,2,MCY=x2895,https://avoindata.prh.fi/opendata-xbrl-api/v3/financial?businessId=3576346-2&financialDate=2025-12-31
40,3576346-2,Kukkakioski Kaunokki Oy,2025-12-31,2026-03-26,instant,,2025-12-31,x376,Oma pääoma,mi53,Kirjanpitoarvo,-6065.03,ISO4217_EUR,2,MCY=x376,https://avoindata.prh.fi/opendata-xbrl-api/v3/financial?businessId=3576346-2&financialDate=2025-12-31
40,3576346-2,Kukkakioski Kaunokki Oy,2025-12-31,2026-03-26,instant,,2025-12-31,x2233,Pitkäaikaiset muut velat,mi53,Kirjanpitoarvo,50001.15,ISO4217_EUR,2,MCY=x2233,https://avoindata.prh.fi/opendata-xbrl-api/v3/financial?businessId=3576346-2&financialDate=2025-12-31
40,3576346-2,Kukkakioski Kaunokki Oy,2025-12-31,2026-03-26,instant,,2025-12-31,x1830,Pitkäaikainen vieras pääoma,mi53,Kirjanpitoarvo,50001.15,ISO4217_EUR,2,MCY=x1830,https://avoindata.prh.fi/opendata-xbrl-api/v3/financial?businessId=3576346-2&financialDate=2025-12-31
40,3576346-2,Kukkakioski Kaunokki Oy,2025-12-31,2026-03-26,instant,,2025-12-31,x1819,Lyhytaikaiset ostovelat,mi53,Kirjanpitoarvo,10831.57,ISO4217_EUR,2,MCY=x1819,https://avoindata.prh.fi/opendata-xbrl-api/v3/financial?businessId=3576346-2&financialDate=2025-12-31
40,3576346-2,Kukkakioski Kaunokki Oy,2025-12-31,2026-03-26,instant,,2025-12-31,x1825,Lyhytaikaiset muut velat,mi53,Kirjanpitoarvo,339.14,ISO4217_EUR,2,MCY=x1825,https://avoindata.prh.fi/opendata-xbrl-api/v3/financial?businessId=3576346-2&financialDate=2025-12-31
40,3576346-2,Kukkakioski Kaunokki Oy,2025-12-31,2026-03-26,instant,,2025-12-31,x1826,Lyhytaikaiset siirtovelat,mi53,Kirjanpitoarvo,702.24,ISO4217_EUR,2,MCY=x1826,https://avoindata.prh.fi/opendata-xbrl-api/v3/financial?businessId=3576346-2&financialDate=2025-12-31
40,3576346-2,Kukkakioski Kaunokki Oy,2025-12-31,2026-03-26,instant,,2025-12-31,x1811,Lyhytaikainen vieras pääoma,mi53,Kirjanpitoarvo,11872.95,ISO4217_EUR,2,MCY=x1811,https://avoindata.prh.fi/opendata-xbrl-api/v3/financial?businessId=3576346-2&financialDate=2025-12-31
40,3576346-2,Kukkakioski Kaunokki Oy,2025-12-31,2026-03-26,instant,,2025-12-31,x424,Vieras pääoma,mi53,Kirjanpitoarvo,61874.10,ISO4217_EUR,2,MCY=x424,https://avoindata.prh.fi/opendata-xbrl-api/v3/financial?businessId=3576346-2&financialDate=2025-12-31
40,3576346-2,Kukkakioski Kaunokki Oy,2025-12-31,2026-03-26,instant,,2025-12-31,x481,Vastattavaa,mi53,Kirjanpitoarvo,55809.07,ISO4217_EUR,2,MCY=x481,https://avoindata.prh.fi/opendata-xbrl-api/v3/financial?businessId=3576346-2&financialDate=2025-12-31
40,3576346-2,Kukkakioski Kaunokki Oy,2025-12-31,2026-03-26,instant,,2025-12-31,x673,Liikevaihto,md103,Tilikauden rahallinen kertymä,16601.69,ISO4217_EUR,2,MCY=x673,https://avoindata.prh.fi/opendata-xbrl-api/v3/financial?businessId=3576346-2&financialDate=2025-12-31
40,3576346-2,Kukkakioski Kaunokki Oy,2025-12-31,2026-03-26,instant,,2025-12-31,x755,Ostot tilikauden aikana,md103,Tilikauden rahallinen kertymä,12268.36,ISO4217_EUR,2,MCY=x755,https://avoindata.prh.fi/opendata-xbrl-api/v3/financial?businessId=3576346-2&financialDate=2025-12-31
40,3576346-2,Kukkakioski Kaunokki Oy,2025-12-31,2026-03-26,instant,,2025-12-31,x544,Varastojen lisäys (+) tai vähennys (-),md103,Tilikauden rahallinen kertymä,-1367.92,ISO4217_EUR,2,MCY=x544,https://avoindata.prh.fi/opendata-xbrl-api/v3/financial?businessId=3576346-2&financialDate=2025-12-31
40,3576346-2,Kukkakioski Kaunokki Oy,2025-12-31,2026-03-26,instant,,2025-12-31,x758,Materiaalit ja palvelut,md103,Tilikauden rahallinen kertymä,10900.44,ISO4217_EUR,2,MCY=x758,https://avoindata.prh.fi/opendata-xbrl-api/v3/financial?businessId=3576346-2&financialDate=2025-12-31
40,3576346-2,Kukkakioski Kaunokki Oy,2025-12-31,2026-03-26,instant,,2025-12-31,x6,Palkat ja palkkiot,md103,Tilikauden rahallinen kertymä,1935.39,ISO4217_EUR,2,MCY=x6,https://avoindata.prh.fi/opendata-xbrl-api/v3/financial?businessId=3576346-2&financialDate=2025-12-31
40,3576346-2,Kukkakioski Kaunokki Oy,2025-12-31,2026-03-26,instant,,2025-12-31,x8,Eläkekulut,md103,Tilikauden rahallinen kertymä,302.41,ISO4217_EUR,2,MCY=x8,https://avoindata.prh.fi/opendata-xbrl-api/v3/financial?businessId=3576346-2&financialDate=2025-12-31
40,3576346-2,Kukkakioski Kaunokki Oy,2025-12-31,2026-03-26,instant,,2025-12-31,x9,Muut henkilösivukulut,md103,Tilikauden rahallinen kertymä,76.25,ISO4217_EUR,2,MCY=x9,https://avoindata.prh.fi/opendata-xbrl-api/v3/financial?businessId=3576346-2&financialDate=2025-12-31
40,3576346-2,Kukkakioski Kaunokki Oy,2025-12-31,2026-03-26,instant,,2025-12-31,x5,Henkilöstökulut,md103,Tilikauden rahallinen kertymä,2314.05,ISO4217_EUR,2,MCY=x5,https://avoindata.prh.fi/opendata-xbrl-api/v3/financial?businessId=3576346-2&financialDate=2025-12-31
40,3576346-2,Kukkakioski Kaunokki Oy,2025-12-31,2026-03-26,instant,,2025-12-31,x1869,Liiketoiminnan muut kulut,md103,Tilikauden rahallinen kertymä,9452.23,ISO4217_EUR,2,MCY=x1869,https://avoindata.prh.fi/opendata-xbrl-api/v3/financial?businessId=3576346-2&financialDate=2025-12-31
40,3576346-2,Kukkakioski Kaunokki Oy,2025-12-31,2026-03-26,instant,,2025-12-31,x689,Liikevoitto (-tappio),md103,Tilikauden rahallinen kertymä,-6065.03,ISO4217_EUR,2,MCY=x689,https://avoindata.prh.fi/opendata-xbrl-api/v3/financial?businessId=3576346-2&financialDate=2025-12-31
40,3576346-2,Kukkakioski Kaunokki Oy,2025-12-31,2026-03-26,instant,,2025-12-31,x738,Voitto (tappio) ennen tilinpäätössiirtoja ja veroja,md103,Tilikauden rahallinen kertymä,-6065.03,ISO4217_EUR,2,MCY=x738,https://avoindata.prh.fi/opendata-xbrl-api/v3/financial?businessId=3576346-2&financialDate=2025-12-31
40,3576346-2,Kukkakioski Kaunokki Oy,2025-12-31,2026-03-26,instant,,2025-12-31,x740,Tilikauden voitto (tappio),md103,Tilikauden rahallinen kertymä,-6065.03,ISO4217_EUR,2,MCY=x740,https://avoindata.prh.fi/opendata-xbrl-api/v3/financial?businessId=3576346-2&financialDate=2025-12-31
